rescue_candidate	mapping_hit	alignment_type	alignment_score
PB.30357.1	ENST00000657965.1	0	1051
PB.30357.1	ENST00000413768.5	2048	695
PB.30357.1	ENST00000437781.5	256	652
PB.30357.1	PB.164508.1	256	647
PB.124736.1	PB.8631.2	0	2848
PB.30357.2	ENST00000661115.1	0	1922
PB.30357.2	PB.130815.4	256	1747
PB.15672.2	ENST00000437781.5	0	2166
PB.15672.2	PB.164508.1	256	2166
PB.15672.2	PB.30357.3	256	1715
PB.15672.2	ENST00000413768.5	256	1894
PB.15672.2	PB.143795.2	256	1654
PB.137290.1	ENST00000447898.5	0	2563
PB.137290.1	PB.143795.2	256	2429
PB.137290.1	PB.164508.3	256	2427
PB.137290.1	ENST00000437781.5	256	2193
PB.137290.1	PB.164508.1	256	2186
PB.124736.3	ENST00000447898.5	0	2938
PB.124736.3	PB.143795.2	256	2534
PB.124736.3	PB.164508.3	256	2427
PB.124736.3	ENST00000661115.1	2048	480
PB.124736.3	PB.111549.1	2048	389
PB.124736.3	PB.111549.2	256	425
PB.124736.3	PB.8631.2	256	370
PB.124736.4	ENST00000447898.5	0	2730
PB.124736.4	PB.143795.2	256	2452
PB.124736.4	PB.164508.3	256	2337
PB.124736.4	ENST00000437781.5	256	2190
PB.124736.4	PB.164508.1	256	2178
PB.124736.4	ENST00000413768.5	2048	1808
PB.130815.3	PB.143795.2	0	2810
PB.130815.3	ENST00000447898.5	256	2805
PB.130815.3	PB.164508.3	256	2427
PB.3796.1	PB.8631.2	0	3091
PB.83094.2	ENST00000437781.5	0	740
PB.83094.2	PB.164508.1	256	735
PB.83094.2	ENST00000413768.5	256	632
PB.83094.3	ENST00000413768.5	0	691
PB.83094.3	ENST00000437781.5	256	648
PB.83094.3	PB.164508.1	256	643
PB.137290.2	PB.143795.2	0	2510
PB.137290.2	ENST00000447898.5	256	2573
PB.137290.2	PB.164508.3	256	2427
PB.137290.2	ENST00000437781.5	256	2306
PB.137290.2	PB.164508.1	256	2294
PB.143795.3	ENST00000447898.5	0	2710
PB.143795.3	PB.143795.2	256	2342
PB.143795.3	PB.164508.3	256	2336
PB.137290.3	ENST00000447898.5	0	2804
PB.137290.3	PB.143795.2	256	2566
PB.137290.3	PB.164508.3	256	2427
PB.3796.2	PB.8631.2	0	4006
PB.164508.2	ENST00000447898.5	0	2265
PB.164508.2	PB.143795.2	256	2265
PB.164508.2	PB.164508.3	256	2265
PB.143795.4	ENST00000447898.5	0	2712
PB.143795.4	PB.143795.2	256	2337
PB.143795.4	PB.164508.3	256	2337
PB.130815.5	ENST00000447898.5	0	2712
PB.130815.5	PB.143795.2	256	2553
PB.130815.5	PB.164508.3	256	2337
PB.130815.6	ENST00000657965.1	0	1120
PB.111551.1	ENST00000447898.5	0	570
PB.143797.1	ENST00000319363.11	0	2818
PB.143797.1	ENST00000612619.1	256	2636
PB.143797.1	PB.150482.1	256	2626
PB.130817.2	ENST00000319363.11	0	3227
PB.130817.2	ENST00000612619.1	256	3079
PB.130817.2	PB.150482.1	256	2552
PB.137291.1	ENST00000319363.11	0	2562
PB.137291.1	ENST00000612619.1	256	2377
PB.137291.1	PB.150482.1	256	2370
PB.157382.1	ENST00000612619.1	0	260
PB.157382.1	PB.150482.1	256	260
PB.157382.1	ENST00000319363.11	256	260
PB.157383.1	ENST00000319363.11	0	2529
PB.157383.1	ENST00000612619.1	256	2306
PB.30360.1	PB.22970.1	0	1719
PB.30360.1	PB.137292.1	256	953
PB.30360.1	PB.37826.1	256	1514
PB.118864.1		4	0
PB.45357.3	PB.45357.1	0	1698
PB.45357.3	PB.30360.2	256	1653
PB.45357.3	ENST00000336737.8	256	1653
PB.45357.3	PB.45357.4	256	1581
PB.45357.3	PB.45357.2	256	1602
PB.45357.3	PB.37826.1	256	1550
PB.75667.1	ENST00000253413.10	0	1161
PB.75667.1	ENST00000399796.6	256	953
PB.75667.1	PB.83098.2	256	1033
PB.75667.1	ENST00000399798.6	256	902
PB.68187.1	PB.130819.2	0	688
PB.68187.1	PB.130819.3	256	687
PB.137294.6	PB.130819.6	0	3112
PB.137294.6	ENST00000317582.10	256	3112
PB.137294.6	ENST00000618481.4	256	3043
PB.137294.6	ENST00000418951.6	256	2946
PB.137294.6	PB.130819.4	256	2945
PB.137294.6	PB.130819.2	256	2942
PB.45360.1	ENST00000317361.11	0	1716
PB.45360.1	ENST00000614949.4	256	1716
PB.45360.1	ENST00000622694.5	256	1716
PB.45360.1	ENST00000399765.5	256	1683
PB.3799.2	ENST00000414725.6	0	4562
PB.75670.1	PB.157386.1	0	622
PB.75670.1	ENST00000399744.8	256	617
PB.150483.1	ENST00000399744.8	0	1283
PB.150483.1	ENST00000329627.11	256	981
PB.45363.1	PB.30364.2	0	1506
PB.45363.1	ENST00000215794.8	256	1530
PB.45363.1	PB.37831.1	256	1530
PB.68191.2	PB.52887.1	0	1341
PB.68191.2	PB.52887.2	256	1286
PB.68191.2	ENST00000610959.4	256	585
PB.68191.2	PB.150503.1	256	1321
PB.68191.2	PB.23004.1	256	1321
PB.68191.2	ENST00000486209.5	256	594
PB.8639.2	ENST00000263196.12	0	4287
PB.8639.2	ENST00000545799.5	256	4286
PB.8639.2	ENST00000537045.5	256	4034
PB.8639.2	PB.8639.6	256	3768
PB.8639.2	PB.88761.1	256	3470
PB.137296.1	ENST00000263196.12	0	3053
PB.137296.1	ENST00000537045.5	256	3053
PB.137296.1	ENST00000545799.5	256	3053
PB.137296.1	PB.88761.1	256	2838
PB.137296.1	PB.8639.6	256	2834
PB.8639.5	ENST00000545799.5	0	4175
PB.8639.5	ENST00000263196.12	256	4168
PB.8639.5	ENST00000537045.5	256	3903
PB.8639.5	PB.8639.6	256	3698
PB.8639.5	PB.88761.1	256	3379
PB.8639.7	ENST00000545799.5	0	4359
PB.8639.7	ENST00000263196.12	256	4352
PB.8639.7	ENST00000537045.5	256	4087
PB.8639.7	PB.8639.6	256	3883
PB.8639.7	PB.88761.1	256	3563
PB.88761.3	ENST00000545799.5	0	3824
PB.88761.3	ENST00000263196.12	256	3824
PB.88761.3	ENST00000537045.5	256	3824
PB.88761.3	PB.8639.6	256	3324
PB.88761.3	PB.88761.1	256	3018
PB.137296.2	ENST00000545799.5	0	3093
PB.137296.2	ENST00000263196.12	256	3093
PB.137296.2	ENST00000537045.5	256	3093
PB.137296.2	PB.88761.1	256	2835
PB.137296.2	PB.8639.6	256	2832
PB.8639.8	ENST00000263196.12	0	4054
PB.8639.8	ENST00000545799.5	256	4049
PB.8639.8	ENST00000537045.5	256	3797
PB.8639.8	PB.8639.6	256	3536
PB.8639.8	PB.88761.1	256	3237
PB.150485.3	ENST00000537045.5	0	2643
PB.150485.3	PB.143804.2	256	2626
PB.150485.3	ENST00000545799.5	256	2494
PB.150485.3	ENST00000263196.12	256	2482
PB.150485.3	PB.8639.6	256	2018
PB.150485.3	PB.88761.1	256	1698
PB.22978.1	ENST00000263196.12	0	2147
PB.22978.1	ENST00000545799.5	256	2147
PB.22978.1	PB.22978.2	256	2085
PB.22978.1	PB.143804.2	256	1875
PB.22978.1	ENST00000537045.5	256	1875
PB.22978.1	PB.8639.6	256	1671
PB.60588.1	ENST00000263196.12	0	1208
PB.60588.1	PB.22978.2	256	1208
PB.60588.1	PB.88761.1	256	1185
PB.60588.1	ENST00000545799.5	256	1188
PB.60588.1	PB.137296.4	256	1175
PB.60588.1	PB.8639.6	256	1175
PB.130824.2	ENST00000545799.5	0	1229
PB.130824.2	PB.88761.1	256	1223
PB.130824.2	ENST00000263196.12	256	1212
PB.130824.2	PB.8639.6	256	1199
PB.130824.2	PB.22978.2	256	1207
PB.130824.2	PB.137296.4	256	1194
PB.30368.1	PB.8639.6	0	761
PB.30368.1	PB.137296.4	256	761
PB.30368.1	PB.88761.1	256	747
PB.30368.1	ENST00000545799.5	256	737
PB.30368.1	ENST00000263196.12	256	723
PB.30368.1	PB.22978.2	256	718
PB.118872.1	PB.52891.1	0	216
PB.118872.1	PB.60590.1	256	216
PB.118872.1	PB.30370.1	256	216
PB.118872.1	PB.96076.1	256	216
PB.118872.1	ENST00000215882.10	256	216
PB.118872.1	PB.60590.2	256	216
PB.8641.1	ENST00000263208.5	0	3757
PB.8641.1	ENST00000340170.8	256	2489
PB.124747.1		4	0
PB.60592.2		4	0
PB.30372.2		4	0
PB.88763.1	PB.45368.1	0	703
PB.88763.1	PB.30374.5	256	690
PB.88763.1	PB.22985.1	256	684
PB.88763.1	PB.30374.6	256	674
PB.88763.1	PB.30374.8	256	669
PB.88763.1	PB.68198.2	256	669
PB.96081.1	PB.45369.1	0	762
PB.96081.1	ENST00000455843.5	256	762
PB.96081.1	PB.22986.3	256	762
PB.96081.1	PB.52896.1	256	762
PB.96081.1	PB.150487.1	256	762
PB.96081.1	PB.157393.2	256	762
PB.15679.1	PB.157393.1	0	2171
PB.15679.1	PB.157393.2	256	2060
PB.15679.1	PB.130828.1	256	2058
PB.15679.1	PB.150487.1	256	1987
PB.15679.1	PB.143807.1	256	1876
PB.15679.1	ENST00000455784.7	256	1692
PB.30375.1	ENST00000455784.7	0	1997
PB.30375.1	ENST00000455843.5	256	1893
PB.30375.1	PB.30375.3	256	1892
PB.30375.1	PB.22986.3	256	1854
PB.30375.1	ENST00000438754.6	256	1853
PB.30375.1	ENST00000406395.5	256	1912
PB.22986.2	ENST00000455843.5	0	2095
PB.22986.2	PB.15679.2	256	1984
PB.22986.2	PB.157393.1	256	1790
PB.22986.2	ENST00000438754.6	256	2055
PB.22986.2	PB.22986.3	256	2049
PB.22986.2	PB.164519.2	256	1826
PB.118876.1	PB.143807.1	0	293
PB.118876.1	PB.52896.1	256	293
PB.118876.1	PB.30375.3	256	293
PB.118876.1	PB.15679.2	256	293
PB.118876.1	PB.150487.1	256	293
PB.118876.1	ENST00000438754.6	256	293
PB.52897.2	ENST00000403325.5	0	1433
PB.52897.2	PB.60595.2	256	1481
PB.52897.2	ENST00000329517.11	256	1397
PB.52897.2	PB.60595.1	256	1397
PB.52897.2	PB.60595.3	256	1124
PB.124752.1	ENST00000327374.9	0	2844
PB.164521.3	PB.164521.4	0	679
PB.164521.3	ENST00000327374.9	256	679
PB.164521.3	PB.15682.4	256	619
PB.164521.3	PB.22989.7	256	506
PB.164521.3	PB.22989.5	256	449
PB.164521.3	ENST00000401833.5	256	451
PB.22989.4	PB.22989.5	0	2027
PB.22989.4	ENST00000327374.9	256	1886
PB.22989.4	PB.15682.4	256	1826
PB.22989.4	PB.164521.4	256	1704
PB.22989.4	PB.30378.4	256	1864
PB.22989.4	PB.22989.7	256	1758
PB.130830.1	ENST00000327374.9	0	2601
PB.30378.7	PB.22989.3	0	1901
PB.30378.7	ENST00000456048.5	256	1901
PB.30378.7	PB.164521.1	256	1901
PB.30378.7	ENST00000327374.9	256	1901
PB.30378.7	PB.15682.4	256	1841
PB.30378.7	PB.15682.5	256	1719
PB.96085.1	PB.8643.2	0	860
PB.96085.1	ENST00000383024.6	256	860
PB.96085.1	PB.88765.2	256	860
PB.96085.1	PB.22991.1	256	860
PB.96085.1	PB.37841.1	256	860
PB.96085.1	PB.130831.1	256	860
PB.130832.2	ENST00000403707.7	0	2022
PB.130832.2	PB.130832.3	256	2096
PB.130832.2	ENST00000252136.12	256	1930
PB.130832.2	PB.137304.5	256	1839
PB.130832.2	PB.143812.4	256	1518
PB.130832.2	PB.157398.5	256	1607
PB.150492.3	ENST00000403707.7	0	2686
PB.150492.3	ENST00000252136.12	256	2654
PB.150492.3	PB.164523.2	256	2257
PB.150492.3	PB.157398.1	256	2226
PB.150492.3	ENST00000404751.7	256	2177
PB.150492.3	PB.157398.5	256	2143
PB.143812.3	ENST00000252136.12	0	2436
PB.143812.3	ENST00000403707.7	256	2423
PB.143812.3	PB.143812.5	256	2156
PB.143812.3	PB.150492.9	256	2270
PB.143812.3	PB.150492.8	256	2140
PB.143812.3	PB.150492.5	256	2041
PB.150492.4	ENST00000252136.12	0	2614
PB.150492.4	ENST00000403707.7	256	2363
PB.150492.4	PB.157398.5	256	2135
PB.150492.4	PB.157398.1	256	2184
PB.150492.4	ENST00000404751.7	256	2143
PB.150492.4	ENST00000439169.2	256	2093
PB.157398.2	ENST00000404751.7	0	2330
PB.157398.2	PB.130832.3	256	1652
PB.157398.2	PB.157398.1	256	2286
PB.157398.2	ENST00000252136.12	256	2286
PB.157398.2	PB.150492.6	256	2036
PB.157398.2	PB.157398.5	256	2204
PB.15684.4	PB.164523.2	0	2261
PB.15684.4	ENST00000403707.7	256	2261
PB.15684.4	ENST00000404751.7	256	2228
PB.15684.4	PB.157398.1	256	2158
PB.15684.4	ENST00000252136.12	256	2158
PB.15684.4	PB.157398.5	256	2076
PB.164523.1	PB.157398.5	0	2275
PB.164523.1	ENST00000439169.2	256	2243
PB.164523.1	PB.157398.1	256	2143
PB.164523.1	ENST00000252136.12	256	2143
PB.164523.1	PB.164523.2	256	2198
PB.164523.1	ENST00000403707.7	256	2198
PB.15684.6	PB.164523.2	0	2083
PB.15684.6	ENST00000403707.7	256	2083
PB.15684.6	ENST00000252136.12	256	1934
PB.15684.6	PB.157398.1	256	1934
PB.15684.6	PB.157398.5	256	1878
PB.15684.6	ENST00000404751.7	256	1886
PB.164523.3	ENST00000252136.12	0	2197
PB.164523.3	PB.157398.1	256	2195
PB.164523.3	ENST00000404751.7	256	2168
PB.164523.3	PB.157398.5	256	2128
PB.164523.3	PB.150492.6	256	1943
PB.164523.3	ENST00000439169.2	256	2079
PB.157398.4	ENST00000252136.12	0	2335
PB.157398.4	PB.157398.1	256	2335
PB.157398.4	ENST00000404751.7	256	2313
PB.157398.4	PB.157398.5	256	2255
PB.157398.4	PB.150492.6	256	2085
PB.157398.4	ENST00000439169.2	256	2223
PB.157398.3	PB.143812.4	0	2043
PB.157398.3	ENST00000403707.7	256	2161
PB.157398.3	PB.164523.2	256	2158
PB.157398.3	PB.137304.5	256	1697
PB.157398.3	PB.130832.3	256	1554
PB.157398.3	PB.157398.5	256	2108
PB.164523.4	PB.137304.5	0	1792
PB.164523.4	PB.130832.3	256	1650
PB.164523.4	PB.157398.5	256	2203
PB.164523.4	PB.143812.4	256	1919
PB.164523.4	ENST00000439169.2	256	2172
PB.164523.4	ENST00000252136.12	256	2095
PB.96086.2	ENST00000402752.5	0	547
PB.96086.2	PB.83116.3	256	583
PB.96086.2	PB.83116.2	256	535
PB.96086.2	PB.96086.3	256	569
PB.96086.2	PB.83116.5	256	531
PB.96086.4	PB.83116.2	0	730
PB.96086.4	ENST00000331821.7	256	703
PB.96086.4	ENST00000402752.5	256	715
PB.96086.4	PB.83116.5	256	618
PB.96086.4	PB.96086.3	256	762
PB.96086.4	PB.83116.3	256	655
PB.96086.5	ENST00000402752.5	0	619
PB.96086.5	PB.83116.2	256	607
PB.96086.5	PB.83116.3	256	655
PB.96086.5	PB.83116.5	256	528
PB.96086.5	ENST00000430524.6	256	498
PB.96086.5	PB.96086.3	256	527
PB.96086.6	ENST00000402752.5	0	896
PB.96086.6	PB.83116.2	256	884
PB.96086.6	PB.83116.5	256	805
PB.96086.6	PB.83116.3	256	762
PB.96086.6	ENST00000430524.6	256	776
PB.96086.6	PB.96086.3	256	841
PB.96086.7	ENST00000430524.6	0	826
PB.96086.7	PB.83116.2	256	826
PB.96086.7	PB.83116.5	256	826
PB.96086.7	PB.60600.2	256	826
PB.96086.7	PB.83116.7	256	811
PB.96086.7	ENST00000402752.5	256	811
PB.118882.3	PB.83116.3	0	364
PB.118882.3	PB.60600.4	256	364
PB.118882.3	PB.96086.3	256	364
PB.118882.3	ENST00000430524.6	256	364
PB.118882.3	PB.83116.5	256	364
PB.118882.3	PB.37843.1	256	364
PB.157400.1	ENST00000320602.11	0	2638
PB.157400.1	ENST00000334554.12	256	2638
PB.164524.1	ENST00000334554.12	0	2367
PB.164524.1	ENST00000320602.11	256	2367
PB.15686.1	ENST00000334554.12	0	2238
PB.15686.1	ENST00000320602.11	256	2238
PB.45374.1	ENST00000320602.11	0	1759
PB.45374.1	ENST00000334554.12	256	1759
PB.45375.1	ENST00000043402.8	0	1696
PB.45375.1	PB.30383.1	256	1694
PB.8645.1	ENST00000403682.7	0	510
PB.8645.1	PB.137306.1	256	509
PB.8645.1	PB.124755.1	256	509
PB.8645.1	ENST00000400451.7	256	509
PB.8645.1	PB.124755.2	256	489
PB.8645.1	PB.8645.2	256	484
PB.164525.2	ENST00000400451.7	0	2415
PB.164525.2	ENST00000611540.4	256	2415
PB.164525.2	PB.124755.1	256	2415
PB.164525.2	PB.8645.2	256	2415
PB.164525.2	PB.124755.2	256	2414
PB.52905.1	PB.157402.1	0	352
PB.52905.1	PB.164526.1	256	333
PB.52905.1	ENST00000328879.9	256	296
PB.137307.5	PB.130835.4	0	3031
PB.137307.5	ENST00000292733.11	256	3011
PB.137307.5	PB.130835.6	256	2916
PB.137307.5	PB.130835.5	256	2873
PB.137307.5	PB.124756.4	256	2866
PB.137307.5	PB.137307.6	256	2980
PB.143814.1	PB.137307.2	0	2623
PB.143814.1	PB.130835.2	256	2511
PB.143814.1	PB.130835.4	256	2460
PB.143814.1	PB.130835.3	256	2391
PB.143814.1	ENST00000292733.11	256	2440
PB.143814.1	PB.137307.11	256	2472
PB.150496.1	PB.143814.3	0	2711
PB.150496.1	PB.137307.3	256	2711
PB.150496.1	PB.137307.4	256	2710
PB.150496.1	PB.130835.4	256	2710
PB.150496.1	PB.143814.4	256	2709
PB.150496.1	PB.137307.1	256	2565
PB.164527.1	PB.137307.4	0	2251
PB.164527.1	ENST00000292733.11	256	2251
PB.164527.1	PB.130835.4	256	2251
PB.164527.1	PB.137307.3	256	2251
PB.164527.1	PB.143814.3	256	2250
PB.164527.1	PB.143814.4	256	2250
PB.157403.1	PB.130835.4	0	2302
PB.157403.1	ENST00000292733.11	256	2302
PB.157403.1	PB.137307.4	256	2302
PB.157403.1	PB.137307.3	256	2302
PB.157403.1	PB.143814.3	256	2300
PB.157403.1	PB.143814.4	256	2300
PB.22996.1	PB.124756.1	0	2099
PB.22996.1	PB.130835.6	256	2098
PB.22996.1	PB.143814.8	256	2098
PB.22996.1	PB.124756.4	256	1903
PB.22996.1	PB.157403.2	256	1900
PB.22996.1	PB.137307.8	256	1899
PB.130836.3	PB.3810.5	0	3388
PB.130836.3	PB.124757.1	256	3388
PB.130836.3	PB.88768.1	256	3388
PB.130836.3	PB.8646.1	256	3388
PB.130836.3	PB.3810.4	256	3388
PB.130836.3	ENST00000255882.11	256	3388
PB.96093.2	PB.83121.1	0	820
PB.96093.2	ENST00000215730.12	256	820
PB.96093.2	PB.83121.2	256	743
PB.96093.2	PB.96093.3	256	596
PB.96093.2	PB.96093.1	256	577
PB.111574.1	ENST00000444039.1	0	431
PB.88771.2	ENST00000646124.2	0	3897
PB.88771.2	PB.8649.2	256	3473
PB.88771.2	PB.3812.2	256	2864
PB.88771.2	PB.3812.1	256	2350
PB.8649.5	ENST00000646124.2	0	4073
PB.8649.5	PB.8649.2	256	3675
PB.8649.5	PB.3812.2	256	3066
PB.8649.5	PB.3812.1	256	2526
PB.8649.6	ENST00000646124.2	0	4145
PB.8649.6	PB.8649.2	256	3721
PB.8649.6	PB.3812.2	256	3112
PB.8649.6	PB.3812.1	256	2598
PB.23001.2	PB.8649.2	0	2201
PB.23001.2	ENST00000646124.2	256	2007
PB.23001.2	PB.164532.2	256	2007
PB.23001.2	PB.137310.2	256	2007
PB.23001.2	PB.3812.1	256	2007
PB.23001.2	PB.164532.1	256	2006
PB.75692.2	PB.75692.3	0	1096
PB.75692.2	PB.83123.2	256	958
PB.75692.2	PB.83123.1	256	957
PB.75692.2	ENST00000399133.2	256	956
PB.75692.2	PB.45384.1	256	802
PB.75692.2	PB.23002.3	256	562
PB.52911.1	PB.45384.1	0	1430
PB.52911.1	PB.23002.3	256	1190
PB.60607.2	PB.45384.1	0	1425
PB.60607.2	PB.23002.3	256	1185
PB.37852.2	ENST00000292748.7	0	1366
PB.52912.1	ENST00000292748.7	0	917
PB.15694.1		4	0
PB.96098.1	ENST00000407464.7	0	1583
PB.96098.1	ENST00000443632.2	256	1583
PB.96099.1	ENST00000407464.7	0	790
PB.96099.1	ENST00000443632.2	256	790
PB.164534.1	PB.150503.2	0	1273
PB.164534.1	PB.52887.2	256	1543
PB.164534.1	ENST00000611748.1	2048	430
PB.23004.2	PB.150503.1	0	1683
PB.23004.2	PB.15696.1	256	2087
PB.23004.2	PB.30396.1	256	2037
PB.23004.2	ENST00000450651.5	256	1818
PB.23004.2	ENST00000360806.9	256	1898
PB.83126.1	ENST00000611748.1	0	1015
PB.157411.1	ENST00000486209.5	0	1170
PB.157411.1	ENST00000611748.1	2048	601
PB.37853.1	ENST00000611748.1	0	1702
PB.37853.1	ENST00000450651.5	256	1306
PB.37853.1	PB.15696.1	256	1297
PB.37853.1	PB.150503.1	256	1281
PB.45387.1	ENST00000611748.1	0	1759
PB.45387.1	ENST00000450651.5	256	1363
PB.45387.1	PB.15696.1	256	1352
PB.45387.1	PB.150503.1	256	1336
PB.150503.3	PB.15696.1	0	380
PB.150503.3	ENST00000450651.5	256	380
PB.150503.3	PB.30396.1	256	332
PB.150503.3	PB.23004.1	256	332
PB.150503.3	ENST00000360806.9	256	332
PB.150503.3	PB.150503.1	256	332
PB.103709.1	PB.52915.2	0	585
PB.103709.1	ENST00000545681.2	256	585
PB.103709.1	ENST00000458578.6	256	545
PB.103709.1	ENST00000342192.9	256	545
PB.103709.1	PB.96101.2	256	410
PB.52915.3	ENST00000342192.9	0	1636
PB.52915.3	ENST00000458578.6	256	1586
PB.52915.3	PB.52915.2	256	1488
PB.52915.3	ENST00000545681.2	256	1488
PB.15697.1	ENST00000342192.9	0	2131
PB.15697.1	ENST00000458578.6	256	2083
PB.15697.1	ENST00000545681.2	256	1985
PB.103710.1	ENST00000342192.9	0	614
PB.103710.1	ENST00000545681.2	256	614
PB.103710.1	PB.52915.2	256	614
PB.103710.1	ENST00000458578.6	256	614
PB.103710.1	PB.137312.1	272	614
PB.88773.1	PB.68214.4	0	721
PB.88773.1	PB.68214.2	256	606
PB.88773.1	ENST00000292778.11	256	695
PB.88773.1	PB.75695.4	256	582
PB.88773.1	PB.83129.2	256	699
PB.88773.1	PB.75695.5	256	697
PB.60609.1	PB.68214.4	0	1096
PB.60609.1	ENST00000292778.11	256	1078
PB.60609.1	PB.68214.2	256	981
PB.60609.1	PB.75695.5	256	767
PB.60609.1	PB.83129.2	256	740
PB.60609.1	PB.75695.4	256	829
PB.60609.2	PB.68214.4	0	1111
PB.60609.2	ENST00000292778.11	256	1087
PB.60609.2	PB.68214.2	256	996
PB.60609.2	PB.75695.5	256	730
PB.60609.2	PB.83129.2	256	729
PB.60609.2	PB.75695.4	256	976
PB.75695.1	PB.75695.5	0	942
PB.75695.1	PB.83129.2	256	941
PB.75695.1	PB.75695.3	256	822
PB.75695.1	PB.68214.4	256	733
PB.75695.1	ENST00000292778.11	256	705
PB.75695.1	PB.68214.2	256	618
PB.75695.2	PB.68214.4	0	1164
PB.75695.2	ENST00000292778.11	256	1164
PB.75695.2	PB.68214.2	256	1052
PB.75695.2	PB.83129.3	256	1076
PB.75695.2	PB.75695.5	256	812
PB.75695.2	PB.75695.4	256	975
PB.60609.4	PB.68214.4	0	1066
PB.60609.4	ENST00000292778.11	256	1058
PB.60609.4	PB.68214.2	256	951
PB.60609.4	PB.83129.2	256	710
PB.60609.4	PB.75695.4	256	729
PB.60609.4	PB.75695.3	256	699
PB.52917.1	PB.68214.4	0	856
PB.52917.1	ENST00000292778.11	256	827
PB.52917.1	PB.68214.2	256	741
PB.52917.1	PB.75695.4	256	581
PB.52917.1	PB.83129.2	256	699
PB.52917.1	PB.75695.5	256	697
PB.52917.5	PB.68214.4	0	1002
PB.52917.5	ENST00000292778.11	256	973
PB.52917.5	PB.68214.2	256	887
PB.52917.5	PB.75695.4	256	727
PB.52917.5	PB.83129.2	256	699
PB.52917.5	PB.75695.5	256	697
PB.52917.3	PB.68214.4	0	969
PB.52917.3	ENST00000292778.11	256	940
PB.52917.3	PB.68214.2	256	854
PB.52917.3	PB.75695.4	256	830
PB.52917.3	PB.83129.2	256	697
PB.52917.3	PB.75695.5	256	695
PB.45389.2	PB.68214.4	0	865
PB.45389.2	ENST00000292778.11	256	836
PB.45389.2	PB.68214.2	256	750
PB.45389.2	PB.75695.4	256	726
PB.45389.2	PB.75695.5	256	697
PB.45389.2	PB.83129.2	256	697
PB.37856.1	PB.52918.1	0	1436
PB.83130.1	PB.52918.1	0	653
PB.83131.1		4	0
PB.88774.1	PB.157414.1	0	1014
PB.88774.1	PB.45390.1	256	1014
PB.88774.1	PB.150505.2	256	1014
PB.88774.1	ENST00000681338.1	256	1014
PB.88774.1	PB.8652.2	256	1014
PB.88774.1	PB.143822.1	256	1014
PB.143822.2	PB.143822.1	0	1316
PB.143822.2	PB.8652.2	256	1316
PB.143822.2	ENST00000679827.1	256	1134
PB.143822.2	ENST00000680061.1	256	1134
PB.143822.2	PB.45390.1	256	1134
PB.143822.2	PB.124765.1	256	1134
PB.45390.2	PB.150505.2	0	1287
PB.45390.2	ENST00000679534.1	256	1287
PB.45390.2	ENST00000681956.1	256	1287
PB.45390.2	ENST00000679540.1	256	1287
PB.45390.2	ENST00000335025.12	256	1287
PB.45390.2	PB.124765.2	256	1282
PB.150505.4	ENST00000679534.1	0	1217
PB.150505.4	PB.88774.3	256	1217
PB.150505.4	ENST00000681338.1	256	1217
PB.150505.4	PB.150505.1	256	1217
PB.150505.4	ENST00000680393.1	256	1217
PB.150505.4	ENST00000680094.1	256	1211
PB.150505.5	ENST00000335025.12	0	2621
PB.150505.5	ENST00000680061.1	256	2620
PB.150505.5	ENST00000681338.1	256	2603
PB.150505.5	ENST00000679477.1	256	2508
PB.150505.5	PB.143822.5	256	2506
PB.150505.5	PB.143822.1	256	2516
PB.103713.1	ENST00000679477.1	0	727
PB.103713.1	ENST00000681338.1	256	727
PB.103713.1	ENST00000680109.1	256	727
PB.103713.1	PB.157414.1	256	727
PB.103713.1	PB.143822.3	256	727
PB.103713.1	PB.88774.3	256	726
PB.3813.1	ENST00000215832.11	0	5048
PB.3813.1	PB.8654.1	256	4672
PB.3813.1	PB.88775.1	256	4125
PB.3814.2	ENST00000263212.10	0	4987
PB.3814.2	PB.8655.1	256	4775
PB.3814.2	ENST00000407142.5	256	4675
PB.3814.2	PB.88776.2	256	4118
PB.75701.1	PB.164538.1	0	1106
PB.75701.1	ENST00000263212.10	256	1102
PB.75701.1	ENST00000397495.8	256	1085
PB.75701.1	PB.68217.1	256	1013
PB.3814.4	PB.164538.1	0	881
PB.3814.4	PB.68217.1	256	876
PB.3814.4	ENST00000263212.10	256	864
PB.3814.4	ENST00000397495.8	256	847
PB.8656.1	PB.137316.2	0	1366
PB.8656.1	ENST00000357179.10	256	1366
PB.8656.1	PB.143826.5	256	1362
PB.8656.1	ENST00000398793.6	256	1362
PB.124768.2	ENST00000357179.10	0	1337
PB.124768.2	PB.143826.5	256	1335
PB.124768.2	PB.137316.2	256	1279
PB.124768.2	ENST00000398793.6	256	1275
PB.143826.2	ENST00000357179.10	0	2777
PB.143826.2	PB.143826.5	256	2777
PB.143826.2	PB.137316.2	256	2719
PB.143826.2	ENST00000398793.6	256	2715
PB.137316.1	ENST00000357179.10	0	2776
PB.137316.1	PB.137316.2	256	2775
PB.137316.1	PB.143826.5	256	2772
PB.137316.1	ENST00000398793.6	256	2771
PB.88777.1	ENST00000357179.10	0	1491
PB.88777.1	PB.143826.5	256	1491
PB.88777.1	PB.137316.2	256	1433
PB.88777.1	ENST00000398793.6	256	1429
PB.143826.1	ENST00000357179.10	0	2725
PB.143826.1	PB.143826.5	256	2725
PB.143826.1	PB.137316.2	256	2667
PB.143826.1	ENST00000398793.6	256	2663
PB.124768.1	PB.143826.5	0	1911
PB.124768.1	ENST00000357179.10	256	1911
PB.124768.1	PB.137316.2	256	1853
PB.124768.1	ENST00000398793.6	256	1849
PB.137316.3	PB.137316.2	0	2775
PB.137316.3	ENST00000357179.10	256	2775
PB.137316.3	PB.143826.5	256	2772
PB.137316.3	ENST00000398793.6	256	2771
PB.88777.3	ENST00000357179.10	0	1475
PB.88777.3	PB.143826.5	256	1472
PB.88777.3	PB.137316.2	256	1418
PB.88777.3	ENST00000398793.6	256	1414
PB.143826.3	PB.143826.5	0	2571
PB.143826.3	ENST00000357179.10	256	2570
PB.143826.3	PB.137316.2	256	2513
PB.143826.3	ENST00000398793.6	256	2509
PB.88777.2	PB.143826.5	0	1531
PB.88777.2	ENST00000357179.10	256	1530
PB.88777.2	PB.137316.2	256	1473
PB.88777.2	ENST00000398793.6	256	1469
PB.88777.4	PB.143826.5	0	1803
PB.88777.4	ENST00000357179.10	256	1802
PB.88777.4	PB.137316.2	256	1745
PB.88777.4	ENST00000398793.6	256	1741
PB.8656.2	ENST00000357179.10	0	1421
PB.8656.2	PB.143826.5	256	1421
PB.8656.2	PB.137316.2	256	1364
PB.8656.2	ENST00000398793.6	256	1361
PB.88777.5	PB.143826.5	0	1111
PB.88777.5	ENST00000357179.10	256	1109
PB.88777.5	PB.137316.2	256	1052
PB.88777.5	ENST00000398793.6	256	1049
PB.150507.1	PB.137316.2	0	2390
PB.150507.1	ENST00000398793.6	256	2387
PB.150507.1	ENST00000357179.10	256	2354
PB.150507.1	PB.143826.5	256	2352
PB.143826.4	PB.137316.2	0	2775
PB.143826.4	ENST00000357179.10	256	2773
PB.143826.4	ENST00000398793.6	256	2773
PB.143826.4	PB.143826.5	256	2772
PB.137316.5	ENST00000398793.6	0	1233
PB.137316.5	PB.137316.2	256	1233
PB.137316.5	ENST00000357179.10	256	1233
PB.137316.5	PB.143826.5	256	1233
PB.137316.5	PB.45395.2	256	1826
PB.137316.5	PB.52921.1	256	1703
PB.88777.6	PB.137316.2	0	1776
PB.88777.6	ENST00000398793.6	256	1776
PB.88777.6	PB.143826.5	256	1740
PB.88777.6	ENST00000357179.10	256	1740
PB.150507.2	PB.143826.5	0	2666
PB.150507.2	ENST00000357179.10	256	2666
PB.150507.2	ENST00000398793.6	256	2616
PB.150507.2	PB.137316.2	256	2616
PB.137316.4	ENST00000398793.6	0	2662
PB.137316.4	ENST00000357179.10	256	2662
PB.137316.4	PB.143826.5	256	2662
PB.137316.4	PB.137316.2	256	2662
PB.130844.1	PB.137316.2	0	700
PB.130844.1	ENST00000357179.10	256	700
PB.130844.1	ENST00000398793.6	256	700
PB.130844.1	PB.143826.5	256	700
PB.130844.1	PB.45395.2	256	1763
PB.130844.1	PB.52921.1	256	1702
PB.45396.1	PB.130846.1	0	1859
PB.45396.1	ENST00000302097.3	256	1859
PB.23012.2	PB.15703.1	0	2034
PB.23012.2	ENST00000398741.5	256	2034
PB.23012.2	ENST00000405655.8	256	1989
PB.23012.2	PB.23012.4	256	1985
PB.23012.2	PB.164540.1	256	2010
PB.23012.2	ENST00000543184.5	256	2010
PB.37860.2	ENST00000398743.6	0	1847
PB.37860.2	PB.15703.3	256	1847
PB.37860.2	PB.23012.1	256	1732
PB.37860.2	PB.15703.1	256	1729
PB.37860.2	ENST00000398741.5	256	1729
PB.37860.2	ENST00000405655.8	256	1661
PB.37860.4	ENST00000398743.6	0	1906
PB.37860.4	PB.23012.4	256	1906
PB.37860.4	PB.164540.1	256	1906
PB.37860.4	ENST00000543184.5	256	1906
PB.37860.4	ENST00000405655.8	256	1906
PB.37860.4	PB.15703.3	256	1906
PB.124770.1	ENST00000263116.8	0	3605
PB.124770.1	PB.124770.2	256	3605
PB.124770.1	PB.130848.1	256	3123
PB.124770.3	ENST00000263116.8	0	3499
PB.124770.3	PB.124770.2	256	3499
PB.124770.3	PB.130848.1	256	3188
PB.88779.2	ENST00000263116.8	0	3598
PB.88779.2	PB.124770.2	256	3597
PB.88779.2	PB.130848.1	256	3189
PB.83137.1	PB.52927.1	0	972
PB.83137.1	ENST00000626825.1	256	955
PB.83137.1	PB.52927.2	256	926
PB.83137.1	PB.45400.2	256	912
PB.23015.1	PB.45401.1	0	1532
PB.23016.1	ENST00000215743.8	0	1950
PB.60617.1	ENST00000344921.11	0	1452
PB.60617.1	ENST00000407422.8	256	1324
PB.60617.1	ENST00000644036.2	256	1297
PB.60617.1	ENST00000263121.12	256	979
PB.52928.1	ENST00000344921.11	0	1648
PB.52928.1	ENST00000644036.2	256	1603
PB.52928.1	ENST00000407422.8	256	1523
PB.52928.1	ENST00000263121.12	256	1282
PB.52928.2	ENST00000644036.2	0	1557
PB.52928.2	ENST00000407422.8	256	1477
PB.52928.2	ENST00000344921.11	256	1397
PB.52928.2	ENST00000263121.12	256	1228
PB.52928.2	PB.68223.1	256	1230
PB.137322.2	PB.124772.1	0	3095
PB.137322.2	ENST00000644036.2	272	3095
PB.137322.2	ENST00000404056.1	256	2720
PB.137322.2	PB.137322.1	256	2665
PB.137322.2	PB.88783.1	256	2665
PB.137322.2	PB.137322.3	256	2634
PB.88784.1	ENST00000433835.3	0	413
PB.137323.1		4	0
PB.137323.2	PB.150510.1	0	2572
PB.68224.1	PB.3820.4	0	1466
PB.68224.1	PB.137324.1	256	1316
PB.68224.1	PB.3820.3	256	1310
PB.68224.1	PB.143830.1	256	1305
PB.68224.1	PB.8661.1	256	1299
PB.68224.1	ENST00000398319.6	256	1295
PB.3820.5	PB.8661.1	0	4018
PB.3820.5	PB.3820.3	256	3847
PB.3820.5	ENST00000398319.6	256	3844
PB.3820.5	PB.88785.1	256	3700
PB.3820.5	PB.3820.4	256	3551
PB.3820.5	PB.3820.1	256	3534
PB.3821.4	PB.3821.1	0	6079
PB.3821.4	ENST00000314328.14	256	6079
PB.3821.4	ENST00000651059.1	256	5980
PB.3821.4	PB.3821.2	256	5845
PB.3821.4	ENST00000437398.5	256	5845
PB.3821.4	PB.3821.3	256	5681
PB.3821.6	PB.3821.2	0	3270
PB.3821.6	ENST00000437398.5	256	3270
PB.3821.6	PB.3821.3	256	3106
PB.3821.6	PB.3821.1	256	3135
PB.3821.6	ENST00000314328.14	256	3135
PB.3821.6	ENST00000541492.1	256	3225
PB.96112.1	ENST00000358654.2	0	858
PB.96113.1	PB.130857.2	0	951
PB.96113.1	ENST00000621833.4	256	951
PB.96113.1	PB.137327.2	256	951
PB.96113.1	PB.130857.7	256	951
PB.96113.1	PB.130857.4	256	951
PB.96113.1	PB.124775.1	256	951
PB.130857.6	ENST00000435822.6	0	3284
PB.130857.6	PB.124775.2	256	3284
PB.130857.6	ENST00000407471.7	256	3272
PB.130857.6	PB.130857.7	256	3088
PB.130857.6	PB.124775.1	256	3122
PB.130857.6	PB.8663.1	256	2873
PB.130857.9	PB.124775.2	0	3243
PB.130857.9	ENST00000435822.6	256	3234
PB.130857.9	ENST00000407471.7	256	3231
PB.130857.9	PB.130857.7	256	3047
PB.130857.9	PB.130857.2	256	2959
PB.130857.9	PB.8663.1	256	2796
PB.143833.2	ENST00000435822.6	0	2688
PB.143833.2	PB.124775.2	256	2688
PB.143833.2	PB.130857.2	256	2688
PB.143833.2	ENST00000407471.7	256	2676
PB.143833.2	PB.137327.1	256	2653
PB.143833.2	PB.130857.8	256	2653
PB.164546.1	ENST00000215829.8	0	2157
PB.164546.1	PB.124776.2	256	2084
PB.164546.1	PB.130858.1	256	1774
PB.164546.1	PB.130858.2	256	1960
PB.37865.1	ENST00000215829.8	0	1586
PB.37865.1	PB.124776.2	256	1513
PB.37865.1	PB.130858.1	256	1203
PB.37865.1	PB.130858.2	256	1389
PB.45406.1	ENST00000215829.8	0	1514
PB.45406.1	PB.124776.2	256	1441
PB.45406.1	PB.130858.2	256	1317
PB.45406.1	PB.130858.1	256	1107
PB.45406.1	ENST00000215829.8	2048	239
PB.45406.1	PB.130858.2	256	239
PB.45406.1	PB.124776.2	256	239
PB.60623.1	ENST00000215829.8	0	1253
PB.60623.1	PB.124776.2	256	1180
PB.60623.1	PB.130858.2	256	1056
PB.60623.1	PB.130858.1	256	846
PB.45408.1	ENST00000444995.7	0	1595
PB.45408.1	ENST00000650168.1	256	1437
PB.45408.1	ENST00000650500.2	256	1386
PB.150514.1	ENST00000444995.7	0	1357
PB.150514.1	ENST00000650168.1	256	1199
PB.150514.1	ENST00000650500.2	256	1096
PB.75708.1	ENST00000536101.5	0	252
PB.75708.1	ENST00000335473.12	256	252
PB.88788.1	ENST00000336873.9	0	2438
PB.88788.1	PB.150518.1	256	2438
PB.88788.1	ENST00000398145.7	256	2434
PB.88788.1	PB.143838.4	256	2434
PB.88788.1	PB.124778.2	256	2230
PB.143838.1	ENST00000336873.9	0	2464
PB.143838.1	PB.150518.1	256	2461
PB.143838.1	ENST00000398145.7	256	2434
PB.143838.1	PB.143838.4	256	2434
PB.143838.1	PB.124778.2	256	2273
PB.137330.1	PB.143838.4	0	2552
PB.137330.1	ENST00000398145.7	256	2543
PB.137330.1	PB.150518.1	256	2434
PB.137330.1	ENST00000336873.9	256	2434
PB.137330.1	PB.124778.2	256	2226
PB.124778.1	ENST00000336873.9	0	3093
PB.124778.1	ENST00000398145.7	256	3091
PB.124778.1	PB.124778.2	256	2885
PB.124778.1	PB.150518.1	256	2724
PB.124778.1	PB.143838.4	256	2723
PB.88788.2	ENST00000336873.9	0	3703
PB.88788.2	ENST00000398145.7	256	3673
PB.88788.2	PB.124778.2	256	3506
PB.88788.2	ENST00000402105.7	256	3154
PB.88788.2	PB.130863.1	256	3141
PB.88788.4	ENST00000336873.9	0	3577
PB.88788.4	ENST00000398145.7	256	3547
PB.88788.4	PB.124778.2	256	3369
PB.88788.4	PB.130863.2	256	3230
PB.88788.4	ENST00000402105.7	256	3028
PB.88788.4	PB.130863.1	256	3019
PB.88788.5	ENST00000336873.9	0	3649
PB.88788.5	ENST00000398145.7	256	3645
PB.88788.5	PB.124778.2	256	3441
PB.88788.5	ENST00000402105.7	256	3126
PB.88788.5	PB.130863.1	256	3117
PB.88788.5	PB.130863.2	256	3008
PB.88788.3	ENST00000398145.7	0	3778
PB.88788.3	ENST00000336873.9	256	3669
PB.88788.3	PB.124778.2	256	3461
PB.88788.3	ENST00000402105.7	256	3150
PB.88788.3	PB.130863.1	256	3141
PB.124778.4	ENST00000336873.9	0	3248
PB.124778.4	ENST00000398145.7	256	3230
PB.124778.4	PB.124778.2	256	3040
PB.124778.4	ENST00000402105.7	256	2711
PB.124778.4	PB.130863.1	256	2711
PB.88788.8	ENST00000336873.9	0	3635
PB.88788.8	ENST00000398145.7	256	3605
PB.88788.8	PB.124778.2	256	3431
PB.88788.8	ENST00000402105.7	256	3086
PB.88788.8	PB.130863.1	256	3086
PB.88788.8	PB.130863.2	256	2784
PB.124778.3	ENST00000398145.7	0	3339
PB.124778.3	ENST00000336873.9	256	3230
PB.124778.3	PB.124778.2	256	3022
PB.124778.3	PB.130863.1	256	2711
PB.124778.3	ENST00000402105.7	256	2711
PB.88788.9	ENST00000336873.9	0	3718
PB.88788.9	ENST00000398145.7	256	3688
PB.88788.9	PB.124778.2	256	3518
PB.88788.9	PB.130863.1	256	3169
PB.88788.9	ENST00000402105.7	256	3169
PB.88788.9	PB.130863.2	256	2811
PB.88788.10	ENST00000398145.7	0	3645
PB.88788.10	ENST00000336873.9	256	3536
PB.88788.10	PB.124778.2	256	3328
PB.88788.10	PB.130863.2	256	3230
PB.88788.10	PB.130863.1	256	3017
PB.88788.10	ENST00000402105.7	256	3017
PB.8665.2	ENST00000336873.9	0	3068
PB.8665.2	ENST00000398145.7	256	3038
PB.8665.2	PB.124778.2	256	2877
PB.8665.2	ENST00000402105.7	256	2519
PB.8665.2	PB.130863.1	256	2519
PB.88788.11	ENST00000398145.7	0	3711
PB.88788.11	ENST00000336873.9	256	3602
PB.88788.11	PB.124778.2	256	3394
PB.88788.11	PB.130863.1	256	3083
PB.88788.11	ENST00000402105.7	256	3083
PB.88788.12	ENST00000336873.9	0	3736
PB.88788.12	ENST00000398145.7	256	3735
PB.88788.12	PB.124778.2	256	3528
PB.88788.12	ENST00000402105.7	256	3216
PB.88788.12	PB.130863.1	256	3216
PB.75710.2	PB.143838.4	0	682
PB.75710.2	ENST00000398145.7	256	658
PB.75710.2	PB.124778.2	256	666
PB.75710.2	PB.150518.1	256	549
PB.75710.2	ENST00000336873.9	256	549
PB.137331.1	ENST00000407690.6	0	2496
PB.137331.1	PB.143839.3	256	2495
PB.137331.1	PB.143839.2	256	2393
PB.137331.1	ENST00000407431.5	256	2429
PB.137331.1	ENST00000405938.5	256	2338
PB.137331.1	ENST00000407148.5	256	2298
PB.137331.2	PB.143839.2	0	2782
PB.137331.2	ENST00000405938.5	256	2727
PB.137331.2	ENST00000407690.6	256	2691
PB.137331.2	ENST00000407431.5	256	2691
PB.137331.2	PB.143839.3	256	2690
PB.137331.2	PB.124780.2	256	2689
PB.88790.1	PB.143839.2	0	2766
PB.88790.1	ENST00000405938.5	256	2714
PB.88790.1	PB.124780.2	256	2688
PB.88790.1	ENST00000619735.4	256	2688
PB.88790.1	PB.143839.3	256	2688
PB.88790.1	ENST00000407690.6	256	2688
PB.143839.4	PB.143839.2	0	2817
PB.143839.4	PB.143839.3	256	2789
PB.143839.4	ENST00000407690.6	256	2784
PB.143839.4	ENST00000405938.5	256	2772
PB.143839.4	ENST00000407148.5	256	2624
PB.143839.4	ENST00000407431.5	256	2706
PB.45410.1	PB.37869.1	0	1749
PB.45410.1	ENST00000338754.9	256	1749
PB.45410.1	ENST00000398110.6	256	1749
PB.45410.1	ENST00000403880.5	256	1749
PB.45410.1	PB.30412.2	256	1744
PB.45410.1	PB.37869.2	256	1640
PB.96117.1	PB.30412.2	0	813
PB.96117.1	PB.37869.1	256	813
PB.96117.1	ENST00000338754.9	256	813
PB.96117.1	PB.30412.1	256	813
PB.96117.1	ENST00000398110.6	256	813
PB.96117.1	PB.60629.1	256	813
PB.8666.2	ENST00000613780.4	0	4096
PB.143841.2	ENST00000335272.10	0	2807
PB.143841.2	ENST00000455418.7	256	2803
PB.143841.2	ENST00000320996.14	256	2609
PB.143841.5	ENST00000455418.7	0	2675
PB.143841.5	ENST00000335272.10	256	2675
PB.143841.5	ENST00000320996.14	256	2477
PB.143841.3	ENST00000335272.10	0	2685
PB.143841.3	ENST00000455418.7	256	2681
PB.143841.3	ENST00000320996.14	256	2486
PB.88792.1	ENST00000455418.7	0	2559
PB.88792.1	ENST00000335272.10	256	2552
PB.88792.1	ENST00000320996.14	256	2354
PB.88792.1	PB.23027.1	256	2192
PB.137334.1	ENST00000335272.10	0	2655
PB.137334.1	ENST00000455418.7	256	2668
PB.137334.1	ENST00000320996.14	256	2456
PB.157433.1	ENST00000335272.10	0	2603
PB.157433.1	ENST00000455418.7	256	2599
PB.157433.1	ENST00000320996.14	256	2405
PB.157433.1	PB.23027.1	256	2190
PB.150519.1	ENST00000335272.10	0	2674
PB.150519.1	ENST00000455418.7	256	2670
PB.150519.1	ENST00000320996.14	256	2476
PB.150519.1	PB.23027.1	256	2189
PB.164553.2	ENST00000455418.7	0	2306
PB.164553.2	ENST00000335272.10	256	2306
PB.164553.2	ENST00000320996.14	256	2108
PB.164553.2	PB.23027.1	256	2184
PB.164553.2	PB.30413.2	256	2060
PB.157433.2	ENST00000320996.14	0	2587
PB.157433.2	ENST00000335272.10	256	2476
PB.157433.2	ENST00000455418.7	256	2489
PB.75714.1	ENST00000335272.10	0	1196
PB.75714.1	ENST00000455418.7	256	1192
PB.75714.1	ENST00000320996.14	256	998
PB.15718.1	ENST00000455418.7	0	582
PB.15718.1	ENST00000335272.10	256	578
PB.15718.1	ENST00000320996.14	256	577
PB.15718.1	ENST00000634017.1	256	493
PB.150519.3	ENST00000455418.7	0	362
PB.150519.3	ENST00000335272.10	256	354
PB.150519.3	ENST00000320996.14	256	353
PB.75714.2	ENST00000320996.14	0	252
PB.75714.2	ENST00000335272.10	256	252
PB.75714.2	PB.30413.1	256	252
PB.75714.2	ENST00000455418.7	256	252
PB.8668.1		4	0
PB.118916.1	PB.103728.1	0	258
PB.118916.1	ENST00000670661.1	256	258
PB.118916.1	PB.143842.1	256	258
PB.150520.1	ENST00000612946.4	0	2863
PB.150520.1	ENST00000397906.6	256	2863
PB.157435.1	ENST00000397906.6	0	500
PB.52937.1	ENST00000404276.6	0	1737
PB.52937.1	PB.164554.2	256	1734
PB.52937.1	ENST00000405598.5	256	1718
PB.52937.1	ENST00000650281.1	256	1714
PB.52937.1	PB.30414.1	256	1582
PB.52937.1	ENST00000382580.6	256	1562
PB.83149.1	ENST00000425190.7	0	1104
PB.83149.1	PB.60632.2	256	1104
PB.83149.1	PB.30414.1	256	1104
PB.83149.1	ENST00000464581.6	256	1103
PB.83149.1	ENST00000402731.6	256	1103
PB.83149.1	PB.164554.2	256	1101
PB.68236.1	PB.60632.2	0	1311
PB.68236.1	ENST00000425190.7	256	1302
PB.68236.1	ENST00000404276.6	256	1260
PB.68236.1	PB.30414.1	256	1259
PB.68236.1	PB.164554.2	256	1257
PB.68236.1	ENST00000650281.1	256	1237
PB.60632.1	ENST00000402731.6	0	1591
PB.60632.1	ENST00000404276.6	256	1301
PB.60632.1	PB.164554.2	256	1298
PB.60632.1	PB.30414.1	256	1146
PB.60632.1	ENST00000382580.6	256	1126
PB.60632.1	ENST00000650281.1	256	1247
PB.37871.2	PB.30414.1	0	1824
PB.37871.2	ENST00000650281.1	256	1767
PB.37871.2	ENST00000382580.6	256	1804
PB.37871.2	ENST00000404276.6	256	1674
PB.37871.2	PB.164554.2	256	1671
PB.37871.2	ENST00000405598.5	256	1654
PB.37871.3	PB.30414.1	0	1878
PB.37871.3	ENST00000382580.6	256	1868
PB.37871.3	PB.164554.2	256	1735
PB.37871.3	ENST00000404276.6	256	1725
PB.37871.3	ENST00000405598.5	256	1654
PB.37871.3	ENST00000650281.1	256	1651
PB.68236.3	PB.60632.2	0	1360
PB.68236.3	ENST00000425190.7	256	1359
PB.68236.3	ENST00000404276.6	256	1317
PB.68236.3	PB.30414.1	256	1316
PB.68236.3	PB.164554.2	256	1315
PB.68236.3	ENST00000650281.1	256	1295
PB.164554.1	PB.60632.2	0	245
PB.164554.1	ENST00000425190.7	256	245
PB.164554.1	ENST00000464581.6	256	245
PB.164554.1	ENST00000404276.6	256	245
PB.164554.1	ENST00000348295.7	256	245
PB.164554.1	PB.164554.2	256	244
PB.37871.4	PB.30414.1	0	1823
PB.37871.4	ENST00000382580.6	256	1805
PB.37871.4	PB.164554.2	256	1538
PB.37871.4	ENST00000404276.6	256	1537
PB.37871.4	ENST00000405598.5	256	1468
PB.37871.4	ENST00000650281.1	256	1465
PB.45415.2	PB.164554.2	0	1752
PB.45415.2	ENST00000404276.6	256	1750
PB.45415.2	PB.30414.1	256	1598
PB.45415.2	ENST00000382580.6	256	1580
PB.45415.2	ENST00000405598.5	256	1681
PB.45415.2	ENST00000650281.1	256	1678
PB.68236.4	PB.45415.1	0	888
PB.68236.4	ENST00000404276.6	256	888
PB.68236.4	ENST00000348295.7	256	888
PB.68236.4	PB.164554.2	256	888
PB.68236.4	ENST00000650281.1	256	865
PB.68236.4	ENST00000405598.5	256	864
PB.96123.1	ENST00000216027.8	0	765
PB.96123.1	ENST00000398941.6	256	904
PB.96123.4	ENST00000216027.8	0	773
PB.124783.1	ENST00000249064.9	0	3682
PB.124783.1	ENST00000448492.6	256	3574
PB.124783.1	ENST00000421503.6	256	3349
PB.37872.1	ENST00000448492.6	0	2930
PB.37872.1	ENST00000249064.9	256	2930
PB.37872.1	ENST00000421503.6	256	2930
PB.45417.2	ENST00000611155.4	0	240
PB.45417.2	PB.143844.1	256	240
PB.45417.2	PB.150522.2	256	240
PB.45417.2	ENST00000403532.7	256	240
PB.45417.2	ENST00000216037.10	256	240
PB.45417.2	PB.52939.3	256	239
PB.103732.1	ENST00000216037.10	0	388
PB.103732.1	PB.45417.1	256	387
PB.103732.1	ENST00000403532.7	256	373
PB.103732.1	ENST00000611155.4	256	372
PB.103732.1	PB.143844.1	256	365
PB.103732.1	PB.150522.2	256	361
PB.124784.1	ENST00000458080.1	0	265
PB.124784.1	PB.111594.1	256	249
PB.124784.1	ENST00000422972.1	256	246
PB.111594.2	ENST00000458080.1	0	331
PB.157439.1	ENST00000544604.7	0	2608
PB.157439.1	PB.8669.1	256	2608
PB.45419.2	ENST00000216085.12	0	1755
PB.45419.2	PB.45419.1	256	1752
PB.45419.2	PB.137337.1	256	372
PB.45419.2	PB.130865.1	256	255
PB.45419.2	PB.52941.2	256	1534
PB.45419.2	PB.60634.2	256	1330
PB.45419.3	PB.60634.1	0	824
PB.45419.3	PB.52941.2	256	820
PB.45419.3	PB.68238.1	256	817
PB.45419.3	PB.45419.1	256	816
PB.45419.3	ENST00000216085.12	256	816
PB.45419.3	PB.130865.1	256	815
PB.157441.2	PB.137337.1	0	2220
PB.157441.2	PB.137337.3	256	2191
PB.157441.2	PB.130865.1	256	2008
PB.157441.2	PB.150526.1	256	2006
PB.30418.2	PB.23029.4	0	2118
PB.30418.2	PB.15723.4	256	2076
PB.30418.2	PB.164557.1	256	2081
PB.30418.2	ENST00000397938.7	256	2081
PB.30418.2	PB.164557.3	256	2011
PB.30418.2	ENST00000406548.5	256	2086
PB.118921.2	PB.3827.3	0	334
PB.118921.2	PB.164557.3	256	334
PB.118921.2	PB.157442.3	256	333
PB.118921.2	ENST00000397938.7	256	331
PB.118921.2	PB.103735.1	256	326
PB.118921.2	PB.3827.6	256	324
PB.130866.1	PB.130866.2	0	1712
PB.130866.1	ENST00000618518.3	256	1686
PB.164558.3	ENST00000616432.4	0	2371
PB.164558.3	PB.157443.2	256	2369
PB.164558.3	PB.157443.1	256	2317
PB.164558.3	PB.137339.1	256	1880
PB.164558.3	ENST00000621062.4	256	2286
PB.164558.3	ENST00000611648.2	256	2275
PB.3828.1	ENST00000432560.6	0	2440
PB.3828.1	ENST00000405198.6	256	2440
PB.3828.1	ENST00000357586.7	256	2405
PB.3828.1	PB.88800.3	256	2377
PB.3828.1	PB.88800.1	256	2294
PB.3828.1	PB.88800.5	256	2215
PB.111597.1	PB.88800.4	0	529
PB.111597.1	PB.157444.1	256	528
PB.111597.1	PB.52944.1	256	528
PB.111597.1	PB.130867.3	256	528
PB.111597.1	PB.60636.2	256	528
PB.111597.1	PB.143849.2	256	526
PB.30420.1	PB.88800.4	0	2017
PB.30420.1	ENST00000405198.6	256	2017
PB.30420.1	PB.150527.1	256	2017
PB.30420.1	ENST00000432560.6	256	2017
PB.30420.1	PB.157444.1	256	2016
PB.30420.1	PB.143849.2	256	2014
PB.143849.1	ENST00000405198.6	0	2927
PB.143849.1	PB.88800.3	256	2927
PB.143849.1	ENST00000432560.6	256	2927
PB.143849.1	PB.137340.2	256	2926
PB.143849.1	PB.130867.3	256	2926
PB.143849.1	PB.124787.2	256	2926
PB.75720.1	ENST00000432560.6	0	1148
PB.75720.1	PB.52944.1	256	1148
PB.75720.1	PB.23030.1	256	1148
PB.75720.1	PB.130867.3	256	1148
PB.75720.1	PB.60636.2	256	1148
PB.75720.1	PB.88800.5	256	1148
PB.68241.2	PB.137340.2	0	1377
PB.68241.2	PB.88800.4	256	1377
PB.68241.2	PB.60636.2	256	1377
PB.68241.2	PB.88800.1	256	1377
PB.68241.2	PB.8671.2	256	1377
PB.68241.2	PB.157444.1	256	1377
PB.15725.1	PB.137340.2	0	2308
PB.15725.1	PB.130867.3	256	2308
PB.15725.1	PB.124787.2	256	2308
PB.15725.1	PB.88800.4	256	2308
PB.15725.1	PB.88800.5	256	2308
PB.15725.1	PB.143849.2	256	2306
PB.150527.2	PB.88800.1	0	2692
PB.150527.2	ENST00000317368.11	256	2685
PB.150527.2	PB.130867.3	256	2606
PB.150527.2	PB.88800.4	256	2606
PB.150527.2	PB.124787.2	256	2606
PB.150527.2	PB.88800.3	256	2606
PB.130867.2	PB.124787.2	0	3393
PB.130867.2	ENST00000405198.6	256	3393
PB.130867.2	PB.88800.4	256	3393
PB.130867.2	ENST00000432560.6	256	3393
PB.130867.2	PB.88800.3	256	3393
PB.130867.2	PB.88800.5	256	3343
PB.88800.6	ENST00000432560.6	0	3741
PB.88800.6	ENST00000405198.6	256	3741
PB.88800.6	PB.88800.3	256	3741
PB.88800.6	PB.88800.5	256	3691
PB.88800.6	ENST00000357586.7	256	3706
PB.88800.6	PB.88800.1	256	3595
PB.88800.7	ENST00000405198.6	0	3568
PB.88800.7	ENST00000432560.6	256	3568
PB.88800.7	PB.88800.3	256	3568
PB.88800.7	PB.88800.5	256	3518
PB.88800.7	ENST00000357586.7	256	3488
PB.88800.7	PB.88800.1	256	3422
PB.124787.3	ENST00000432560.6	0	3524
PB.124787.3	PB.88800.4	256	3524
PB.124787.3	PB.124787.2	256	3524
PB.124787.3	ENST00000405198.6	256	3524
PB.124787.3	PB.88800.3	256	3524
PB.124787.3	PB.88800.5	256	3474
PB.130867.5	PB.88800.3	0	2764
PB.130867.5	ENST00000432560.6	256	2764
PB.130867.5	ENST00000405198.6	256	2764
PB.130867.5	ENST00000357586.7	256	2708
PB.130867.5	PB.88800.5	256	2714
PB.130867.5	PB.88800.1	256	2618
PB.157445.1	ENST00000432560.6	0	454
PB.157445.1	PB.88800.5	256	454
PB.157445.1	PB.88800.1	256	454
PB.157445.1	ENST00000357586.7	256	454
PB.157445.1	ENST00000317368.11	256	454
PB.157445.1	ENST00000405198.6	256	454
PB.124788.2	ENST00000310624.7	0	3514
PB.124788.2	PB.143850.1	256	2878
PB.15728.1	PB.164561.1	0	2142
PB.15728.1	PB.157447.1	256	2083
PB.15728.1	ENST00000338641.10	256	2058
PB.15728.1	ENST00000672896.1	256	1999
PB.15728.1	PB.3830.3	256	1776
PB.15728.1	ENST00000361452.8	256	1743
PB.15728.4	PB.164561.1	0	2167
PB.15728.4	ENST00000338641.10	256	2141
PB.15728.4	PB.157447.1	256	2096
PB.15728.4	ENST00000672896.1	256	2070
PB.15728.4	PB.3830.3	256	1818
PB.15728.4	ENST00000361452.8	256	1814
PB.157447.2	PB.157447.1	0	2312
PB.157447.2	ENST00000672896.1	256	2312
PB.157447.2	PB.164561.1	256	2196
PB.157447.2	ENST00000338641.10	256	2196
PB.157447.2	PB.3830.3	256	2060
PB.157447.2	ENST00000361452.8	256	2040
PB.3830.4	PB.3830.3	0	5740
PB.3830.4	ENST00000338641.10	256	5659
PB.3830.4	ENST00000672896.1	256	5588
PB.3830.4	ENST00000361452.8	256	5388
PB.45425.1	ENST00000338641.10	0	1770
PB.45425.1	ENST00000361452.8	256	1770
PB.45425.1	ENST00000672896.1	256	1770
PB.45425.1	ENST00000413209.6	256	1770
PB.45425.1	PB.3830.3	256	1770
PB.111601.1	PB.83155.2	0	396
PB.111601.1	PB.83155.3	256	396
PB.111601.1	ENST00000344318.4	256	396
PB.111601.1	PB.83155.4	256	395
PB.83155.1	PB.83155.2	0	923
PB.83155.1	PB.83155.4	256	810
PB.83155.1	ENST00000344318.4	256	808
PB.83155.1	PB.83155.3	256	646
PB.157449.1	PB.111602.2	0	268
PB.157449.1	ENST00000401406.3	256	268
PB.157449.1	ENST00000330029.6	256	267
PB.157449.1	PB.111602.1	256	267
PB.157449.1	ENST00000401406.3	2048	234
PB.157449.1	PB.111602.2	256	218
PB.111603.1	PB.143852.4	0	559
PB.111603.1	PB.30425.1	256	559
PB.111603.1	PB.143852.6	256	559
PB.111603.1	PB.68246.1	256	559
PB.111603.1	PB.45426.1	256	557
PB.111603.1	PB.150530.8	256	557
PB.137343.1	PB.143852.5	0	2546
PB.137343.1	PB.143852.1	256	2662
PB.137343.1	PB.143852.6	256	2522
PB.137343.1	PB.143852.4	256	2521
PB.137343.1	PB.143852.2	256	2520
PB.137343.1	ENST00000397771.6	256	2494
PB.150530.6	PB.143852.6	0	2683
PB.150530.6	ENST00000397771.6	256	2658
PB.150530.6	PB.143852.4	256	2645
PB.150530.6	PB.143852.2	256	2645
PB.150530.6	PB.143852.5	256	2592
PB.150530.6	ENST00000307790.8	256	2686
PB.130869.1		4	0
PB.30427.1	PB.3831.1	0	2079
PB.30427.1	ENST00000401950.7	256	2079
PB.30427.1	PB.143853.1	256	2079
PB.30427.1	PB.3831.5	256	2079
PB.30427.1	ENST00000323630.9	256	2079
PB.30427.1	ENST00000333027.7	256	2079
PB.111604.1	ENST00000249075.4	0	549
PB.111604.1	PB.124791.2	256	549
PB.111604.1	PB.88801.1	256	549
PB.111604.1	PB.88801.4	256	549
PB.111604.1	PB.88801.2	256	549
PB.111604.1	PB.8674.2	256	547
PB.157451.2	PB.88801.1	0	2474
PB.157451.2	ENST00000249075.4	256	2474
PB.157451.2	PB.124791.2	256	2474
PB.157451.2	PB.88801.2	256	2474
PB.157451.2	PB.88801.4	256	2474
PB.157451.2	PB.8674.2	256	2472
PB.157451.1	PB.124791.2	0	2431
PB.157451.1	PB.88801.1	256	2431
PB.157451.1	PB.88801.4	256	2431
PB.157451.1	PB.88801.2	256	2431
PB.157451.1	ENST00000249075.4	256	2431
PB.157451.1	PB.8674.2	256	2429
PB.150534.3	PB.137344.2	0	2507
PB.150534.3	ENST00000215793.13	256	2490
PB.150534.3	PB.130871.4	256	2030
PB.150534.3	PB.130871.3	256	1958
PB.150534.3	PB.164565.2	256	2294
PB.137344.4	PB.130871.4	0	318
PB.137344.4	PB.137344.2	256	304
PB.137344.4	PB.130871.3	256	290
PB.137344.4	ENST00000215793.13	256	287
PB.83159.2	ENST00000266263.10	0	1008
PB.83159.2	PB.75725.2	256	1006
PB.83159.2	PB.75725.3	256	920
PB.83159.2	PB.83159.3	256	942
PB.83159.2	PB.83159.1	256	855
PB.83159.2	PB.60642.1	256	703
PB.130872.1	PB.60642.1	0	195
PB.96135.2	PB.75725.2	0	814
PB.96135.2	ENST00000266263.10	256	814
PB.96135.2	PB.75725.3	256	739
PB.96135.2	PB.83159.3	256	769
PB.96135.2	PB.83159.1	256	650
PB.96135.2	PB.60642.1	256	531
PB.52952.1	ENST00000255858.12	0	1690
PB.157454.1	ENST00000255858.12	0	2461
PB.37883.1	ENST00000354694.12	0	1630
PB.37883.1	PB.164566.3	256	1487
PB.37883.1	PB.164566.2	256	1485
PB.37883.1	PB.157455.1	256	1294
PB.37883.1	PB.30431.2	256	1603
PB.37883.1	PB.15734.1	256	1579
PB.52954.1	ENST00000354694.12	0	1542
PB.52954.1	PB.164566.2	256	1397
PB.52954.1	PB.30431.2	256	1501
PB.52954.1	PB.15734.1	256	1491
PB.52954.1	PB.157455.1	256	1194
PB.52954.1	PB.164566.3	256	1385
PB.60643.3	PB.15734.1	0	910
PB.60643.3	ENST00000354694.12	256	895
PB.60643.3	PB.23036.1	256	985
PB.60643.3	PB.164566.3	256	778
PB.60643.3	PB.164566.2	256	750
PB.60643.3	PB.30431.2	256	862
PB.150537.5	PB.60643.4	0	1220
PB.52955.1	ENST00000215838.8	0	1575
PB.52955.1	ENST00000450638.5	256	1448
PB.52955.1	ENST00000405742.7	256	1533
PB.52955.1	PB.37884.2	256	1475
PB.52955.1	PB.37884.1	256	1387
PB.52955.1	ENST00000407817.3	256	1369
PB.157457.3	ENST00000334679.4	0	2251
PB.157457.3	ENST00000403268.1	256	2005
PB.137346.2	ENST00000334679.4	0	2030
PB.137346.2	ENST00000403268.1	256	1784
PB.157457.2	ENST00000334679.4	0	2249
PB.157457.2	ENST00000403268.1	256	1983
PB.88804.1	ENST00000332585.11	0	3865
PB.88804.1	ENST00000403222.7	256	3164
PB.88804.2	ENST00000332585.11	0	3941
PB.88804.2	ENST00000403222.7	256	3246
PB.88804.4	ENST00000332585.11	0	3533
PB.88804.4	ENST00000403222.7	256	2837
PB.30432.1	PB.124796.3	0	1437
PB.30432.1	PB.124796.1	256	1383
PB.30432.1	PB.124796.4	256	1446
PB.30432.1	ENST00000437268.6	256	1416
PB.30432.1	ENST00000407373.5	256	1415
PB.30432.1	ENST00000332585.11	256	1415
PB.143859.1	PB.124796.3	0	1546
PB.143859.1	PB.124796.1	256	1492
PB.143859.1	PB.124796.4	256	1555
PB.143859.1	ENST00000437268.6	256	1525
PB.143859.1	ENST00000407373.5	256	1524
PB.143859.1	ENST00000332585.11	256	1524
PB.130873.3	PB.124796.3	0	3215
PB.130873.3	PB.124796.1	256	3161
PB.130873.3	PB.124796.4	256	3224
PB.130873.3	ENST00000332585.11	256	3193
PB.130873.3	ENST00000407373.5	256	3192
PB.130873.3	ENST00000437268.6	256	3182
PB.96136.1	PB.137347.2	0	875
PB.96136.1	ENST00000403222.7	256	875
PB.96136.1	PB.150539.1	256	875
PB.96136.1	PB.23038.1	256	875
PB.96136.1	PB.124796.4	256	875
PB.96136.1	PB.137347.1	256	875
PB.45432.1	PB.137348.1	0	1823
PB.45432.1	PB.124797.1	256	1823
PB.45432.1	PB.23039.1	256	1823
PB.45432.1	ENST00000215862.8	256	1823
PB.45432.1	PB.150540.1	256	1823
PB.45432.1	PB.164568.1	256	1822
PB.150541.1	ENST00000644773.2	0	2674
PB.143862.1	PB.130875.6	0	2340
PB.143862.1	PB.130875.5	256	2340
PB.143862.1	PB.130875.4	256	2340
PB.143862.1	ENST00000333137.12	256	2340
PB.143862.1	PB.130875.3	256	2221
PB.143862.1	PB.124799.3	256	2106
PB.30434.1	PB.130875.4	0	2013
PB.30434.1	ENST00000612341.4	256	2013
PB.30434.1	ENST00000333137.12	256	2013
PB.30434.1	PB.130875.5	256	2013
PB.30434.1	PB.143862.3	256	2013
PB.30434.1	PB.130875.6	256	2013
PB.150543.1	PB.130875.5	0	2254
PB.150543.1	PB.130875.4	256	2254
PB.150543.1	ENST00000333137.12	256	2254
PB.150543.1	PB.130875.6	256	2254
PB.150543.1	PB.130875.7	256	2254
PB.150543.1	PB.130875.3	256	2135
PB.150543.2	PB.130875.4	0	2401
PB.150543.2	PB.130875.7	256	2401
PB.150543.2	PB.130875.6	256	2401
PB.150543.2	ENST00000333137.12	256	2401
PB.150543.2	PB.130875.5	256	2401
PB.150543.2	PB.130875.3	256	2282
PB.15740.1	PB.130875.7	0	2215
PB.15740.1	PB.130875.4	256	2215
PB.15740.1	ENST00000333137.12	256	2215
PB.15740.1	PB.130875.8	256	2215
PB.15740.1	PB.130875.5	256	2215
PB.15740.1	PB.130875.6	256	2215
PB.164569.1	ENST00000333137.12	0	2214
PB.164569.1	PB.130875.7	256	2214
PB.164569.1	PB.130875.6	256	2214
PB.164569.1	PB.130875.4	256	2214
PB.164569.1	PB.130875.5	256	2214
PB.164569.1	PB.130875.3	256	2095
PB.150543.3	PB.130875.4	0	2290
PB.150543.3	PB.130875.7	256	2290
PB.150543.3	ENST00000333137.12	256	2290
PB.150543.3	PB.130875.6	256	2290
PB.150543.3	PB.130875.5	256	2290
PB.150543.3	PB.130875.3	256	2171
PB.130876.1	PB.130876.2	0	3095
PB.130876.1	ENST00000331075.10	256	3086
PB.130876.1	ENST00000412277.6	256	2933
PB.130876.1	PB.130876.3	256	2933
PB.23041.1	PB.15741.1	0	1979
PB.23041.1	ENST00000404390.7	256	1955
PB.23041.1	ENST00000331075.10	256	1768
PB.23041.1	ENST00000405300.5	256	1768
PB.23041.1	ENST00000400294.6	256	1768
PB.23041.1	ENST00000620191.4	256	1771
PB.124800.1	PB.130876.2	0	3114
PB.124800.1	ENST00000331075.10	256	3114
PB.124800.1	ENST00000412277.6	256	2967
PB.124800.1	PB.130876.3	256	2967
PB.130877.1	ENST00000426256.6	0	3262
PB.130877.1	ENST00000326132.11	256	2942
PB.130877.1	PB.143863.3	256	2645
PB.130877.1	ENST00000266252.8	256	2644
PB.130877.1	PB.150544.1	256	2644
PB.130877.2	ENST00000326132.11	0	3019
PB.130877.2	ENST00000426256.6	256	2820
PB.130877.2	PB.143863.3	256	2663
PB.130877.2	ENST00000266252.8	256	2654
PB.130877.2	PB.150544.1	256	2643
PB.130877.2	PB.157461.2	256	2572
PB.130877.3	ENST00000326132.11	0	3016
PB.130877.3	ENST00000426256.6	256	2819
PB.130877.3	PB.143863.3	256	2662
PB.130877.3	ENST00000266252.8	256	2653
PB.130877.3	PB.150544.1	256	2643
PB.130877.3	PB.157461.2	256	2572
PB.130877.4	ENST00000326132.11	0	3011
PB.130877.4	ENST00000426256.6	256	2817
PB.130877.4	PB.143863.3	256	2659
PB.130877.4	ENST00000266252.8	256	2652
PB.130877.4	PB.150544.1	256	2642
PB.130877.4	PB.157461.2	256	2571
PB.137351.3	PB.143863.3	0	2936
PB.137351.3	ENST00000326132.11	256	2771
PB.137351.3	ENST00000266252.8	256	2904
PB.137351.3	PB.150544.1	256	2645
PB.137351.3	ENST00000426256.6	256	2643
PB.137351.3	PB.157461.2	256	2572
PB.137351.2	ENST00000326132.11	0	2815
PB.137351.2	ENST00000426256.6	256	2620
PB.137351.2	PB.143863.3	256	2645
PB.137351.2	PB.150544.1	256	2643
PB.137351.2	ENST00000266252.8	256	2643
PB.137351.2	PB.157461.2	256	2572
PB.143863.1	ENST00000326132.11	0	2363
PB.143863.1	ENST00000426256.6	256	2139
PB.143863.1	PB.143863.3	256	2003
PB.143863.1	ENST00000266252.8	256	1941
PB.143863.1	PB.150544.1	256	1873
PB.143863.2	ENST00000326132.11	0	2815
PB.143863.2	ENST00000426256.6	256	2645
PB.143863.2	PB.150544.1	256	2643
PB.143863.2	ENST00000266252.8	256	2643
PB.143863.2	PB.157461.2	256	2572
PB.143863.2	PB.143863.3	256	2378
PB.137351.4	ENST00000326132.11	0	2774
PB.137351.4	PB.143863.3	256	2778
PB.137351.4	ENST00000426256.6	256	2580
PB.137351.4	ENST00000266252.8	256	2767
PB.137351.4	PB.150544.1	256	2643
PB.137351.4	PB.157461.2	256	2572
PB.157461.1	ENST00000326132.11	0	1801
PB.157461.1	ENST00000426256.6	256	1586
PB.157461.1	ENST00000266252.8	256	1877
PB.157461.1	PB.150544.1	256	1877
PB.157461.1	PB.143863.3	256	1877
PB.143863.4	PB.150544.1	0	2662
PB.143863.4	ENST00000326132.11	256	2706
PB.143863.4	ENST00000426256.6	256	2645
PB.143863.4	PB.143863.3	256	2645
PB.143863.4	ENST00000266252.8	256	2643
PB.143863.4	PB.157461.2	256	2572
PB.164570.1	PB.143863.3	0	2438
PB.164570.1	PB.150544.1	256	2438
PB.164570.1	ENST00000326132.11	256	2438
PB.164570.1	ENST00000426256.6	256	2438
PB.164570.1	ENST00000266252.8	256	2438
PB.164570.1	PB.157461.2	256	2438
PB.130877.6	ENST00000326132.11	0	3010
PB.130877.6	ENST00000426256.6	256	2816
PB.130877.6	PB.143863.3	256	2658
PB.130877.6	ENST00000266252.8	256	2651
PB.130877.6	PB.150544.1	256	2641
PB.130877.6	PB.157461.2	256	2570
PB.143863.5	ENST00000326132.11	0	2819
PB.143863.5	PB.143863.3	256	2819
PB.143863.5	ENST00000266252.8	256	2806
PB.143863.5	ENST00000426256.6	256	2645
PB.143863.5	PB.150544.1	256	2643
PB.143863.5	PB.157461.2	256	2572
PB.137351.5	ENST00000326132.11	0	3031
PB.137351.5	ENST00000426256.6	256	2837
PB.137351.5	PB.143863.3	256	2679
PB.137351.5	ENST00000266252.8	256	2672
PB.137351.5	PB.150544.1	256	2641
PB.137351.5	PB.157461.2	256	2570
PB.130877.7	ENST00000326132.11	0	3015
PB.130877.7	ENST00000426256.6	256	2817
PB.130877.7	PB.143863.3	256	2660
PB.130877.7	ENST00000266252.8	256	2651
PB.130877.7	PB.150544.1	256	2643
PB.130877.7	PB.157461.2	256	2572
PB.143863.6	ENST00000326132.11	0	2900
PB.143863.6	ENST00000426256.6	256	2693
PB.143863.6	PB.143863.3	256	2645
PB.143863.6	PB.150544.1	256	2643
PB.143863.6	ENST00000266252.8	256	2643
PB.143863.6	PB.157461.2	256	2572
PB.45434.1	ENST00000426256.6	0	1759
PB.45434.1	PB.157461.2	256	1759
PB.45434.1	ENST00000326132.11	256	1759
PB.45434.1	PB.150544.1	256	1759
PB.45434.1	ENST00000266252.8	256	1759
PB.45434.1	PB.143863.3	256	1759
PB.150546.1	ENST00000351933.8	0	2759
PB.150546.1	PB.130879.2	256	2599
PB.150546.1	ENST00000266269.10	256	2599
PB.150546.1	ENST00000405309.7	256	2660
PB.150546.1	PB.164573.1	256	2280
PB.130879.1	ENST00000405309.7	0	3229
PB.130879.1	PB.130879.2	256	3142
PB.130879.1	ENST00000266269.10	256	3142
PB.130879.1	ENST00000351933.8	256	3057
PB.137353.3	ENST00000351933.8	0	3016
PB.137353.3	PB.130879.2	256	2855
PB.137353.3	ENST00000266269.10	256	2855
PB.137353.3	ENST00000405309.7	256	2917
PB.150546.2	ENST00000351933.8	0	2632
PB.150546.2	ENST00000266269.10	256	2469
PB.150546.2	PB.130879.2	256	2469
PB.150546.2	ENST00000405309.7	256	2533
PB.150546.2	PB.164573.1	256	2280
PB.23045.2	PB.164573.2	0	2037
PB.23045.2	ENST00000215919.3	256	2037
PB.137354.1	ENST00000330125.10	0	2230
PB.137354.1	PB.8683.1	256	2212
PB.137354.1	PB.124802.3	256	2132
PB.137354.1	PB.124802.4	256	2161
PB.137354.1	ENST00000397525.5	256	2101
PB.137354.1	PB.124802.5	256	2088
PB.164574.1	ENST00000330125.10	0	1660
PB.164574.1	PB.8683.1	256	1660
PB.164574.1	PB.124802.3	256	1624
PB.164574.1	PB.124802.4	256	1612
PB.164574.1	ENST00000397523.5	256	1540
PB.164574.1	ENST00000397525.5	256	1540
PB.68258.1	ENST00000330125.10	0	1429
PB.68258.1	PB.124802.3	256	1410
PB.68258.1	PB.8683.1	256	1404
PB.68258.1	PB.124802.4	256	1353
PB.68258.1	ENST00000397525.5	256	1281
PB.68258.1	ENST00000397523.5	256	1280
PB.137355.1	PB.88808.3	0	2685
PB.137355.1	PB.88808.2	256	2547
PB.137355.1	ENST00000400288.7	256	2622
PB.137355.1	ENST00000432498.5	256	2505
PB.137355.1	PB.88808.4	256	2503
PB.137355.1	PB.88808.7	256	2503
PB.124803.1	ENST00000540643.5	0	3328
PB.124803.1	PB.88808.5	256	3310
PB.124803.1	ENST00000432498.5	256	3230
PB.124803.1	PB.88808.2	256	3209
PB.124803.1	PB.88808.3	256	3111
PB.124803.1	PB.88808.6	256	3179
PB.143865.1	ENST00000540643.5	0	2503
PB.143865.1	PB.88808.5	256	2490
PB.143865.1	ENST00000432498.5	256	2405
PB.143865.1	PB.88808.2	256	2384
PB.143865.1	PB.88808.4	256	2384
PB.143865.1	PB.88808.3	256	2286
PB.143865.2	PB.88808.2	0	2578
PB.143865.2	PB.88808.4	256	2578
PB.143865.2	PB.88808.3	256	2480
PB.143865.2	ENST00000400288.7	256	2452
PB.143865.2	PB.88808.5	256	2366
PB.143865.2	PB.88808.7	256	2333
PB.137355.2	PB.88808.3	0	2455
PB.137355.2	ENST00000400288.7	256	2444
PB.137355.2	PB.88808.7	256	2325
PB.137355.2	PB.88808.2	256	2285
PB.137355.2	PB.88808.4	256	2285
PB.137355.2	ENST00000432498.5	256	2243
PB.130881.2	PB.88808.1	0	2055
PB.130881.2	ENST00000540643.5	256	1968
PB.130881.2	PB.88808.5	256	1968
PB.130881.2	ENST00000400289.5	256	2036
PB.130881.2	PB.88808.6	256	1955
PB.130881.2	ENST00000432498.5	256	1955
PB.118936.1		4	0
PB.68259.1	ENST00000382151.6	0	1403
PB.68259.1	ENST00000266095.9	256	1403
PB.68259.1	ENST00000397500.5	256	1224
PB.37890.1	ENST00000266095.9	0	1877
PB.37890.1	ENST00000382151.6	256	1877
PB.37890.1	ENST00000397500.5	256	1430
PB.143866.4	ENST00000382151.6	0	2428
PB.143866.4	ENST00000266095.9	256	2428
PB.143866.4	ENST00000397500.5	256	1980
PB.150548.5	ENST00000382151.6	0	2427
PB.150548.5	ENST00000266095.9	256	2427
PB.150548.5	ENST00000397500.5	256	1983
PB.15747.2	ENST00000266095.9	0	2069
PB.15747.2	ENST00000382151.6	256	2069
PB.15747.2	ENST00000397500.5	256	1642
PB.30439.1	ENST00000266095.9	0	2008
PB.30439.1	ENST00000382151.6	256	2008
PB.30439.1	ENST00000397500.5	256	1561
PB.157465.5	ENST00000266095.9	0	2427
PB.157465.5	ENST00000382151.6	256	2427
PB.157465.5	ENST00000397500.5	256	2007
PB.150548.4	ENST00000266095.9	0	2119
PB.150548.4	ENST00000382151.6	256	2119
PB.150548.4	ENST00000397500.5	256	1725
PB.143866.5	ENST00000382151.6	0	2636
PB.143866.5	ENST00000266095.9	256	2635
PB.15747.5	ENST00000382151.6	0	2173
PB.15747.5	ENST00000266095.9	256	2173
PB.15747.5	ENST00000397500.5	256	1726
PB.157465.2	ENST00000266095.9	0	2428
PB.157465.2	ENST00000382151.6	256	2428
PB.157465.2	ENST00000397500.5	256	1980
PB.143866.3	ENST00000382151.6	0	2229
PB.143866.3	ENST00000266095.9	256	2229
PB.143866.3	ENST00000397500.5	256	1778
PB.150548.3	ENST00000439502.6	0	1328
PB.150548.3	ENST00000266095.9	2048	1633
PB.150548.3	ENST00000382151.6	256	1633
PB.150548.3	ENST00000397500.5	256	1186
PB.157465.1	ENST00000382151.6	0	1699
PB.157465.1	ENST00000266095.9	256	1699
PB.157465.1	ENST00000439502.6	256	1439
PB.157465.1	ENST00000397500.5	256	1278
PB.23047.2	ENST00000266095.9	0	1770
PB.23047.2	ENST00000382151.6	256	1770
PB.23047.2	ENST00000397500.5	256	1323
PB.23047.2	ENST00000439502.6	256	1247
PB.143866.2	ENST00000382151.6	0	2214
PB.143866.2	ENST00000266095.9	256	2214
PB.143866.2	ENST00000397500.5	256	1763
PB.143866.6	ENST00000439502.6	0	1223
PB.143866.6	ENST00000266095.9	2048	1486
PB.143866.6	ENST00000382151.6	256	1486
PB.143866.6	ENST00000397500.5	256	1224
PB.150548.2	ENST00000382151.6	0	1865
PB.150548.2	ENST00000266095.9	256	1865
PB.150548.2	ENST00000397500.5	256	1444
PB.164576.1	ENST00000382151.6	0	2159
PB.164576.1	ENST00000266095.9	256	2159
PB.164576.1	ENST00000397500.5	256	1712
PB.150548.1	ENST00000382151.6	0	2431
PB.150548.1	ENST00000266095.9	256	2431
PB.150548.1	ENST00000397500.5	256	1980
PB.157465.4	ENST00000266095.9	0	1805
PB.157465.4	ENST00000382151.6	256	1805
PB.157465.4	ENST00000439502.6	256	1553
PB.157465.4	ENST00000397500.5	256	1358
PB.15747.4	ENST00000266095.9	0	1753
PB.15747.4	ENST00000382151.6	256	1753
PB.15747.4	ENST00000397500.5	256	1674
PB.15747.4	ENST00000439502.6	256	1502
PB.15747.3	ENST00000266095.9	0	1767
PB.15747.3	ENST00000382151.6	256	1767
PB.15747.3	ENST00000439502.6	256	1676
PB.15747.3	ENST00000397500.5	256	1320
PB.143866.1	ENST00000439502.6	0	1039
PB.143866.1	ENST00000382151.6	2048	1486
PB.143866.1	ENST00000266095.9	256	1486
PB.143866.1	ENST00000397500.5	256	1224
PB.23047.1	ENST00000266095.9	0	1659
PB.23047.1	ENST00000382151.6	256	1659
PB.23047.1	ENST00000397500.5	256	1747
PB.23047.1	ENST00000439502.6	256	1418
PB.124804.1	ENST00000439502.6	0	301
PB.124804.1	ENST00000382151.6	256	744
PB.124804.1	ENST00000266095.9	256	744
PB.124804.1	ENST00000397500.5	2048	1226
PB.124804.2	ENST00000266095.9	0	755
PB.124804.2	ENST00000382151.6	256	755
PB.124804.2	ENST00000397500.5	256	360
PB.124804.2	ENST00000439502.6	256	519
PB.157465.3	ENST00000382151.6	0	1790
PB.157465.3	ENST00000266095.9	256	1790
PB.157465.3	ENST00000439502.6	256	1554
PB.157465.3	ENST00000397500.5	256	1343
PB.150548.6	ENST00000382151.6	0	1971
PB.150548.6	ENST00000266095.9	256	1971
PB.150548.6	ENST00000397500.5	256	1524
PB.130882.1	ENST00000266095.9	0	957
PB.130882.1	ENST00000382151.6	256	957
PB.130882.1	ENST00000439502.6	256	736
PB.130882.1	ENST00000397500.5	256	562
PB.3835.1	ENST00000327423.11	0	6371
PB.111613.1	ENST00000327423.11	0	475
PB.83168.1	ENST00000327423.11	0	988
PB.143868.1		4	0
PB.137357.1	PB.3836.2	0	2295
PB.137357.1	ENST00000651528.2	256	2295
PB.137357.1	ENST00000642696.1	256	2295
PB.137357.1	PB.3836.3	256	2271
PB.137357.1	ENST00000400249.7	256	2181
PB.137357.1	ENST00000382111.6	256	2149
PB.3836.4	PB.3836.3	0	4895
PB.3836.4	ENST00000642696.1	256	4895
PB.3836.4	PB.3836.2	256	4842
PB.3836.4	ENST00000651528.2	256	4750
PB.3836.4	ENST00000646969.1	256	4975
PB.3836.4	ENST00000646465.1	256	4938
PB.96144.1	ENST00000397492.1	0	918
PB.96144.1	PB.37891.2	256	918
PB.96144.1	PB.52964.1	256	918
PB.96144.1	ENST00000248975.6	256	918
PB.96144.1	PB.45443.1	256	918
PB.157468.1	PB.88809.1	0	893
PB.124806.1	PB.88809.1	0	330
PB.124806.1	PB.143869.1	256	330
PB.124806.1	PB.30441.1	256	330
PB.124806.1	ENST00000216038.6	256	330
PB.23049.1	PB.23049.3	0	2004
PB.23049.1	ENST00000266087.12	256	1912
PB.23049.1	ENST00000397426.5	256	1746
PB.23049.1	PB.37893.2	256	1746
PB.23049.1	PB.52965.1	256	1702
PB.23049.1	PB.45444.2	256	1597
PB.30442.1	PB.23049.3	0	2039
PB.30442.1	ENST00000266087.12	256	1949
PB.30442.1	PB.37893.2	256	1746
PB.30442.1	ENST00000397426.5	256	1746
PB.30442.1	PB.52965.1	256	1702
PB.30442.1	PB.45444.4	256	1644
PB.88810.1	ENST00000266085.7	0	4087
PB.15750.1	ENST00000266085.7	0	2292
PB.15750.1	PB.23050.1	256	2292
PB.157470.1	ENST00000610186.6	0	2518
PB.157470.1	ENST00000608642.6	256	2301
PB.157470.1	ENST00000609799.6	256	2300
PB.83172.1	PB.88811.1	0	874
PB.83172.1	ENST00000216106.6	256	807
PB.68267.1	ENST00000216106.6	0	1152
PB.68267.1	PB.88811.1	256	992
PB.75737.3	PB.88811.1	0	1192
PB.75737.3	ENST00000216106.6	256	1133
PB.15751.1	ENST00000411850.5	0	2267
PB.15751.1	PB.164580.1	256	2232
PB.15751.1	ENST00000449058.7	256	2218
PB.15751.1	PB.157471.2	256	1995
PB.15751.1	ENST00000425375.5	256	1983
PB.15751.1	ENST00000447733.5	256	2127
PB.157471.1	ENST00000411850.5	0	2238
PB.157471.1	PB.164580.1	256	2212
PB.157471.1	ENST00000449058.7	256	2198
PB.157471.1	PB.157471.2	256	1975
PB.157471.1	ENST00000447733.5	256	2107
PB.157471.1	ENST00000425375.5	256	1954
PB.15751.3	ENST00000411850.5	0	2135
PB.15751.3	PB.164580.1	256	2108
PB.15751.3	ENST00000449058.7	256	2094
PB.15751.3	PB.157471.2	256	1871
PB.15751.3	ENST00000425375.5	256	1851
PB.15751.3	ENST00000447733.5	256	2032
PB.15751.4	PB.164580.1	0	2237
PB.15751.4	ENST00000411850.5	256	2242
PB.15751.4	ENST00000449058.7	256	2223
PB.15751.4	PB.157471.2	256	1999
PB.15751.4	ENST00000447733.5	256	2126
PB.15751.4	ENST00000425375.5	256	1958
PB.23052.1	PB.157471.2	0	1324
PB.23052.1	ENST00000411850.5	256	991
PB.23052.1	PB.164580.1	256	990
PB.164580.2	PB.164580.1	0	2149
PB.164580.2	ENST00000411850.5	256	2163
PB.164580.2	ENST00000449058.7	256	2146
PB.164580.2	PB.157471.2	256	1902
PB.164580.2	ENST00000425375.5	256	1879
PB.164580.2	ENST00000447733.5	256	2114
PB.45447.2	ENST00000411850.5	0	1081
PB.45447.2	PB.164580.1	256	1081
PB.45447.2	ENST00000449058.7	256	1075
PB.45447.2	PB.157471.2	256	826
PB.45447.2	ENST00000425375.5	256	785
PB.45447.2	ENST00000447733.5	256	1008
PB.118942.1	ENST00000411850.5	0	293
PB.118942.1	ENST00000449058.7	256	293
PB.118942.1	ENST00000425375.5	256	293
PB.118942.1	PB.157471.2	256	293
PB.118942.1	ENST00000447733.5	256	293
PB.118942.1	PB.96151.1	256	293
PB.124809.1	PB.164581.1	0	2207
PB.124809.1	PB.143873.2	256	2183
PB.124809.1	ENST00000216122.9	256	2180
PB.124809.1	PB.130886.1	256	2178
PB.124809.1	PB.157472.2	256	2178
PB.124809.1	PB.157472.3	256	2125
PB.88812.1	PB.3838.2	0	2928
PB.164581.2	ENST00000216122.9	0	2316
PB.164581.2	PB.157472.2	256	2314
PB.164581.2	PB.157472.3	256	2261
PB.164581.2	PB.150550.1	256	2138
PB.164581.2	PB.164581.4	256	2208
PB.164581.2	PB.130886.1	256	1966
PB.164581.3	PB.157472.2	0	2402
PB.164581.3	ENST00000216122.9	256	2402
PB.164581.3	PB.157472.3	256	2349
PB.164581.3	PB.150550.1	256	2226
PB.164581.3	PB.164581.4	256	2296
PB.164581.3	PB.130886.1	256	2054
PB.111622.1	PB.3838.2	0	403
PB.111622.1	PB.157472.3	256	403
PB.111622.1	ENST00000382011.9	256	403
PB.111622.1	PB.164581.4	256	403
PB.111622.1	PB.157472.2	256	403
PB.111622.1	PB.75741.1	256	403
PB.37898.1	ENST00000216127.5	0	1962
PB.37898.1	PB.143874.1	256	1962
PB.143875.1	ENST00000409652.5	0	2798
PB.8687.2	ENST00000438146.7	0	4250
PB.8687.2	ENST00000405409.6	256	4250
PB.52972.1	ENST00000438146.7	0	1714
PB.52972.1	ENST00000449924.6	256	1413
PB.52972.1	PB.137362.1	256	1371
PB.68270.6	ENST00000405409.6	0	1363
PB.68270.6	PB.137362.1	256	1309
PB.68270.6	ENST00000449924.6	256	1279
PB.68270.6	PB.60662.1	256	1279
PB.68270.6	ENST00000262829.11	256	1175
PB.68270.6	ENST00000416721.6	256	1148
PB.75743.2	ENST00000438146.7	0	1114
PB.75743.2	ENST00000414461.6	256	1165
PB.75743.2	ENST00000405409.6	256	1138
PB.75743.2	ENST00000449924.6	256	1099
PB.75743.2	PB.60662.1	256	1099
PB.75743.2	PB.137362.1	256	1057
PB.68270.2	PB.137362.1	0	1374
PB.68270.2	PB.60662.1	256	1344
PB.68270.2	ENST00000449924.6	256	1321
PB.68270.2	ENST00000405409.6	256	1282
PB.68270.2	ENST00000262829.11	256	1217
PB.68270.2	ENST00000359369.8	256	1133
PB.75743.1	PB.137362.1	0	1205
PB.75743.1	ENST00000397303.6	256	1192
PB.75743.1	PB.60662.1	256	1175
PB.75743.1	ENST00000449924.6	256	1175
PB.75743.1	ENST00000438146.7	256	1163
PB.75743.1	ENST00000405409.6	256	1087
PB.68270.5	PB.137362.1	0	1241
PB.68270.5	PB.60662.1	256	1238
PB.68270.5	ENST00000405409.6	256	1165
PB.68270.5	ENST00000449924.6	256	1178
PB.68270.5	ENST00000416721.6	256	1042
PB.68270.5	ENST00000262829.11	256	1115
PB.68270.3	ENST00000449924.6	0	1217
PB.68270.3	PB.60662.1	256	1217
PB.68270.3	ENST00000438146.7	256	1205
PB.68270.3	PB.137362.1	256	1175
PB.68270.3	ENST00000397303.6	256	1162
PB.68270.3	ENST00000359369.8	256	1117
PB.68270.1	ENST00000438146.7	0	1372
PB.68270.1	ENST00000359369.8	256	1117
PB.68270.1	ENST00000405409.6	256	1155
PB.68270.1	ENST00000414461.6	256	1137
PB.60662.3	ENST00000438146.7	0	1495
PB.52972.3	ENST00000438146.7	0	646
PB.157473.2	ENST00000249066.10	0	2422
PB.157473.2	ENST00000358502.10	256	2385
PB.157473.2	PB.45451.1	256	2006
PB.157473.2	PB.23056.2	256	1928
PB.164585.1	PB.143876.1	0	1838
PB.164585.1	ENST00000422706.5	256	1802
PB.164585.1	ENST00000397278.8	256	1805
PB.164585.1	ENST00000426053.5	256	1733
PB.164585.1	PB.143876.2	256	1740
PB.164585.1	ENST00000319136.8	256	1716
PB.30450.1	PB.23057.1	0	1889
PB.30450.1	PB.143876.1	256	1180
PB.30450.1	ENST00000422706.5	256	1125
PB.30450.1	PB.23057.3	256	1813
PB.30450.1	PB.15757.1	256	1649
PB.30450.1	ENST00000319136.8	256	1058
PB.30450.2	PB.23057.1	0	1908
PB.30450.2	PB.143876.1	256	1208
PB.30450.2	ENST00000397278.8	256	1205
PB.30450.2	PB.23057.3	256	1843
PB.30450.2	PB.143876.2	256	1138
PB.30450.2	PB.15757.1	256	1684
PB.30450.3	ENST00000426053.5	0	1319
PB.30450.3	PB.150554.1	256	1319
PB.30450.3	PB.23057.1	256	1954
PB.30450.3	ENST00000397278.8	256	1237
PB.30450.3	PB.23057.3	256	1889
PB.30450.3	PB.15757.1	256	1794
PB.37902.1	ENST00000397278.8	0	1966
PB.37902.1	ENST00000422706.5	256	1966
PB.37902.1	PB.143876.2	256	1966
PB.37902.1	PB.150554.1	256	1966
PB.37902.1	ENST00000319136.8	256	1966
PB.37902.1	ENST00000426053.5	256	1966
PB.23058.1	ENST00000216181.11	0	1977
PB.23058.1	PB.3841.13	256	1976
PB.3841.11	ENST00000216181.11	0	6783
PB.3841.11	PB.3841.13	256	6782
PB.3841.12	ENST00000216181.11	0	4881
PB.3841.12	PB.3841.13	256	4880
PB.3841.21	ENST00000216181.11	0	4393
PB.3841.21	PB.3841.13	256	4393
PB.3841.15	ENST00000216181.11	0	7338
PB.3841.15	PB.3841.13	256	7338
PB.3841.16	PB.3841.13	0	6877
PB.3841.16	ENST00000216181.11	256	6877
PB.3841.14	PB.3841.13	0	7416
PB.3841.14	ENST00000216181.11	256	7377
PB.130890.4	ENST00000216181.11	0	2873
PB.130890.4	PB.3841.13	256	2873
PB.3841.24	PB.3841.13	0	5804
PB.3841.24	ENST00000216181.11	256	5804
PB.130890.7	PB.3841.13	0	-311
PB.130890.7	ENST00000216181.11	256	-311
PB.60665.1	PB.45454.1	0	1025
PB.96156.1	PB.103757.1	0	597
PB.96156.1	ENST00000216185.7	256	585
PB.96156.1	PB.68273.2	256	444
PB.96156.1	PB.45454.1	256	511
PB.96156.1	ENST00000416967.1	256	461
PB.96156.1	PB.75746.2	256	422
PB.96156.3	PB.103757.1	0	471
PB.96156.3	ENST00000416967.1	256	530
PB.96156.3	PB.75746.2	256	424
PB.96156.3	PB.45454.1	256	461
PB.96156.3	ENST00000216185.7	256	461
PB.96156.3	PB.68273.2	256	323
PB.96156.5	PB.83180.3	0	691
PB.96156.5	ENST00000216185.7	256	691
PB.96156.5	PB.68273.2	256	571
PB.96156.5	PB.45454.1	256	639
PB.96156.5	ENST00000416967.1	256	589
PB.96156.5	PB.96156.4	256	589
PB.60665.2	PB.45454.1	0	1153
PB.52975.3	PB.45454.1	0	782
PB.8689.1	ENST00000397224.9	0	3672
PB.8689.1	ENST00000216187.10	256	3408
PB.8689.2	ENST00000397224.9	0	2836
PB.8689.2	ENST00000216187.10	256	3191
PB.8689.2	PB.137366.1	256	3042
PB.8689.2	PB.137366.2	256	3032
PB.88815.1	ENST00000397224.9	0	2890
PB.88815.1	ENST00000216187.10	256	3310
PB.88815.1	PB.137366.1	256	3187
PB.88815.1	PB.137366.2	256	3032
PB.88815.2	ENST00000397224.9	0	2836
PB.88815.2	ENST00000216187.10	256	3298
PB.88815.2	PB.137366.1	256	3191
PB.88815.2	PB.137366.2	256	3032
PB.88815.3	ENST00000397224.9	0	2866
PB.88815.3	ENST00000216187.10	256	3189
PB.88815.3	PB.137366.2	256	3093
PB.88815.3	PB.137366.1	256	3040
PB.164587.1	ENST00000397224.9	0	1314
PB.124813.1	ENST00000216187.10	0	3389
PB.124813.1	ENST00000397224.9	256	3280
PB.124813.1	PB.137366.1	256	3197
PB.124813.1	PB.137366.2	256	3032
PB.124813.2	ENST00000397224.9	0	3271
PB.124813.2	ENST00000216187.10	256	3241
PB.137366.3	ENST00000216187.10	0	2464
PB.137366.3	PB.137366.1	256	2464
PB.137366.3	PB.137366.2	256	2462
PB.137366.3	ENST00000397224.9	256	2462
PB.143879.2	PB.137366.1	0	2581
PB.143879.2	ENST00000216187.10	256	2563
PB.143879.2	PB.137366.2	256	2454
PB.143879.2	ENST00000397224.9	256	2454
PB.15760.1	ENST00000397223.4	0	986
PB.15760.1	PB.137366.1	256	883
PB.15760.1	ENST00000216187.10	256	883
PB.15760.1	ENST00000397224.9	256	881
PB.15760.1	PB.137366.2	256	881
PB.124813.4	ENST00000397223.4	0	635
PB.124813.4	ENST00000216187.10	256	532
PB.124813.4	PB.137366.1	256	532
PB.124813.4	ENST00000397224.9	256	530
PB.124813.4	PB.137366.2	256	530
PB.52976.2	PB.37907.1	0	1535
PB.52976.2	ENST00000216190.13	256	1505
PB.52976.2	ENST00000405442.5	256	1415
PB.52976.2	PB.37907.4	256	1415
PB.37907.2	PB.37907.1	0	1794
PB.37907.2	ENST00000216190.13	256	1792
PB.37907.2	PB.37907.4	256	1701
PB.37907.2	ENST00000405442.5	256	1658
PB.37907.3	ENST00000216190.13	0	1790
PB.37907.3	PB.37907.1	256	1790
PB.37907.3	PB.37907.4	256	1790
PB.37907.3	ENST00000405442.5	256	1747
PB.30454.2	ENST00000216190.13	0	1791
PB.30454.2	PB.37907.1	256	1791
PB.30454.2	PB.37907.4	256	1789
PB.30454.2	ENST00000405442.5	256	1746
PB.30454.1	ENST00000216190.13	0	1734
PB.30454.1	PB.37907.1	256	1734
PB.30454.1	ENST00000405442.5	256	1644
PB.30454.1	PB.37907.4	256	1644
PB.45456.2	PB.37907.1	0	1557
PB.45456.2	ENST00000216190.13	256	1556
PB.45456.2	PB.37907.4	256	1465
PB.45456.2	ENST00000405442.5	256	1422
PB.164588.1	PB.37907.1	0	1362
PB.164588.1	ENST00000216190.13	256	1360
PB.164588.1	PB.37907.4	256	1269
PB.164588.1	ENST00000405442.5	256	1226
PB.45456.1	PB.37907.1	0	1668
PB.45456.1	ENST00000216190.13	256	1646
PB.45456.1	PB.37907.4	256	1555
PB.45456.1	ENST00000405442.5	256	1512
PB.52976.3	PB.37907.1	0	1592
PB.52976.3	ENST00000216190.13	256	1568
PB.52976.3	PB.37907.4	256	1477
PB.52976.3	ENST00000405442.5	256	1434
PB.30454.3	PB.37907.4	0	1856
PB.30454.3	ENST00000405442.5	256	1776
PB.30454.3	PB.37907.1	256	1788
PB.30454.3	ENST00000216190.13	256	1788
PB.130892.1	PB.37907.1	0	543
PB.130892.1	ENST00000216190.13	256	522
PB.130892.1	PB.37907.4	256	432
PB.130892.1	ENST00000405442.5	256	389
PB.124814.1	PB.37907.1	0	15
PB.124814.1	ENST00000216190.13	256	-15
PB.124814.1	PB.37907.4	256	-105
PB.124814.1	ENST00000405442.5	256	-147
PB.83182.1	PB.37907.1	0	266
PB.83182.1	ENST00000216190.13	256	226
PB.88816.1		4	0
PB.68276.1	PB.68276.5	0	1320
PB.68276.1	PB.68276.4	256	1195
PB.68276.1	ENST00000401419.7	256	1177
PB.68276.1	ENST00000341116.7	256	1102
PB.68276.1	ENST00000429360.6	256	1097
PB.68276.1	PB.75751.1	256	1125
PB.83184.1	ENST00000397225.2	0	1135
PB.83184.1	PB.68276.2	256	1135
PB.83184.1	PB.68276.3	256	1135
PB.83184.1	PB.60666.1	256	1135
PB.83184.1	ENST00000341116.7	256	1133
PB.83184.1	ENST00000429360.6	256	1129
PB.30456.2	PB.143880.1	0	1969
PB.30456.2	PB.137367.1	256	1969
PB.30456.2	PB.130894.1	256	1969
PB.23061.1	PB.137368.1	0	2168
PB.23061.1	ENST00000406725.6	256	2168
PB.23061.1	ENST00000676104.1	256	2168
PB.23061.1	ENST00000346753.9	256	2168
PB.23061.1	ENST00000406856.7	256	2076
PB.23061.1	ENST00000381792.6	256	2076
PB.150560.1	ENST00000249071.11	0	1065
PB.150560.1	PB.83185.1	256	1063
PB.150560.1	PB.75752.2	256	1063
PB.150560.1	PB.52981.1	256	1063
PB.75752.1	ENST00000249071.11	0	1255
PB.75752.1	PB.75752.2	256	1178
PB.75752.1	PB.52981.1	256	1090
PB.75752.1	PB.83185.1	256	1062
PB.15763.1	PB.75752.2	0	1123
PB.15763.1	ENST00000249071.11	256	1123
PB.15763.1	PB.52981.1	256	1123
PB.15763.1	PB.83185.1	256	1079
PB.157476.1	PB.137370.1	0	332
PB.157476.1	ENST00000402997.5	256	330
PB.157476.1	ENST00000405206.3	256	318
PB.157476.1	ENST00000248901.11	256	297
PB.52983.1	PB.37912.3	0	1387
PB.52983.1	PB.23065.1	256	1387
PB.52983.1	ENST00000249014.5	256	1387
PB.52983.1	PB.15766.2	256	1386
PB.52983.1	PB.124818.1	256	1295
PB.37912.1	ENST00000249014.5	0	1625
PB.37912.1	PB.23065.1	256	1621
PB.37912.1	PB.124818.1	256	328
PB.37912.1	PB.15766.2	256	1519
PB.37912.1	PB.45462.1	256	1603
PB.37912.1	PB.37912.3	256	1359
PB.37912.2	ENST00000249014.5	0	1506
PB.37912.2	PB.23065.1	256	1502
PB.37912.2	PB.124818.1	256	208
PB.37912.2	PB.45462.1	256	1664
PB.37912.2	PB.15766.2	256	1399
PB.37912.2	PB.37912.3	256	1240
PB.30458.1	PB.23065.1	0	2024
PB.30458.1	ENST00000249014.5	256	2024
PB.30458.1	PB.124818.1	256	699
PB.30458.1	PB.15766.2	256	1917
PB.30458.1	PB.37912.3	256	1758
PB.52983.2	PB.23065.1	0	1354
PB.52983.2	ENST00000249014.5	256	1354
PB.52983.2	PB.15766.2	256	1354
PB.52983.2	PB.124818.1	256	33
PB.52983.2	PB.45462.1	256	1495
PB.52983.2	PB.37912.3	256	1238
PB.60670.1	PB.8695.1	0	1441
PB.60670.1	ENST00000325180.12	256	1441
PB.60670.1	PB.150561.1	256	1441
PB.60670.1	PB.150561.3	256	1441
PB.60670.1	PB.23066.1	256	1440
PB.60670.1	PB.130898.3	256	1436
PB.83186.1	PB.8695.1	0	1056
PB.68280.2	PB.8695.1	0	1287
PB.68280.2	PB.137372.3	2048	203
PB.52984.1	PB.8695.1	0	1286
PB.52984.1	PB.137372.3	2048	523
PB.52984.1	PB.130898.3	256	346
PB.52984.1	ENST00000406772.5	256	317
PB.103766.1	ENST00000451997.6	0	671
PB.118958.1	ENST00000215909.10	0	287
PB.118958.1	PB.103767.2	256	287
PB.23067.1	ENST00000644935.1	0	2065
PB.23067.1	PB.157480.3	256	2065
PB.23067.1	ENST00000403663.6	256	1696
PB.45464.1	ENST00000644935.1	0	1715
PB.45464.1	PB.157480.3	256	1715
PB.157480.1	ENST00000644935.1	0	2344
PB.157480.1	PB.157480.3	256	2343
PB.157480.1	ENST00000403663.6	256	2009
PB.157480.2	PB.157480.3	0	2434
PB.157480.2	ENST00000644935.1	256	2408
PB.157480.2	ENST00000403663.6	256	2146
PB.143885.1	ENST00000407319.7	0	1849
PB.130901.1	ENST00000403663.6	0	1654
PB.130901.1	ENST00000644935.1	256	1686
PB.130901.1	PB.157480.3	256	1686
PB.143885.2	ENST00000407319.7	0	935
PB.15768.3	ENST00000403663.6	0	867
PB.15768.3	ENST00000644935.1	256	867
PB.15768.3	PB.157480.3	256	867
PB.157480.4	ENST00000644935.1	0	2466
PB.52989.1	PB.60675.2	0	1297
PB.52989.1	ENST00000248924.11	256	1309
PB.52989.1	PB.60675.3	256	1307
PB.52989.1	ENST00000323205.10	256	1064
PB.60675.1	ENST00000323205.10	0	1474
PB.60675.1	PB.60675.2	256	1290
PB.60675.1	ENST00000248924.11	256	1302
PB.60675.1	PB.60675.3	256	1300
PB.52989.2	ENST00000248924.11	0	1260
PB.52989.2	PB.60675.3	256	1258
PB.52989.2	PB.60675.2	256	1210
PB.52989.2	ENST00000323205.10	256	1004
PB.52989.3	ENST00000248924.11	0	1368
PB.52989.3	PB.60675.3	256	1366
PB.52989.3	PB.60675.2	256	1308
PB.52989.3	ENST00000323205.10	256	1388
PB.15770.1	PB.60675.2	0	225
PB.15770.1	ENST00000323205.10	256	225
PB.15770.1	ENST00000248924.11	256	225
PB.15770.1	PB.60675.3	256	225
PB.75757.1	ENST00000248924.11	0	1171
PB.75757.1	PB.60675.3	256	1171
PB.75757.1	PB.60675.2	256	1103
PB.75757.1	ENST00000323205.10	256	943
PB.68285.1	ENST00000248924.11	0	951
PB.68285.1	PB.60675.3	256	951
PB.68285.1	PB.60675.2	256	883
PB.68285.1	ENST00000323205.10	256	752
PB.30464.3	ENST00000652021.1	0	1742
PB.30464.3	ENST00000412331.6	256	1742
PB.30464.3	ENST00000624234.3	256	1742
PB.30464.3	PB.37921.1	256	1742
PB.30464.3	PB.30464.2	256	1665
PB.30464.3	PB.23070.1	256	1511
PB.68286.1	PB.45467.4	0	1216
PB.68286.1	ENST00000412331.6	256	1216
PB.68286.1	PB.37921.1	256	1216
PB.68286.1	ENST00000652021.1	256	1216
PB.68286.1	ENST00000624234.3	256	1216
PB.68286.1	PB.30464.2	256	1139
PB.150565.2		4	0
PB.83194.1	PB.37922.1	0	1049
PB.83194.1	PB.52991.1	256	1049
PB.83194.1	ENST00000215957.10	256	1049
PB.83194.1	PB.88820.1	256	1048
PB.83194.1	PB.88820.2	256	1040
PB.83194.1	PB.30465.1	256	1038
PB.150567.1	ENST00000360880.6	0	2607
PB.150567.1	PB.150567.3	256	2595
PB.150567.1	ENST00000396884.8	256	2595
PB.150567.1	PB.150567.4	256	2445
PB.150567.1	PB.164593.1	256	2441
PB.30467.1	PB.164593.1	0	2041
PB.30467.1	ENST00000360880.6	256	2038
PB.30467.1	PB.37923.1	256	2031
PB.30467.1	PB.150567.3	256	2026
PB.30467.1	ENST00000396884.8	256	2026
PB.30467.1	PB.150567.4	256	1876
PB.150567.2	ENST00000360880.6	0	2605
PB.150567.2	ENST00000396884.8	256	2593
PB.150567.2	PB.150567.3	256	2593
PB.150567.2	PB.150567.4	256	2443
PB.150567.2	PB.164593.1	256	2439
PB.150567.2	PB.37923.1	256	2100
PB.68287.1	PB.164593.1	0	1430
PB.68287.1	ENST00000360880.6	256	1427
PB.68287.1	PB.37923.1	256	1420
PB.68287.1	PB.150567.3	256	1415
PB.68287.1	ENST00000396884.8	256	1415
PB.68287.1	PB.150567.4	256	1265
PB.103774.1	ENST00000360880.6	0	636
PB.103774.1	PB.164593.1	256	636
PB.103774.1	PB.37923.1	256	635
PB.103774.1	PB.150567.3	256	630
PB.103774.1	ENST00000396884.8	256	630
PB.23072.2	PB.164593.1	0	2056
PB.23072.2	ENST00000360880.6	256	2056
PB.23072.2	PB.150567.3	256	2056
PB.23072.2	PB.37923.1	256	2056
PB.23072.2	ENST00000396884.8	256	2056
PB.23072.2	PB.150567.4	256	1907
PB.83198.1		4	0
PB.130903.1	ENST00000332509.8	0	3257
PB.130903.1	PB.88822.3	256	2526
PB.130903.1	PB.88822.1	256	2445
PB.130903.1	PB.88822.2	256	2297
PB.130903.1	PB.137374.1	256	3132
PB.130903.1	ENST00000663895.1	256	3129
PB.103775.1	PB.68290.1	0	553
PB.103775.1	ENST00000335539.7	256	553
PB.103775.1	PB.88822.3	256	553
PB.103775.1	PB.137374.2	256	553
PB.103775.1	PB.88822.4	256	553
PB.103775.1	PB.60680.1	256	551
PB.45470.1	PB.124822.2	0	1192
PB.45470.1	ENST00000361906.8	256	1168
PB.45470.1	ENST00000361684.8	256	1041
PB.45470.1	PB.88823.1	256	1041
PB.124822.1	PB.124822.2	0	3526
PB.124822.1	ENST00000361906.8	256	3525
PB.124822.1	PB.88823.1	256	3398
PB.124822.1	ENST00000361684.8	256	3365
PB.124822.3	PB.124822.2	0	3553
PB.124822.3	ENST00000361906.8	256	3540
PB.124822.3	PB.88823.1	256	3413
PB.124822.3	ENST00000361684.8	256	3380
PB.60681.2	PB.88823.1	0	1051
PB.60681.2	PB.150568.1	256	1051
PB.60681.2	ENST00000361906.8	256	1051
PB.60681.2	PB.124822.2	256	1051
PB.60681.2	PB.164596.1	256	1036
PB.60681.2	ENST00000361684.8	256	1025
PB.124822.4	PB.124822.2	0	3488
PB.124822.4	ENST00000361906.8	256	3488
PB.124822.4	PB.88823.1	256	3451
PB.124822.4	ENST00000361684.8	256	3427
PB.124822.5	PB.124822.2	0	3473
PB.124822.5	ENST00000361906.8	256	3472
PB.124822.5	PB.88823.1	256	3345
PB.124822.5	ENST00000361684.8	256	3336
PB.130904.2	ENST00000361906.8	0	3199
PB.130904.2	PB.124822.2	256	3199
PB.130904.2	PB.88823.1	256	3077
PB.130904.2	ENST00000361684.8	256	3069
PB.130904.2	PB.150568.1	256	2704
PB.124822.6	ENST00000361906.8	0	3429
PB.124822.6	PB.124822.2	256	3429
PB.124822.6	ENST00000361684.8	256	3305
PB.124822.6	PB.88823.1	256	3305
PB.124822.7	PB.124822.2	0	3372
PB.124822.7	ENST00000361906.8	256	3372
PB.124822.7	PB.88823.1	256	3248
PB.124822.7	ENST00000361684.8	256	3248
PB.124822.8	ENST00000361906.8	0	3419
PB.124822.8	PB.124822.2	256	3419
PB.124822.8	ENST00000361684.8	256	3297
PB.124822.8	PB.88823.1	256	3297
PB.60681.4	PB.124822.2	0	713
PB.60681.4	ENST00000361906.8	256	711
PB.60681.4	PB.88823.1	256	584
PB.60681.4	ENST00000361684.8	256	584
PB.150569.1	PB.143890.1	0	1297
PB.150569.1	PB.150569.2	256	1297
PB.150569.1	ENST00000396832.6	256	1296
PB.150569.1	ENST00000403904.5	256	1296
PB.150569.1	ENST00000359867.7	256	1295
PB.157483.1	PB.30471.1	0	333
PB.157483.1	PB.150569.2	256	333
PB.157483.1	PB.52993.2	256	333
PB.157483.1	PB.143890.1	256	333
PB.157483.1	ENST00000359867.7	256	333
PB.157483.1	ENST00000403904.5	256	333
PB.3846.1	PB.124823.2	0	2072
PB.3846.1	PB.150569.2	2048	333
PB.3846.1	PB.30471.1	256	333
PB.3846.1	ENST00000359867.7	256	333
PB.3846.1	PB.45471.1	256	333
PB.3846.1	ENST00000396832.6	256	333
PB.3846.1	PB.52993.2	256	333
PB.15774.3	PB.143890.1	0	1611
PB.15774.3	PB.150569.2	256	1519
PB.15774.3	ENST00000403904.5	256	1296
PB.15774.3	ENST00000396832.6	256	1296
PB.15774.3	ENST00000359867.7	256	1295
PB.23078.2	ENST00000396832.6	0	1274
PB.23078.2	ENST00000403904.5	256	1274
PB.23078.2	PB.150569.2	256	1231
PB.23078.2	PB.143890.1	256	1231
PB.23078.2	ENST00000359867.7	256	1230
PB.30471.2	ENST00000396832.6	0	1429
PB.30471.2	ENST00000403904.5	256	1429
PB.30471.2	PB.150569.2	256	1296
PB.30471.2	PB.143890.1	256	1296
PB.30471.2	ENST00000359867.7	256	1295
PB.45471.3		4	0
PB.137376.1	ENST00000359867.7	0	852
PB.137376.1	PB.143890.1	256	852
PB.137376.1	PB.150569.2	256	852
PB.137376.1	ENST00000396832.6	256	852
PB.137376.1	ENST00000403904.5	256	852
PB.137376.1	PB.30471.1	256	746
PB.124823.1	ENST00000396832.6	0	1368
PB.124823.1	ENST00000403904.5	256	1368
PB.124823.1	PB.150569.2	256	1231
PB.124823.1	PB.143890.1	256	1231
PB.124823.1	ENST00000359867.7	256	1230
PB.150570.2		4	0
PB.96174.1	ENST00000652019.1	0	770
PB.37932.1	ENST00000396821.8	0	1954
PB.68296.1	ENST00000396821.8	0	1387
PB.60686.1	ENST00000396821.8	0	1596
PB.3848.1	ENST00000396821.8	0	-1472
PB.15775.1	ENST00000396821.8	0	2472
PB.124824.1	ENST00000216039.9	0	3568
PB.124824.1	ENST00000683374.1	256	3526
PB.124824.1	PB.137377.1	256	3033
PB.124824.1	PB.137377.2	256	3030
PB.8698.1	ENST00000216044.10	0	4624
PB.88825.1	ENST00000405018.5	0	3869
PB.88825.1	ENST00000405510.5	256	3734
PB.88825.1	PB.88825.4	256	3727
PB.137379.2	ENST00000405510.5	0	3159
PB.137379.2	PB.88825.4	256	3153
PB.137379.2	ENST00000405018.5	256	3151
PB.88825.2	ENST00000405510.5	0	3799
PB.88825.2	PB.88825.4	256	3793
PB.88825.2	ENST00000405018.5	256	3669
PB.45478.1	ENST00000333039.4	0	1850
PB.8699.1	ENST00000333039.4	0	4524
PB.157489.1	ENST00000216083.6	0	2515
PB.157489.1	ENST00000407418.8	256	2515
PB.157489.1	PB.137381.3	256	2429
PB.157489.1	PB.137381.4	256	2425
PB.150578.3	ENST00000407418.8	0	2105
PB.150578.3	PB.137381.3	256	2027
PB.150578.3	ENST00000216083.6	256	1971
PB.150578.3	PB.137381.4	256	1901
PB.137381.1	ENST00000407418.8	0	2929
PB.137381.1	PB.137381.3	256	2857
PB.137381.1	ENST00000216083.6	256	2795
PB.137381.1	PB.137381.4	256	2725
PB.150578.1	ENST00000216083.6	0	2399
PB.150578.1	ENST00000407418.8	256	2399
PB.150578.1	PB.137381.3	256	2313
PB.150578.1	PB.137381.4	256	2309
PB.143894.1	ENST00000407418.8	0	2473
PB.143894.1	PB.137381.3	256	2453
PB.143894.1	ENST00000216083.6	256	2400
PB.143894.1	PB.137381.4	256	2310
PB.83213.1	ENST00000361441.5	0	979
PB.96181.1	ENST00000361441.5	0	831
PB.15780.1	ENST00000361441.5	0	2015
PB.143895.1	ENST00000216133.10	0	2914
PB.150581.1		4	0
PB.164606.1	ENST00000331163.11	0	2294
PB.164606.1	PB.157490.1	256	2294
PB.150582.1	ENST00000331163.11	0	2293
PB.150582.1	PB.157490.1	256	2293
PB.164606.2	ENST00000331163.11	0	2399
PB.164606.2	PB.157490.1	256	2399
PB.75774.1	ENST00000401609.5	0	1128
PB.75774.1	ENST00000216146.9	256	1128
PB.75774.1	PB.68302.2	256	1127
PB.75774.1	PB.37938.3	256	1126
PB.75774.1	PB.60695.3	256	1126
PB.75774.1	PB.60695.2	256	920
PB.83216.2	PB.83216.9	0	908
PB.83216.2	PB.83216.7	256	798
PB.83216.2	PB.68302.2	256	769
PB.83216.2	ENST00000216146.9	256	769
PB.83216.2	PB.37938.3	256	768
PB.83216.2	PB.60695.3	256	768
PB.103784.3	ENST00000401609.5	0	345
PB.103784.3	PB.83216.7	256	345
PB.103784.3	PB.68302.2	256	345
PB.103784.3	PB.60695.3	256	345
PB.103784.3	ENST00000216146.9	256	345
PB.103784.3	PB.83216.9	256	343
PB.111653.1	PB.68302.2	0	207
PB.111653.1	PB.83216.7	256	207
PB.111653.1	PB.75774.2	256	207
PB.111653.1	PB.75774.7	256	207
PB.111653.1	PB.96183.3	256	207
PB.111653.1	PB.83216.9	256	205
PB.111653.2	PB.45482.1	0	224
PB.111653.2	PB.83216.9	256	224
PB.111653.2	PB.75774.7	256	224
PB.111653.2	PB.75774.2	256	224
PB.111653.2	PB.83216.7	256	224
PB.75774.5	ENST00000216146.9	0	1073
PB.75774.5	PB.68302.2	256	1073
PB.75774.5	PB.60695.3	256	1045
PB.75774.5	ENST00000401609.5	256	1045
PB.75774.5	PB.37938.3	256	1045
PB.75774.5	PB.60695.2	256	867
PB.75774.6	PB.68302.2	0	1071
PB.75774.6	ENST00000401609.5	256	1071
PB.75774.6	PB.60695.3	256	1071
PB.75774.6	ENST00000216146.9	256	1071
PB.75774.6	PB.37938.3	256	1071
PB.75774.6	PB.60695.2	256	903
PB.83216.3	PB.68302.2	0	941
PB.83216.3	ENST00000216146.9	256	941
PB.83216.3	ENST00000401609.5	256	913
PB.83216.3	PB.60695.3	256	913
PB.83216.3	PB.37938.3	256	913
PB.83216.3	PB.60695.2	256	766
PB.83216.5	PB.68302.2	0	870
PB.83216.5	ENST00000216146.9	256	870
PB.83216.5	ENST00000401609.5	256	857
PB.83216.5	PB.60695.3	256	857
PB.83216.5	PB.37938.3	256	857
PB.83216.5	PB.60695.2	256	759
PB.83216.6	ENST00000216146.9	0	835
PB.83216.6	PB.68302.2	256	835
PB.83216.6	ENST00000401609.5	256	807
PB.83216.6	PB.37938.3	256	807
PB.83216.6	PB.60695.3	256	807
PB.83216.6	PB.60695.2	256	629
PB.96183.2	PB.83216.7	0	745
PB.96183.2	PB.83216.9	256	655
PB.96183.2	PB.68302.2	256	596
PB.96183.2	ENST00000401609.5	256	596
PB.96183.2	PB.37938.3	256	596
PB.96183.2	ENST00000216146.9	256	596
PB.96183.4	ENST00000216146.9	0	755
PB.96183.4	PB.60695.3	256	755
PB.96183.4	PB.83216.9	256	755
PB.96183.4	PB.68302.2	256	755
PB.96183.4	ENST00000401609.5	256	755
PB.96183.4	PB.83216.7	256	704
PB.15784.1	PB.124830.1	0	2035
PB.96184.1	ENST00000318801.8	0	725
PB.96184.1	PB.96184.2	256	690
PB.88828.2	PB.8702.1	0	4029
PB.88828.2	ENST00000328933.10	256	3997
PB.111654.1	PB.96184.2	0	376
PB.111654.1	ENST00000381535.4	256	376
PB.111654.1	ENST00000318801.8	256	376
PB.111654.1	PB.150584.1	256	314
PB.111654.1	PB.124830.1	256	314
PB.124831.1	ENST00000404569.5	0	3581
PB.124831.1	PB.3852.3	256	3551
PB.124831.1	PB.8703.1	256	3413
PB.124831.1	ENST00000325301.7	256	3301
PB.124831.1	PB.130914.3	256	3232
PB.124831.1	PB.130914.1	256	2936
PB.68307.1	ENST00000344138.9	0	1317
PB.68307.1	PB.68307.2	256	1242
PB.68307.1	PB.124833.2	256	1119
PB.68307.1	PB.130916.3	256	1119
PB.3853.2	ENST00000454349.7	0	5867
PB.3853.2	ENST00000335727.13	256	5703
PB.118986.1	ENST00000454349.7	0	257
PB.118986.1	ENST00000335727.13	256	242
PB.8705.1	ENST00000454349.7	0	4369
PB.8705.1	ENST00000335727.13	256	4222
PB.111658.1	ENST00000454349.7	0	492
PB.111658.1	ENST00000301923.13	256	492
PB.111658.1	ENST00000335727.13	256	492
PB.111659.1	ENST00000301923.13	0	420
PB.111659.1	ENST00000335727.13	256	420
PB.111659.1	ENST00000454349.7	256	420
PB.8706.1	PB.111660.1	0	428
PB.8706.1	ENST00000680978.1	256	403
PB.8706.1	ENST00000623632.4	256	403
PB.8706.1	ENST00000637666.2	256	403
PB.8706.1	ENST00000342312.9	256	403
PB.8706.1	ENST00000679723.1	256	402
PB.68309.1	ENST00000623063.3	0	1175
PB.68309.1	PB.45484.2	256	1160
PB.68309.1	ENST00000625194.4	256	1107
PB.68309.1	PB.60699.3	256	1093
PB.68309.1	ENST00000680378.1	256	1023
PB.68309.1	PB.45484.1	256	913
PB.3854.1	PB.45484.2	0	971
PB.3854.1	PB.75777.1	256	971
PB.3854.1	ENST00000623063.3	256	971
PB.3854.1	PB.60699.3	256	914
PB.3854.1	ENST00000625194.4	256	903
PB.3854.1	ENST00000680378.1	256	926
PB.3854.1	PB.111660.1	2048	245
PB.137387.1	PB.137387.5	0	2880
PB.137387.1	PB.143901.6	256	2675
PB.137387.1	ENST00000248929.14	256	2444
PB.137387.1	PB.150586.6	256	2416
PB.137387.2	PB.137387.5	0	2796
PB.137387.2	PB.143901.6	256	2591
PB.137387.2	ENST00000248929.14	256	2360
PB.137387.2	PB.150586.6	256	2339
PB.137387.3	PB.137387.5	0	2862
PB.137387.3	PB.143901.6	256	2657
PB.137387.3	ENST00000248929.14	256	2426
PB.137387.3	PB.150586.6	256	2405
PB.137387.4	ENST00000248929.14	0	2535
PB.137387.4	PB.150586.6	256	2514
PB.137387.4	PB.137387.5	256	2226
PB.137387.4	PB.143901.6	256	2021
PB.150586.1	ENST00000248929.14	0	2595
PB.150586.1	PB.150586.6	256	2573
PB.150586.1	PB.137387.5	256	2295
PB.150586.1	PB.143901.6	256	2090
PB.143901.1	PB.137387.5	0	2593
PB.143901.1	ENST00000248929.14	256	2723
PB.143901.1	PB.150586.6	256	2702
PB.143901.1	PB.143901.6	256	2388
PB.150586.2	ENST00000248929.14	0	2464
PB.150586.2	PB.150586.6	256	2437
PB.150586.2	PB.143901.6	256	2251
PB.150586.2	PB.137387.5	256	2155
PB.143901.3	ENST00000248929.14	0	2689
PB.143901.3	PB.150586.6	256	2668
PB.143901.3	PB.137387.5	256	2380
PB.143901.3	PB.143901.6	256	2175
PB.143901.4	PB.143901.6	0	2882
PB.143901.4	PB.137387.5	256	2784
PB.143901.4	ENST00000248929.14	256	2342
PB.143901.4	PB.150586.6	256	2329
PB.150586.3	ENST00000248929.14	0	2492
PB.150586.3	PB.150586.6	256	2477
PB.150586.3	PB.143901.6	256	2290
PB.150586.3	PB.137387.5	256	2189
PB.137387.8	PB.137387.5	0	2898
PB.137387.8	PB.143901.6	256	2699
PB.137387.8	ENST00000248929.14	256	2456
PB.137387.8	PB.150586.6	256	2447
PB.137387.6	PB.143901.6	0	2701
PB.137387.6	PB.137387.5	256	2599
PB.137387.6	ENST00000248929.14	256	2157
PB.137387.6	PB.150586.6	256	2148
PB.130917.1	PB.137387.5	0	2715
PB.130917.1	PB.143901.6	256	2516
PB.130917.1	ENST00000248929.14	256	2273
PB.130917.1	PB.150586.6	256	2257
PB.137387.7	PB.137387.5	0	2980
PB.137387.7	ENST00000248929.14	256	2717
PB.137387.7	PB.143901.6	256	2781
PB.137387.7	PB.150586.6	256	2522
PB.157495.1	ENST00000248929.14	0	2366
PB.157495.1	PB.150586.6	256	2357
PB.157495.1	PB.137387.5	256	2136
PB.157495.1	PB.143901.6	256	1937
PB.150586.4	ENST00000248929.14	0	2603
PB.150586.4	PB.150586.6	256	2587
PB.150586.4	PB.143901.6	256	2402
PB.150586.4	PB.137387.5	256	2299
PB.157495.2	ENST00000248929.14	0	2252
PB.157495.2	PB.150586.6	256	2247
PB.157495.2	PB.137387.5	256	2022
PB.157495.2	PB.143901.6	256	1827
PB.150586.5	ENST00000248929.14	0	2629
PB.150586.5	PB.150586.6	256	2626
PB.150586.5	PB.137387.5	256	2326
PB.150586.5	PB.143901.6	256	2133
PB.157495.3	ENST00000248929.14	0	2383
PB.157495.3	PB.150586.6	256	2381
PB.157495.3	PB.143901.6	256	2199
PB.157495.3	PB.137387.5	256	2090
PB.143901.7	PB.150586.6	0	2319
PB.143901.7	ENST00000248929.14	256	2319
PB.143901.7	PB.143901.6	256	2125
PB.143901.7	PB.137387.5	256	2016
PB.143901.8	ENST00000248929.14	0	2430
PB.143901.8	PB.150586.6	256	2428
PB.143901.8	PB.143901.6	256	2236
PB.143901.8	PB.137387.5	256	2127
PB.143901.9	PB.143901.6	0	2742
PB.143901.9	PB.137387.5	256	2633
PB.143901.9	ENST00000248929.14	256	2191
PB.143901.9	PB.150586.6	256	2185
PB.157495.5	PB.143901.6	0	2495
PB.157495.5	PB.137387.5	256	2495
PB.157495.5	PB.150586.6	256	2053
PB.157495.5	ENST00000248929.14	256	2053
PB.75778.1	ENST00000355630.10	0	1236
PB.75778.1	ENST00000402042.7	256	1236
PB.75778.1	PB.8707.2	256	1236
PB.75778.1	ENST00000407029.7	256	1236
PB.75778.1	ENST00000614754.4	256	1236
PB.75778.1	ENST00000652095.2	256	1236
PB.53014.1	PB.8707.1	0	1706
PB.53014.1	ENST00000407029.7	256	1706
PB.53014.1	ENST00000355630.10	256	1706
PB.53014.1	PB.8707.2	256	1706
PB.53014.1	ENST00000652095.2	256	1706
PB.53014.1	ENST00000402042.7	256	1706
PB.37943.1	ENST00000620651.4	0	1947
PB.37943.1	ENST00000355630.10	256	1947
PB.37943.1	PB.8707.1	256	1947
PB.37943.1	PB.8707.2	256	1947
PB.37943.1	ENST00000407029.7	256	1947
PB.37943.1	ENST00000402042.7	256	1947
PB.143902.1	ENST00000402042.7	0	3009
PB.143902.1	ENST00000652095.2	256	3009
PB.143902.1	ENST00000407029.7	256	3009
PB.143902.1	PB.8707.2	256	3009
PB.143902.1	PB.8707.1	256	3009
PB.143902.1	ENST00000620651.4	256	3009
PB.130918.1	ENST00000355630.10	0	3450
PB.130918.1	PB.8707.2	256	3450
PB.130918.1	ENST00000652095.2	256	3450
PB.130918.1	ENST00000407029.7	256	3450
PB.130918.1	ENST00000651595.2	256	3424
PB.130918.1	ENST00000396617.7	256	3424
PB.45486.2	PB.8707.2	0	504
PB.45486.2	PB.8707.1	256	490
PB.45486.2	ENST00000355630.10	256	416
PB.45486.2	ENST00000402042.7	256	388
PB.45486.2	PB.83222.1	256	384
PB.45486.2	ENST00000651595.2	256	382
PB.23089.1	ENST00000544408.5	0	1785
PB.23089.1	ENST00000435456.7	256	1806
PB.45487.2	ENST00000435456.7	0	1624
PB.45487.2	ENST00000544408.5	256	1337
PB.53015.2	ENST00000435456.7	0	1576
PB.53015.2	ENST00000544408.5	256	1145
PB.53015.3	ENST00000544408.5	0	1271
PB.53015.3	ENST00000402844.7	256	1192
PB.53015.3	ENST00000435456.7	256	1192
PB.53015.1	ENST00000435456.7	0	1620
PB.53015.1	ENST00000544408.5	256	1337
PB.3856.1	ENST00000357137.9	0	3610
PB.15791.1	ENST00000357137.9	0	2058
PB.143905.1	PB.3857.1	0	263
PB.143905.1	ENST00000263253.9	256	263
PB.143905.1	ENST00000674155.1	256	263
PB.130921.2	ENST00000216237.10	0	3116
PB.130921.2	PB.157501.1	256	2491
PB.124838.2	ENST00000216237.10	0	2833
PB.137392.1	ENST00000216237.10	0	2894
PB.137392.2	ENST00000216237.10	0	2929
PB.137392.3	ENST00000216237.10	0	2966
PB.137392.3	PB.157501.1	256	2565
PB.130921.3	ENST00000216237.10	0	3057
PB.130921.3	PB.157501.1	256	2434
PB.124838.3	ENST00000216237.10	0	2682
PB.137392.4	ENST00000216237.10	0	2927
PB.150592.3	PB.130923.3	0	2270
PB.150592.3	ENST00000356244.8	256	2270
PB.150592.3	PB.143907.3	256	2270
PB.150592.3	ENST00000405486.5	256	2269
PB.150592.3	PB.88833.2	256	2266
PB.150592.3	PB.8709.2	256	2266
PB.150592.3	PB.143907.3	2048	202
PB.150592.4	PB.137393.5	0	2272
PB.150592.4	PB.137393.2	256	2272
PB.150592.4	ENST00000356244.8	256	2272
PB.150592.4	PB.143907.3	256	2272
PB.150592.4	PB.137393.3	256	2272
PB.150592.4	PB.137393.4	256	2161
PB.157503.1	ENST00000352645.5	0	1775
PB.157503.1	PB.3858.1	256	1725
PB.150593.1	ENST00000352645.5	0	1884
PB.150593.1	PB.3858.1	256	1855
PB.75784.1	ENST00000406644.7	0	1179
PB.75784.1	ENST00000266304.9	256	1179
PB.96191.1	ENST00000327492.4	0	422
PB.96191.1	PB.45493.1	256	419
PB.103795.1	PB.83230.1	0	445
PB.103795.1	ENST00000216252.4	256	440
PB.103795.2	PB.83230.1	0	426
PB.103795.2	ENST00000216252.4	256	421
PB.130927.1	PB.137396.1	0	392
PB.150597.1	PB.124841.2	0	2019
PB.150597.1	PB.130927.2	256	1371
PB.157504.3	ENST00000216254.9	0	2591
PB.157504.3	ENST00000677153.1	256	2591
PB.157504.3	PB.157504.1	256	2591
PB.157504.3	ENST00000676748.1	256	2591
PB.157504.3	PB.137396.1	256	2591
PB.157504.3	PB.143910.4	256	2585
PB.15798.2	ENST00000355209.9	0	208
PB.15798.2	ENST00000396504.6	256	-105
PB.118999.1	PB.53021.1	0	248
PB.118999.1	ENST00000677554.1	256	248
PB.118999.1	PB.37951.2	256	248
PB.118999.1	PB.75786.1	256	248
PB.118999.1	ENST00000677153.1	256	248
PB.118999.1	PB.143910.6	256	246
PB.83232.1	ENST00000396504.6	0	1125
PB.83232.1	ENST00000355209.9	256	1084
PB.83232.1	PB.60710.2	256	1077
PB.83232.1	PB.60710.1	256	1003
PB.83232.1	PB.53022.2	256	811
PB.83232.1	PB.88838.1	256	952
PB.130928.1	PB.53022.2	0	578
PB.130928.1	ENST00000355209.9	256	577
PB.130928.1	ENST00000337566.9	256	569
PB.130928.1	PB.60710.1	256	555
PB.130928.1	PB.60710.2	256	489
PB.143911.1	ENST00000263256.7	0	2127
PB.130929.3	ENST00000263256.7	0	1728
PB.130929.3	PB.23096.1	256	1638
PB.130929.3	ENST00000263256.7	2048	603
PB.53024.2	ENST00000263256.7	0	1627
PB.53024.2	PB.23096.1	256	1624
PB.130929.1	ENST00000263256.7	0	2751
PB.130929.2	ENST00000263256.7	0	2577
PB.150599.1	ENST00000263256.7	0	1515
PB.150599.1	PB.23096.1	256	1622
PB.130929.4	ENST00000263256.7	0	2802
PB.53025.1	ENST00000359308.8	0	738
PB.75790.1	PB.23097.3	0	1216
PB.75790.1	ENST00000359308.8	256	1216
PB.75790.1	PB.68324.1	256	1216
PB.75790.1	PB.23097.1	256	1216
PB.75790.1	PB.23097.5	256	1216
PB.75790.1	PB.164619.1	256	1216
PB.157508.1		4	0
PB.124842.1	ENST00000612482.4	0	2028
PB.124842.1	ENST00000361204.9	256	2118
PB.124842.1	PB.3863.3	256	2333
PB.124842.1	PB.8715.4	256	2999
PB.124842.1	PB.3863.5	256	2001
PB.124842.1	PB.8715.8	256	3066
PB.130931.1	PB.8715.6	0	2868
PB.130931.2	ENST00000612482.4	0	696
PB.130931.2	PB.8715.1	256	696
PB.130931.2	PB.3863.3	256	696
PB.130931.2	ENST00000361204.9	256	696
PB.130931.2	PB.8715.4	256	691
PB.130931.2	PB.8715.5	256	691
PB.3863.4	ENST00000361204.9	0	4947
PB.3863.4	ENST00000612482.4	256	4821
PB.3863.4	PB.3863.5	256	4817
PB.3863.4	PB.3863.3	256	4477
PB.3863.4	PB.8715.8	256	3866
PB.3863.4	PB.8715.2	256	4289
PB.88841.1	ENST00000361204.9	0	3888
PB.88841.1	PB.8715.2	256	3888
PB.88841.1	PB.3863.5	256	3762
PB.88841.1	ENST00000612482.4	256	3762
PB.88841.1	PB.8715.6	256	3333
PB.88841.1	PB.8715.1	256	3790
PB.157512.1	PB.8715.6	0	335
PB.119005.1		4	0
PB.103802.1	ENST00000215980.10	0	518
PB.103802.1	PB.96200.1	256	518
PB.103802.1	PB.83240.2	256	407
PB.103802.1	ENST00000402338.5	256	404
PB.75795.2	PB.75795.1	0	327
PB.53031.1	ENST00000381348.4	0	1262
PB.53031.1	PB.15805.1	256	1258
PB.103804.2	ENST00000331479.4	0	513
PB.103804.2	PB.103804.1	256	513
PB.111680.1	ENST00000359486.8	0	435
PB.111680.1	ENST00000677622.1	256	435
PB.111680.1	ENST00000683686.1	256	435
PB.157513.2	ENST00000332965.4	0	2555
PB.103805.1	ENST00000669665.1	0	537
PB.124845.1	ENST00000323013.7	0	3588
PB.15808.1	ENST00000323013.7	0	1961
PB.15808.1	PB.37959.2	256	1959
PB.15808.1	PB.150604.1	256	1737
PB.150604.2	ENST00000323013.7	0	2487
PB.150604.2	PB.150604.1	256	2344
PB.15808.2	PB.150604.3	0	1801
PB.23103.1	ENST00000327678.10	0	542
PB.23103.1	PB.68328.2	256	470
PB.23103.1	ENST00000340239.8	256	380
PB.68328.1	ENST00000327678.10	0	1284
PB.68328.1	PB.68328.2	256	1211
PB.68328.1	ENST00000340239.8	256	1082
PB.157515.1	PB.37960.1	16	1447
PB.157515.1	PB.164625.1	272	1447
PB.157515.1	ENST00000357802.6	272	1447
PB.157515.1	ENST00000340239.8	2048	393
PB.157515.1	PB.68328.2	256	391
PB.157515.1	ENST00000327678.10	256	351
PB.68328.3	ENST00000327678.10	0	1176
PB.68328.3	PB.68328.2	256	1066
PB.68328.3	ENST00000340239.8	256	946
PB.130933.1	PB.88846.1	0	951
PB.130933.1	PB.37960.3	256	820
PB.157517.1	PB.88846.1	0	2088
PB.157517.1	PB.37960.3	256	1870
PB.130934.5	PB.124846.1	0	2843
PB.130934.5	ENST00000451060.6	256	2783
PB.130934.5	PB.124846.3	256	2769
PB.130934.5	PB.124846.2	256	2717
PB.130934.5	PB.130934.13	256	2741
PB.130934.5	ENST00000252115.10	256	2798
PB.130934.12	ENST00000348657.6	0	3127
PB.130934.12	PB.130934.6	256	3127
PB.130934.12	PB.130934.8	256	3082
PB.130934.12	PB.124846.1	256	3014
PB.130934.12	ENST00000252115.10	256	3014
PB.130934.12	ENST00000451060.6	256	2963
PB.130934.10	PB.130934.6	0	3186
PB.130934.10	ENST00000348657.6	256	3186
PB.130934.10	PB.124846.1	256	3073
PB.130934.10	ENST00000451060.6	256	3022
PB.130934.10	PB.130934.11	256	3151
PB.130934.10	ENST00000252115.10	256	3069
PB.130934.9	ENST00000252115.10	0	3226
PB.130934.9	PB.124846.1	256	3226
PB.130934.9	PB.124846.2	256	3226
PB.130934.9	ENST00000451060.6	256	3149
PB.130934.9	PB.124846.3	256	3135
PB.130934.9	PB.130934.13	256	3135
PB.45504.1	ENST00000352397.10	0	1568
PB.45504.1	PB.37962.1	256	1558
PB.45504.1	PB.30499.2	256	1433
PB.45504.1	PB.23105.2	256	1317
PB.45504.1	PB.30499.3	256	1381
PB.45504.1	ENST00000361740.8	256	1472
PB.60721.2	PB.37962.1	0	1214
PB.60721.2	ENST00000352397.10	256	1214
PB.60721.2	PB.30499.2	256	1089
PB.60721.2	PB.23105.2	256	973
PB.60721.2	PB.30499.3	256	1059
PB.60721.2	ENST00000361740.8	256	1140
PB.60721.1	PB.37962.1	0	1400
PB.60721.1	ENST00000352397.10	256	1400
PB.60721.1	PB.30499.2	256	1275
PB.60721.1	PB.23105.2	256	1159
PB.60721.1	PB.30499.3	256	1238
PB.60721.1	ENST00000361740.8	256	1314
PB.53037.1	PB.37962.1	0	1429
PB.53037.1	ENST00000352397.10	256	1429
PB.53037.1	PB.30499.2	256	1304
PB.53037.1	PB.23105.2	256	1188
PB.53037.1	PB.30499.3	256	1259
PB.53037.1	ENST00000361740.8	256	1335
PB.68331.1	ENST00000352397.10	0	1210
PB.68331.1	PB.45504.4	256	1208
PB.68331.1	PB.23105.2	256	1203
PB.68331.1	PB.37962.1	256	1203
PB.68331.1	PB.30499.2	256	1203
PB.68331.1	PB.60721.4	256	1201
PB.45504.2	ENST00000352397.10	0	1704
PB.45504.2	PB.37962.1	256	1697
PB.45504.2	PB.30499.2	256	1582
PB.45504.2	PB.23105.2	256	1456
PB.45504.2	PB.30499.3	256	1519
PB.45504.2	ENST00000361740.8	256	1607
PB.103808.1	ENST00000352397.10	0	758
PB.103808.1	PB.45504.4	256	758
PB.103808.1	ENST00000361740.8	256	758
PB.103808.1	PB.157518.1	256	757
PB.103808.1	PB.53037.6	256	753
PB.103808.1	PB.37962.2	256	753
PB.53037.3	ENST00000352397.10	0	1353
PB.53037.3	PB.37962.1	256	1346
PB.53037.3	PB.30499.2	256	1226
PB.53037.3	PB.23105.2	256	1105
PB.53037.3	PB.30499.3	256	1168
PB.53037.3	ENST00000361740.8	256	1256
PB.45504.5	ENST00000352397.10	0	1500
PB.45504.5	PB.37962.1	256	1495
PB.45504.5	PB.30499.2	256	1380
PB.45504.5	PB.23105.2	256	1254
PB.45504.5	PB.30499.3	256	1317
PB.45504.5	ENST00000361740.8	256	1403
PB.45504.6	ENST00000352397.10	0	1753
PB.45504.6	PB.37962.1	256	1749
PB.45504.6	PB.30499.2	256	1624
PB.45504.6	PB.23105.2	256	1508
PB.45504.6	PB.30499.3	256	1571
PB.45504.6	ENST00000361740.8	256	1656
PB.45504.7	ENST00000352397.10	0	1634
PB.45504.7	PB.37962.1	256	1634
PB.45504.7	PB.30499.2	256	1509
PB.45504.7	PB.23105.2	256	1393
PB.45504.7	PB.30499.3	256	1473
PB.45504.7	ENST00000361740.8	256	1568
PB.45504.8	ENST00000352397.10	0	1563
PB.45504.8	PB.37962.1	256	1563
PB.45504.8	PB.30499.2	256	1438
PB.45504.8	PB.23105.2	256	1322
PB.45504.8	PB.30499.3	256	1402
PB.45504.8	ENST00000361740.8	256	1492
PB.68331.3	ENST00000352397.10	0	1244
PB.68331.3	PB.37962.1	256	1244
PB.68331.3	PB.30499.2	256	1119
PB.68331.3	PB.23105.2	256	1003
PB.68331.3	PB.30499.3	256	1090
PB.68331.3	ENST00000361740.8	256	1169
PB.60721.3	ENST00000352397.10	0	1250
PB.60721.3	PB.37962.1	256	1250
PB.60721.3	PB.30499.2	256	1125
PB.60721.3	PB.23105.2	256	1009
PB.60721.3	PB.30499.3	256	1096
PB.60721.3	ENST00000361740.8	256	1174
PB.96202.1	PB.30499.2	0	473
PB.96202.1	PB.37962.1	256	473
PB.96202.1	PB.23105.2	256	473
PB.96202.1	ENST00000352397.10	256	473
PB.96202.1	PB.30499.3	2048	355
PB.96202.1	PB.60721.4	256	355
PB.45504.9	PB.37962.1	0	1688
PB.45504.9	ENST00000352397.10	256	1688
PB.45504.9	PB.30499.2	256	1563
PB.45504.9	PB.23105.2	256	1447
PB.45504.9	PB.30499.3	256	1659
PB.45504.9	PB.45504.4	256	1634
PB.68331.4	PB.37962.1	0	1230
PB.68331.4	PB.23105.2	256	1230
PB.68331.4	ENST00000352397.10	256	1230
PB.68331.4	PB.45504.4	256	1230
PB.68331.4	PB.30499.2	256	1230
PB.68331.4	PB.60721.4	256	1230
PB.60721.5	ENST00000352397.10	0	1228
PB.60721.5	PB.37962.1	256	1228
PB.60721.5	PB.30499.2	256	1108
PB.60721.5	PB.23105.2	256	987
PB.60721.5	PB.30499.3	256	1055
PB.60721.5	ENST00000361740.8	256	1131
PB.37962.3	ENST00000352397.10	0	1725
PB.37962.3	PB.37962.1	256	1725
PB.37962.3	PB.30499.2	256	1600
PB.37962.3	PB.23105.2	256	1484
PB.37962.3	PB.30499.3	256	1568
PB.37962.3	ENST00000407623.7	256	1660
PB.45504.10	ENST00000352397.10	0	1784
PB.45504.10	PB.37962.1	256	1784
PB.45504.10	PB.30499.2	256	1659
PB.45504.10	PB.23105.2	256	1543
PB.45504.10	ENST00000361740.8	256	1704
PB.45504.10	PB.30499.3	256	1683
PB.60721.6	PB.37962.1	0	1369
PB.60721.6	ENST00000352397.10	256	1369
PB.60721.6	PB.30499.2	256	1244
PB.60721.6	PB.23105.2	256	1128
PB.60721.6	PB.30499.3	256	1210
PB.60721.6	ENST00000407623.7	256	1286
PB.60721.7	PB.37962.1	0	1485
PB.60721.7	ENST00000352397.10	256	1485
PB.60721.7	PB.30499.2	256	1360
PB.60721.7	PB.23105.2	256	1244
PB.60721.7	PB.30499.3	256	1312
PB.60721.7	ENST00000407623.7	256	1388
PB.157520.1	ENST00000263245.10	0	2538
PB.157520.1	PB.150606.1	256	2441
PB.157520.1	PB.88848.1	256	1211
PB.157520.1	PB.157520.3	256	2302
PB.157520.1	PB.164628.3	256	2314
PB.157520.1	PB.157520.4	256	2062
PB.130935.5	PB.130935.7	0	3104
PB.130935.5	PB.130935.6	256	3104
PB.130935.5	PB.130935.2	256	3104
PB.130935.5	PB.130935.3	256	3104
PB.130935.5	ENST00000263246.8	256	3104
PB.130935.5	PB.130935.4	256	3104
PB.130935.8	ENST00000263246.8	0	3104
PB.130935.8	PB.130935.4	256	2977
PB.130935.8	PB.130935.2	256	2977
PB.130935.8	PB.130935.6	256	2977
PB.130935.8	PB.130935.3	256	2975
PB.130935.8	PB.130935.7	256	2975
PB.3865.3	PB.3865.2	0	4220
PB.3865.3	PB.3865.1	256	1078
PB.83247.1	PB.75802.2	0	767
PB.83247.1	ENST00000290429.11	256	765
PB.83247.1	PB.68334.2	256	762
PB.83247.1	PB.150608.1	256	751
PB.103811.1	ENST00000337554.8	0	384
PB.103811.1	PB.96205.2	256	372
PB.103811.1	PB.83248.1	256	339
PB.103811.1	ENST00000396265.4	256	339
PB.103811.1	PB.96205.1	256	214
PB.103811.1	ENST00000329563.8	256	331
PB.164632.1	ENST00000216129.7	0	1813
PB.164632.1	PB.130937.2	256	1813
PB.164632.1	PB.124848.2	256	1692
PB.164632.1	PB.124848.4	256	1679
PB.164632.1	PB.137406.2	256	1447
PB.164632.1	PB.137406.1	256	1567
PB.157522.1	ENST00000216129.7	0	1906
PB.157522.1	PB.130937.2	256	1894
PB.157522.1	PB.124848.2	256	1768
PB.157522.1	PB.124848.4	256	1750
PB.157522.1	PB.137406.2	256	1539
PB.157522.1	PB.137406.1	256	1634
PB.150609.1	ENST00000216129.7	0	1909
PB.150609.1	PB.130937.2	256	1908
PB.150609.1	PB.124848.2	256	1783
PB.150609.1	PB.124848.4	256	1764
PB.150609.1	PB.137406.2	256	1541
PB.150609.1	PB.137406.1	256	1649
PB.150609.3	PB.130937.2	0	2472
PB.150609.3	ENST00000216129.7	256	2472
PB.150609.3	PB.157522.3	256	2472
PB.150609.3	PB.124848.4	256	2471
PB.150609.3	PB.137406.2	256	2471
PB.150609.3	PB.124848.2	256	2351
PB.130937.1	ENST00000216129.7	0	3152
PB.130937.1	PB.130937.2	256	3151
PB.130937.1	PB.124848.2	256	3025
PB.130937.1	PB.124848.4	256	3006
PB.130937.1	PB.137406.2	256	2785
PB.130937.1	PB.137406.1	256	2891
PB.164632.3	PB.137406.1	0	2330
PB.164632.3	PB.150609.2	256	2330
PB.164632.3	PB.164632.2	256	2330
PB.164632.3	PB.157522.3	256	2330
PB.164632.3	PB.124848.4	256	2329
PB.164632.3	PB.137406.2	256	2329
PB.150609.4	ENST00000216129.7	0	2686
PB.150609.4	PB.137406.1	256	2686
PB.150609.4	PB.130937.2	256	2686
PB.150609.4	PB.150609.2	256	2686
PB.150609.4	PB.137406.2	256	2686
PB.150609.4	PB.124848.2	256	2565
PB.30504.1	ENST00000423180.2	0	775
PB.30504.1	ENST00000216180.8	256	749
PB.15814.3	ENST00000216180.8	0	1916
PB.15814.3	ENST00000423180.2	256	1578
PB.88851.1	ENST00000216180.8	0	2468
PB.88851.1	ENST00000423180.2	256	2192
PB.37965.1	ENST00000216180.8	0	578
PB.37965.1	ENST00000423180.2	256	560
PB.124849.2	ENST00000216180.8	0	294
PB.124849.2	ENST00000423180.2	256	284
PB.124849.2	ENST00000216180.8	2048	235
PB.124849.2	ENST00000423180.2	256	235
PB.157523.2	ENST00000216180.8	0	2478
PB.157523.2	ENST00000423180.2	256	2142
PB.37965.2	ENST00000216180.8	0	656
PB.37965.2	ENST00000423180.2	256	629
PB.150610.1	ENST00000216180.8	0	1209
PB.37966.1	ENST00000350028.5	0	1432
PB.37966.1	PB.53043.1	256	1401
PB.83250.1	ENST00000350028.5	0	1112
PB.83250.1	PB.53043.1	256	1112
PB.143921.1	ENST00000338758.12	0	1757
PB.124850.1	ENST00000338758.12	0	3333
PB.68338.2	ENST00000422871.5	0	1300
PB.68338.2	ENST00000444313.8	256	1300
PB.68338.2	PB.68338.3	256	1295
PB.68338.2	PB.68338.1	256	1233
PB.68338.2	PB.130938.1	256	1082
PB.103815.1	ENST00000381176.5	0	744
PB.103815.1	PB.3867.2	256	739
PB.30509.1	ENST00000006251.11	0	1277
PB.30509.1	ENST00000611394.4	256	1277
PB.30509.1	PB.53046.1	256	1277
PB.30509.1	PB.45510.2	256	1277
PB.30509.1	ENST00000403581.5	256	1277
PB.30509.1	ENST00000336985.11	256	1277
PB.53046.2	ENST00000624862.3	0	1631
PB.53046.2	PB.45510.1	256	1601
PB.53046.2	ENST00000336985.11	256	1387
PB.53046.2	ENST00000403581.5	256	1387
PB.53046.2	PB.45510.2	256	1387
PB.53046.2	ENST00000006251.11	256	1386
PB.45510.3	ENST00000336985.11	0	1670
PB.45510.3	ENST00000403581.5	256	1585
PB.45510.3	PB.53046.1	256	1585
PB.45510.3	PB.45510.2	256	1585
PB.45510.3	ENST00000611394.4	256	1585
PB.45510.3	ENST00000006251.11	256	1584
PB.124851.1	PB.3869.4	0	3167
PB.124851.1	ENST00000347635.9	256	3167
PB.8721.2	ENST00000336156.10	0	4342
PB.157527.2	ENST00000336156.10	0	2587
PB.157527.2	PB.150615.4	256	2586
PB.157527.2	ENST00000251993.11	256	2499
PB.157527.2	ENST00000391627.6	256	2498
PB.157527.2	PB.150615.2	256	2500
PB.157527.2	PB.164635.1	256	2298
PB.164635.3	PB.164635.1	0	2098
PB.164635.3	PB.150615.2	256	2098
PB.164635.3	ENST00000251993.11	256	2098
PB.164635.3	PB.150615.4	256	2098
PB.164635.3	ENST00000336156.10	256	2098
PB.164635.3	ENST00000391627.6	256	2097
PB.15817.1	ENST00000441876.7	0	1871
PB.15817.1	ENST00000216214.7	256	1779
PB.75810.1	ENST00000405673.5	0	977
PB.75810.1	PB.157528.1	2048	547
PB.23117.1	ENST00000441876.7	0	1191
PB.23117.1	ENST00000216214.7	256	1099
PB.88857.1	ENST00000441876.7	0	1905
PB.88857.1	ENST00000216214.7	256	1813
PB.88857.1	PB.157528.1	256	1170
PB.88857.1	PB.164636.1	256	1280
PB.137409.1	ENST00000441876.7	0	2715
PB.137409.1	ENST00000216214.7	256	2623
PB.137409.1	PB.157528.1	256	1980
PB.137409.1	PB.164636.1	256	2090
PB.37974.1	ENST00000441876.7	0	708
PB.37974.1	ENST00000216214.7	256	634
PB.37974.1	PB.164636.1	256	814
PB.37974.1	PB.157528.1	256	672
PB.88857.2	PB.157528.1	0	531
PB.88857.2	ENST00000441876.7	256	530
PB.88857.2	ENST00000216214.7	256	467
PB.37974.2	ENST00000441876.7	0	1859
PB.37974.2	ENST00000216214.7	256	1859
PB.37974.2	PB.164636.1	256	1394
PB.119018.1	ENST00000441876.7	0	215
PB.119018.1	PB.30513.2	256	215
PB.119018.1	PB.45514.2	256	215
PB.119018.1	PB.164636.1	256	215
PB.119018.1	PB.157528.1	256	215
PB.119018.1	ENST00000216214.7	256	215
PB.119019.1	PB.157528.1	0	277
PB.119019.1	ENST00000441876.7	256	277
PB.119019.1	PB.30513.2	256	277
PB.119019.1	PB.164636.1	256	277
PB.119019.1	PB.45514.2	256	277
PB.119019.1	ENST00000216214.7	256	277
PB.164637.1	PB.37976.1	0	601
PB.164637.1	PB.30516.1	256	601
PB.164637.1	ENST00000252934.10	256	601
PB.164639.1	ENST00000360737.4	0	1875
PB.164639.1	ENST00000435439.5	256	1807
PB.3870.1	ENST00000407236.5	0	8136
PB.3870.1	ENST00000262735.9	256	8013
PB.88859.1	ENST00000262735.9	0	3801
PB.88859.1	ENST00000407236.5	256	3675
PB.45517.1	ENST00000407236.5	0	1848
PB.45517.1	ENST00000262735.9	256	1848
PB.119022.1	ENST00000262735.9	0	311
PB.119022.1	ENST00000407236.5	256	311
PB.130945.1	ENST00000381031.8	0	2566
PB.130945.1	PB.150620.3	256	2564
PB.130945.1	PB.150620.1	256	2416
PB.130945.1	PB.143931.1	256	2230
PB.130945.1	PB.150620.2	256	2501
PB.130945.1	PB.143931.2	256	2265
PB.157531.1	PB.143931.2	0	912
PB.157531.1	PB.143931.1	2048	904
PB.8723.1	PB.143931.1	0	636
PB.8723.1	ENST00000381031.8	256	636
PB.8723.1	PB.150620.1	256	636
PB.8723.1	PB.150620.3	256	636
PB.8723.1	PB.150620.2	256	585
PB.8723.1	PB.143931.2	256	505
PB.111692.1	ENST00000454366.2	0	388
PB.8724.1	ENST00000454366.2	0	2980
PB.8724.1	PB.157532.4	2048	1935
PB.8724.1	PB.164642.1	256	1781
PB.8724.2	ENST00000454366.2	0	2815
PB.8724.2	PB.157532.4	2048	2547
PB.8724.2	PB.164642.1	256	2393
PB.8724.3	ENST00000454366.2	0	1560
PB.3872.2	ENST00000454366.2	0	1332
PB.137410.2	ENST00000454366.2	0	2118
PB.157532.1	ENST00000454366.2	0	2470
PB.8724.4	ENST00000454366.2	0	2938
PB.8724.4	PB.157532.4	2048	2547
PB.8724.4	PB.164642.1	256	2393
PB.96213.1	ENST00000454366.2	0	327
PB.137410.4	ENST00000454366.2	0	2454
PB.137410.3	ENST00000454366.2	0	2638
PB.3872.3	ENST00000454366.2	0	2922
PB.3872.3	PB.157532.4	2048	2545
PB.3872.3	PB.164642.1	256	2391
PB.8724.5	ENST00000454366.2	0	2922
PB.8724.5	PB.157532.4	2048	2463
PB.8724.5	PB.164642.1	256	2309
PB.88860.1	PB.157532.4	0	2547
PB.88860.1	ENST00000454366.2	2048	2511
PB.88860.1	PB.164642.1	256	2393
PB.130946.3	PB.157532.4	0	2534
PB.130946.3	PB.164642.1	256	2380
PB.130946.3	ENST00000454366.2	2048	1938
PB.75815.1	ENST00000454366.2	0	1142
PB.143932.3	PB.157532.4	0	441
PB.143932.3	ENST00000454366.2	256	441
PB.137411.4	PB.137411.3	0	414
PB.137411.4	PB.60740.2	256	414
PB.137411.4	PB.150622.1	256	414
PB.137411.4	PB.68346.1	256	414
PB.137411.4	PB.137411.2	256	414
PB.137411.4	PB.150622.2	256	414
PB.30520.3	PB.150622.2	0	1895
PB.30520.3	PB.150622.1	256	1895
PB.30520.3	PB.143933.1	256	1895
PB.30520.3	PB.150622.3	256	1895
PB.30520.3	PB.164643.1	256	1894
PB.8726.1	ENST00000406902.6	0	4321
PB.8726.1	PB.8726.3	256	4320
PB.8726.1	ENST00000361034.7	256	4313
PB.8726.2	ENST00000406902.6	0	4318
PB.8726.2	PB.8726.3	256	4318
PB.8726.2	ENST00000361034.7	256	4308
PB.8726.4	ENST00000406902.6	0	4321
PB.8726.4	PB.8726.3	256	4320
PB.8726.4	ENST00000361034.7	256	4313
PB.88862.1	PB.88862.2	0	1231
PB.88862.1	ENST00000380995.5	256	1080
PB.88862.1	ENST00000337137.9	256	1220
PB.88862.1	ENST00000406733.1	256	1023
PB.88862.1	PB.30523.4	256	1023
PB.88862.1	PB.37983.1	256	840
PB.30523.1	PB.88862.2	0	1886
PB.30523.1	ENST00000337137.9	256	1875
PB.30523.1	ENST00000380995.5	256	1733
PB.30523.1	ENST00000406733.1	256	1678
PB.30523.1	PB.30523.4	256	1677
PB.30523.1	ENST00000407381.7	256	1464
PB.30523.2	PB.88862.2	0	1758
PB.30523.2	ENST00000337137.9	256	1747
PB.30523.2	ENST00000380995.5	256	1603
PB.30523.2	ENST00000406733.1	256	1550
PB.30523.2	PB.30523.4	256	1549
PB.30523.2	ENST00000407381.7	256	1336
PB.60742.1	PB.88862.2	0	1262
PB.60742.1	ENST00000337137.9	256	1262
PB.60742.1	ENST00000380995.5	256	1091
PB.60742.1	ENST00000406733.1	256	1067
PB.60742.1	PB.30523.4	256	1067
PB.60742.1	PB.37983.1	256	882
PB.30523.3	ENST00000337137.9	0	1977
PB.30523.3	PB.88862.2	256	1977
PB.30523.3	ENST00000380995.5	256	1806
PB.30523.3	PB.30523.4	256	1783
PB.30523.3	ENST00000406733.1	256	1783
PB.30523.3	ENST00000407381.7	256	1615
PB.150626.1	ENST00000426452.2	0	1389
PB.137418.1	PB.164650.1	0	2177
PB.137418.1	ENST00000330817.11	256	2177
PB.137418.1	PB.164650.2	256	2039
PB.137418.1	PB.15828.3	256	2065
PB.137418.1	PB.15828.1	256	1907
PB.137418.1	PB.23127.1	256	1771
PB.124865.1	PB.88864.1	0	2691
PB.164650.3	ENST00000330817.11	0	2214
PB.164650.3	PB.164650.1	256	2214
PB.164650.3	PB.164650.2	256	2076
PB.164650.3	PB.15828.3	256	2112
PB.164650.3	PB.15828.1	256	1944
PB.164650.3	PB.23127.1	256	1814
PB.164650.4	PB.164650.2	0	2059
PB.164650.4	PB.88864.1	256	734
PB.164650.4	PB.15828.1	256	1957
PB.164650.4	PB.164650.1	256	1809
PB.164650.4	ENST00000330817.11	256	1809
PB.164650.4	PB.15828.3	256	1733
PB.157540.1	PB.164650.1	0	431
PB.157540.1	ENST00000330817.11	256	431
PB.157540.1	PB.164650.2	256	431
PB.157540.1	PB.88864.1	256	431
PB.157540.1	PB.15828.3	256	431
PB.157540.1	PB.15828.1	256	431
PB.143937.1	ENST00000360612.5	0	1198
PB.143937.1	PB.37985.1	256	967
PB.53060.1	PB.37985.1	0	1630
PB.53060.1	ENST00000360612.5	256	1627
PB.53060.1	PB.68351.1	256	1421
PB.124866.1	PB.124866.2	0	3371
PB.124866.1	ENST00000311597.10	256	3328
PB.124866.1	ENST00000395876.6	256	3258
PB.53061.1	ENST00000395829.1	0	1616
PB.53061.1	ENST00000380909.9	256	1225
PB.53061.1	PB.164653.3	256	1173
PB.53061.1	ENST00000303434.8	256	1170
PB.53061.1	PB.164653.5	256	1064
PB.53061.1	PB.164653.4	256	1162
PB.164653.1	PB.164653.5	0	2325
PB.164653.1	PB.164653.7	256	2317
PB.164653.1	PB.164653.6	256	2291
PB.164653.1	PB.164653.2	256	2249
PB.164653.1	PB.150631.1	256	1896
PB.164653.1	PB.157541.2	256	2132
PB.60748.1	PB.164653.5	0	1420
PB.60748.1	PB.164653.7	256	1412
PB.60748.1	PB.164653.6	256	1386
PB.60748.1	PB.164653.2	256	1344
PB.60748.1	PB.157541.2	256	1224
PB.60748.1	PB.53061.2	256	1152
PB.150631.2	PB.150631.1	0	2385
PB.150631.2	PB.164653.5	256	2065
PB.150631.2	PB.164653.7	256	2057
PB.150631.2	PB.164653.6	256	2031
PB.150631.2	PB.164653.2	256	1989
PB.150631.2	PB.157541.2	256	1870
PB.15829.2	ENST00000380909.9	0	2176
PB.15829.2	PB.164653.3	256	2124
PB.15829.2	ENST00000303434.8	256	2121
PB.15829.2	PB.164653.4	256	2113
PB.15829.2	PB.164653.5	256	2015
PB.15829.2	PB.164653.6	256	1981
PB.68352.2	PB.164653.5	0	1433
PB.68352.2	PB.164653.6	256	1417
PB.68352.2	PB.53061.2	256	1142
PB.68352.2	PB.164653.2	256	1342
PB.68352.2	PB.164653.7	256	1349
PB.68352.2	PB.157541.2	256	1220
PB.60748.3	PB.164653.3	0	1323
PB.60748.3	ENST00000303434.8	256	1323
PB.60748.3	PB.164653.5	256	1218
PB.60748.3	PB.164653.6	256	1188
PB.60748.3	PB.164653.4	256	1256
PB.60748.3	ENST00000380909.9	256	1256
PB.68353.1	ENST00000608025.2	0	754
PB.45524.1	ENST00000608025.2	0	764
PB.30530.1	ENST00000380903.7	0	1930
PB.30530.1	ENST00000611222.1	256	1915
PB.53062.1	ENST00000380903.7	0	1501
PB.53062.1	PB.60749.1	256	1499
PB.53062.1	ENST00000611222.1	256	1485
PB.53062.1	PB.68354.1	256	1397
PB.53062.1	PB.75823.1	256	1302
PB.164655.2	PB.157542.5	0	2030
PB.164655.2	PB.164655.6	256	1984
PB.164655.2	PB.157542.1	256	2175
PB.164655.2	ENST00000216271.10	256	2175
PB.164655.2	ENST00000626012.2	256	1956
PB.164655.2	ENST00000448072.5	256	1726
PB.164655.1	ENST00000216271.10	0	2283
PB.164655.1	PB.157542.1	256	2274
PB.164655.1	ENST00000626012.2	256	2159
PB.164655.1	PB.157542.5	256	2165
PB.164655.1	PB.164655.6	256	1977
PB.164655.1	ENST00000448072.5	256	1690
PB.150632.4	ENST00000216271.10	0	2367
PB.150632.4	PB.157542.1	256	2367
PB.150632.4	PB.157542.5	256	2221
PB.150632.4	ENST00000626012.2	256	2147
PB.150632.4	PB.164655.6	256	2041
PB.150632.4	ENST00000448072.5	256	1772
PB.164655.8	ENST00000216271.10	0	2114
PB.164655.8	PB.157542.1	256	2114
PB.164655.8	ENST00000626012.2	256	1894
PB.164655.8	PB.157542.5	256	2035
PB.164655.8	PB.164655.6	256	1851
PB.164655.8	ENST00000448072.5	256	1595
PB.150632.3	ENST00000626012.2	0	1644
PB.150632.3	PB.157542.1	256	1521
PB.150632.3	ENST00000216271.10	256	1521
PB.150632.3	PB.157542.5	256	1401
PB.150632.3	PB.164655.6	256	1221
PB.157542.2	ENST00000626012.2	0	2282
PB.157542.2	ENST00000216271.10	256	2159
PB.157542.2	PB.157542.1	256	2150
PB.157542.2	PB.157542.5	256	2013
PB.157542.2	PB.164655.6	256	1833
PB.15832.3	ENST00000626012.2	0	2089
PB.15832.3	PB.157542.5	256	1939
PB.15832.3	PB.164655.6	256	1759
PB.15832.3	PB.157542.1	256	1964
PB.15832.3	ENST00000216271.10	256	1964
PB.15832.3	ENST00000448072.5	256	1501
PB.164655.5	ENST00000626012.2	0	2194
PB.164655.5	PB.157542.5	256	1925
PB.164655.5	PB.157542.1	256	2052
PB.164655.5	ENST00000216271.10	256	2052
PB.164655.5	PB.164655.6	256	1745
PB.23130.1	ENST00000626012.2	0	1923
PB.23130.1	PB.157542.5	256	1860
PB.23130.1	ENST00000216271.10	256	1774
PB.23130.1	PB.157542.1	256	1774
PB.23130.1	PB.164655.6	256	1728
PB.23130.1	ENST00000448072.5	256	1446
PB.164655.4	ENST00000216271.10	0	2358
PB.164655.4	PB.157542.1	256	2349
PB.164655.4	PB.164655.6	256	2348
PB.164655.4	ENST00000626012.2	256	2158
PB.164655.4	ENST00000448072.5	256	2047
PB.164655.4	PB.157542.5	256	2286
PB.164655.3	ENST00000216271.10	0	2087
PB.164655.3	PB.157542.1	256	2086
PB.164655.3	PB.157542.5	256	2084
PB.164655.3	PB.164655.6	256	1904
PB.164655.3	ENST00000626012.2	256	1891
PB.164655.3	ENST00000448072.5	256	1622
PB.143938.2	ENST00000626012.2	0	2069
PB.143938.2	ENST00000216271.10	256	1921
PB.143938.2	PB.157542.1	256	1912
PB.143938.2	PB.157542.5	256	1826
PB.143938.2	PB.164655.6	256	1642
PB.143938.1	ENST00000216271.10	0	1945
PB.143938.1	PB.157542.1	256	1936
PB.143938.1	PB.157542.5	256	1852
PB.143938.1	ENST00000626012.2	256	1752
PB.143938.1	PB.164655.6	256	1666
PB.143938.1	ENST00000448072.5	256	1364
PB.15832.1	PB.157542.5	0	2086
PB.15832.1	ENST00000216271.10	256	2004
PB.15832.1	PB.157542.1	256	1995
PB.15832.1	ENST00000626012.2	256	1812
PB.15832.1	PB.164655.6	256	1953
PB.15832.1	ENST00000448072.5	256	1666
PB.157542.3	ENST00000626012.2	0	2444
PB.157542.3	ENST00000216271.10	256	2490
PB.157542.3	PB.157542.1	256	2481
PB.157542.3	PB.157542.5	256	2373
PB.157542.3	PB.164655.6	256	2185
PB.157542.3	ENST00000448072.5	256	1883
PB.164655.7	ENST00000626012.2	0	2072
PB.164655.7	ENST00000216271.10	256	2272
PB.164655.7	PB.157542.1	256	2272
PB.164655.7	PB.157542.5	256	2126
PB.164655.7	PB.164655.6	256	1946
PB.164655.7	ENST00000448072.5	256	1690
PB.137421.1	ENST00000216271.10	0	1694
PB.137421.1	PB.157542.1	256	1685
PB.137421.1	PB.157542.5	256	1603
PB.137421.1	ENST00000626012.2	256	1570
PB.137421.1	PB.164655.6	256	1415
PB.137421.1	ENST00000448072.5	256	1128
PB.157542.6	ENST00000216271.10	0	2448
PB.157542.6	PB.157542.1	256	2448
PB.157542.6	PB.157542.5	256	2302
PB.157542.6	PB.164655.6	256	2256
PB.157542.6	ENST00000626012.2	256	2228
PB.157542.6	ENST00000448072.5	256	1993
PB.164655.9	ENST00000626012.2	0	2244
PB.164655.9	ENST00000216271.10	256	2147
PB.164655.9	PB.157542.1	256	2138
PB.164655.9	PB.157542.5	256	2001
PB.164655.9	PB.164655.6	256	1821
PB.15832.5	ENST00000626012.2	0	1954
PB.15832.5	ENST00000216271.10	256	1943
PB.15832.5	PB.157542.1	256	1943
PB.15832.5	PB.157542.5	256	1797
PB.15832.5	PB.164655.6	256	1617
PB.150632.5	ENST00000626012.2	0	1860
PB.150632.5	ENST00000216271.10	256	1724
PB.150632.5	PB.157542.1	256	1715
PB.150632.5	PB.157542.5	256	1617
PB.150632.5	PB.164655.6	256	1437
PB.150632.6	ENST00000216271.10	0	1661
PB.150632.6	PB.157542.1	256	1653
PB.150632.6	PB.157542.5	256	1558
PB.150632.6	ENST00000626012.2	256	1458
PB.150632.6	PB.164655.6	256	1378
PB.143938.3	ENST00000216271.10	0	1858
PB.143938.3	PB.157542.1	256	1849
PB.143938.3	PB.157542.5	256	1754
PB.143938.3	ENST00000626012.2	256	1654
PB.143938.3	PB.164655.6	256	1574
PB.143938.3	ENST00000448072.5	256	1293
PB.150632.7	ENST00000626012.2	0	1662
PB.150632.7	ENST00000216271.10	256	1539
PB.150632.7	PB.157542.1	256	1539
PB.150632.7	PB.157542.5	256	1419
PB.150632.7	PB.164655.6	256	1239
PB.15832.6	ENST00000626012.2	0	1617
PB.15832.6	ENST00000216271.10	256	1478
PB.15832.6	PB.157542.1	256	1469
PB.15832.6	PB.157542.5	256	1486
PB.15832.6	PB.164655.6	256	1334
PB.143938.4	ENST00000216271.10	0	2134
PB.143938.4	PB.157542.1	256	2129
PB.143938.4	PB.157542.5	256	2014
PB.143938.4	ENST00000626012.2	256	1914
PB.143938.4	PB.164655.6	256	1834
PB.143938.4	ENST00000448072.5	256	1560
PB.23130.2	ENST00000626012.2	0	1870
PB.23130.2	PB.164655.6	256	1923
PB.23130.2	PB.157542.5	256	1807
PB.23130.2	ENST00000216271.10	256	1721
PB.23130.2	PB.157542.1	256	1721
PB.23130.2	ENST00000448072.5	256	1646
PB.88866.1	PB.157542.5	0	-614
PB.88866.1	ENST00000626012.2	256	-407
PB.88866.1	PB.157542.1	256	-411
PB.88866.1	ENST00000216271.10	256	-411
PB.88866.1	PB.164655.6	256	-345
PB.88866.1	ENST00000448072.5	256	-230
PB.53063.4	ENST00000215659.13	0	1585
PB.53063.4	PB.45525.3	256	1322
PB.53063.4	ENST00000622558.4	256	1499
PB.53063.4	PB.60751.1	256	1478
PB.53063.4	PB.53063.3	256	1305
PB.53063.4	PB.53063.2	256	1249
PB.83269.1	ENST00000359139.7	0	600
PB.83269.1	PB.130960.1	256	600
PB.83269.1	ENST00000395741.7	256	600
PB.83269.1	PB.130960.3	256	600
PB.83269.1	PB.88868.3	256	600
PB.83269.1	PB.124869.4	256	600
PB.157544.1	PB.124869.4	0	1498
PB.157544.1	ENST00000359139.7	256	1498
PB.157544.1	ENST00000612753.5	256	1496
PB.157544.1	PB.130960.4	256	1496
PB.157544.1	ENST00000395741.7	256	1486
PB.157544.1	PB.130960.2	256	1422
PB.137423.2	PB.130960.4	0	3013
PB.137423.2	ENST00000395744.7	256	2997
PB.137423.2	ENST00000612753.5	256	2906
PB.137423.2	ENST00000395741.7	256	2985
PB.137423.2	ENST00000359139.7	256	2983
PB.137423.2	PB.124869.3	256	2960
PB.150634.1	PB.130960.1	0	2615
PB.150634.1	ENST00000612753.5	256	2600
PB.150634.1	PB.124869.1	256	2600
PB.150634.1	PB.137423.4	256	2600
PB.150634.1	PB.124869.4	256	2600
PB.150634.1	PB.130960.2	256	2600
PB.119036.1		4	0
PB.30537.1	ENST00000395738.2	0	2031
PB.30537.1	PB.88870.1	256	2031
PB.30537.1	ENST00000395737.2	256	2031
PB.15836.2	PB.164658.5	0	2184
PB.15836.2	PB.150637.2	256	2221
PB.15836.2	ENST00000474879.7	256	2221
PB.15836.2	PB.150637.5	256	2221
PB.15836.2	ENST00000216080.5	256	2219
PB.15836.2	PB.150637.3	256	2088
PB.130963.3	PB.124871.3	0	2981
PB.130963.3	PB.130963.2	256	2985
PB.130963.3	PB.130963.5	256	2887
PB.130963.3	PB.130963.6	256	2799
PB.130963.3	PB.130963.7	256	2775
PB.130963.3	PB.130963.4	256	2712
PB.68359.2	PB.164658.4	0	1445
PB.68359.2	PB.150637.6	256	1445
PB.68359.2	PB.60753.1	256	1445
PB.68359.2	PB.150637.2	256	1445
PB.68359.2	PB.150637.5	256	1445
PB.68359.2	PB.130963.9	256	1442
PB.157546.6	PB.150637.3	0	2424
PB.157546.6	PB.150637.1	256	2349
PB.157546.6	PB.143941.2	256	2278
PB.157546.6	PB.164658.6	256	2374
PB.157546.6	PB.130963.7	256	2346
PB.157546.6	PB.130963.6	256	2306
PB.23138.1	ENST00000420993.7	0	1915
PB.23138.1	ENST00000299821.15	256	1885
PB.23138.1	ENST00000395701.7	256	1801
PB.23138.1	PB.30539.1	256	1789
PB.23138.1	PB.45530.1	256	1723
PB.124872.1	ENST00000420993.7	0	232
PB.124872.1	ENST00000395701.7	256	118
PB.124872.1	ENST00000299821.15	256	184
PB.124872.1	PB.30539.1	256	104
PB.124872.1	PB.164659.2	256	391
PB.124872.1	PB.45530.1	256	40
PB.164659.1	ENST00000420993.7	0	1559
PB.164659.1	ENST00000395701.7	256	1445
PB.164659.1	ENST00000299821.15	256	1511
PB.164659.1	PB.30539.1	256	1431
PB.164659.1	PB.164659.2	256	1744
PB.164659.1	PB.45530.1	256	1367
PB.23138.3	ENST00000420993.7	0	1900
PB.23138.3	ENST00000299821.15	256	1879
PB.23138.3	ENST00000395701.7	256	1786
PB.23138.3	PB.30539.1	256	1772
PB.23138.3	PB.45530.1	256	1708
PB.8736.1	ENST00000395701.7	0	-276
PB.8736.1	PB.30539.1	256	-290
PB.8736.1	ENST00000420993.7	256	-418
PB.8736.1	ENST00000299821.15	256	-448
PB.8736.1	PB.45530.1	256	-558
PB.8736.1	PB.164659.2	256	-69
PB.88871.1	ENST00000420993.7	0	358
PB.88871.1	ENST00000395701.7	256	244
PB.88871.1	ENST00000299821.15	256	310
PB.88871.1	PB.30539.1	256	230
PB.88871.1	PB.45530.1	256	166
PB.88871.1	PB.164659.2	256	391
PB.8736.2	ENST00000420993.7	0	-314
PB.8736.2	ENST00000299821.15	256	-334
PB.8736.2	ENST00000395701.7	256	-427
PB.8736.2	PB.30539.1	256	-440
PB.8736.2	PB.45530.1	256	-505
PB.8736.2	PB.164659.2	256	11
PB.15837.1	ENST00000420993.7	0	1684
PB.15837.1	ENST00000395701.7	256	1571
PB.15837.1	ENST00000299821.15	256	1637
PB.15837.1	PB.30539.1	256	1557
PB.15837.1	PB.164659.2	256	1743
PB.15837.1	PB.45530.1	256	1493
PB.124872.2	ENST00000420993.7	0	215
PB.124872.2	PB.30539.1	256	141
PB.124872.2	ENST00000299821.15	256	187
PB.124872.2	ENST00000395701.7	256	103
PB.124872.2	PB.164659.2	256	555
PB.124872.2	PB.45530.1	256	25
PB.37993.1	ENST00000420993.7	0	1804
PB.37993.1	PB.30539.1	256	1706
PB.37993.1	ENST00000395701.7	256	1685
PB.37993.1	ENST00000299821.15	256	1751
PB.37993.1	PB.45530.1	256	1716
PB.130964.2	ENST00000420993.7	0	3188
PB.130964.3	ENST00000420993.7	0	3234
PB.103838.2	ENST00000299821.15	0	490
PB.103838.2	ENST00000420993.7	256	490
PB.103838.2	PB.45530.1	256	490
PB.103838.2	ENST00000395701.7	256	396
PB.103838.2	PB.30539.1	256	394
PB.53068.1	PB.83272.1	0	1125
PB.53068.1	ENST00000395693.8	256	981
PB.53068.1	ENST00000252785.3	256	906
PB.53068.1	PB.83272.3	256	855
PB.53068.1	ENST00000535425.5	256	855
PB.53068.1	ENST00000543927.6	256	853
PB.53068.1	PB.45531.1	2048	513
PB.96223.1	ENST00000252029.8	0	703
PB.96223.1	ENST00000395680.6	256	703
PB.96223.1	PB.53068.2	256	700
PB.96223.1	ENST00000487577.5	256	700
PB.96223.1	PB.45531.1	256	700
PB.96223.1	ENST00000395678.7	256	699
PB.37994.2	PB.53068.2	0	1255
PB.37994.2	ENST00000252029.8	256	1252
PB.37994.2	ENST00000395678.7	256	1225
PB.37994.2	ENST00000395681.6	256	1216
PB.37994.2	ENST00000395680.6	256	1191
PB.37994.2	PB.45531.1	256	1147
PB.30541.2	ENST00000395678.7	0	367
PB.30541.2	ENST00000395680.6	256	318
PB.30541.2	PB.53068.2	256	325
PB.30541.2	PB.68362.1	256	325
PB.30541.2	ENST00000395681.6	256	325
PB.30541.2	ENST00000252029.8	256	325
PB.45531.2	PB.68362.1	0	547
PB.45531.2	PB.53068.2	256	541
PB.45531.2	ENST00000252029.8	256	538
PB.45531.2	ENST00000395681.6	256	538
PB.45531.2	ENST00000395678.7	256	517
PB.45531.2	ENST00000395680.6	256	477
PB.23139.1	PB.45531.1	0	552
PB.23139.1	ENST00000487577.5	256	523
PB.15839.1	PB.37995.1	0	1753
PB.15839.1	PB.30543.1	256	1632
PB.15839.1	ENST00000312108.12	256	1910
PB.15839.1	ENST00000405237.7	256	1910
PB.15839.1	ENST00000395650.6	256	1964
PB.15839.1	ENST00000360719.6	256	1839
PB.53070.1	PB.60757.1	0	165
PB.53070.1	PB.68364.1	256	165
PB.53070.1	ENST00000406938.3	256	165
PB.83274.1	PB.60757.1	0	524
PB.83274.1	PB.68364.1	256	515
PB.83274.1	ENST00000406938.3	256	515
PB.75828.1	ENST00000656328.1	0	737
PB.45533.2	ENST00000356098.9	0	1707
PB.45533.2	PB.37996.4	256	1633
PB.45533.2	ENST00000395621.7	256	1633
PB.45533.2	PB.30544.2	256	1495
PB.45533.2	ENST00000216124.10	256	1527
PB.45533.2	PB.23140.2	256	1387
PB.37996.2	ENST00000216124.10	0	1867
PB.37996.2	PB.23140.2	256	1747
PB.37996.2	PB.23140.3	256	1743
PB.37996.2	PB.30544.3	256	1827
PB.37996.2	PB.23140.1	256	1659
PB.37996.2	PB.37996.3	256	1777
PB.83275.1	ENST00000664402.1	0	1163
PB.83275.1	ENST00000262795.6	256	1163
PB.137426.1	PB.130966.1	0	1458
PB.137426.1	PB.124873.1	256	1458
PB.137426.1	PB.130966.2	256	1442
