rescue_candidate	mapping_hit	alignment_type	alignment_score
PB.83093.1	ENST00000635667.1	0	542
PB.137289.1		4	0
PB.30357.1	ENST00000657965.1	0	1051
PB.30357.1	PB.137290.2	2048	720
PB.30357.1	PB.124736.1	256	674
PB.30357.1	ENST00000413768.5	256	695
PB.30357.1	ENST00000437781.5	256	652
PB.30357.1	PB.164508.1	256	647
PB.30357.1	PB.96069.2	256	633
PB.118860.1		4	0
PB.15672.2	PB.164508.1	0	2166
PB.15672.2	ENST00000437781.5	256	2166
PB.15672.2	PB.137290.2	256	2134
PB.15672.2	ENST00000413768.5	256	1894
PB.137290.1	PB.137290.2	0	2929
PB.137290.1	ENST00000447898.5	256	2563
PB.124736.3	PB.137290.2	0	3078
PB.124736.3	ENST00000447898.5	256	2938
PB.124736.4	PB.137290.2	0	2885
PB.124736.4	ENST00000447898.5	256	2730
PB.130815.3	PB.137290.2	0	2567
PB.130815.3	ENST00000447898.5	256	2805
PB.30357.3	ENST00000437781.5	0	1655
PB.30357.3	PB.137290.2	256	1655
PB.30357.3	ENST00000447898.5	256	1655
PB.30357.3	PB.164508.1	256	1654
PB.30357.3	ENST00000413768.5	256	1387
PB.3796.1	PB.124736.1	0	2938
PB.83094.2	PB.124736.1	0	751
PB.83094.2	ENST00000437781.5	256	740
PB.83094.2	PB.164508.1	256	735
PB.83094.2	PB.96069.2	256	724
PB.83094.2	PB.137290.2	256	657
PB.83094.2	ENST00000413768.5	256	632
PB.83094.3	PB.137290.2	0	716
PB.83094.3	PB.124736.1	256	658
PB.83094.3	ENST00000413768.5	256	691
PB.83094.3	ENST00000437781.5	256	648
PB.83094.3	PB.164508.1	256	643
PB.83094.3	PB.96069.2	256	632
PB.143795.2	PB.137290.2	0	2504
PB.143795.2	ENST00000447898.5	256	2435
PB.143795.3	ENST00000447898.5	0	2710
PB.143795.3	PB.137290.2	256	2346
PB.8631.2	PB.124736.1	0	2848
PB.137290.3	ENST00000447898.5	0	2804
PB.137290.3	PB.137290.2	256	2439
PB.3796.2	PB.124736.1	0	2979
PB.164508.2	ENST00000447898.5	0	2265
PB.164508.2	PB.137290.2	256	2265
PB.143795.4	ENST00000447898.5	0	2712
PB.143795.4	PB.137290.2	256	2347
PB.130815.5	PB.137290.2	0	2578
PB.130815.5	ENST00000447898.5	256	2712
PB.164508.3	PB.137290.2	0	2427
PB.164508.3	ENST00000447898.5	256	2427
PB.130815.6	ENST00000657965.1	0	1120
PB.83095.1	PB.83095.3	0	900
PB.83095.1	ENST00000592107.5	256	900
PB.83095.1	PB.83095.4	256	780
PB.83095.1	ENST00000592918.5	256	490
PB.83095.1	PB.52882.2	256	372
PB.83095.1	PB.75665.2	256	411
PB.75665.1	PB.75665.2	0	1019
PB.75665.1	ENST00000592918.5	256	1019
PB.75665.1	PB.52882.2	256	1018
PB.75665.1	ENST00000588548.1	256	1015
PB.60583.1	PB.52882.2	0	1511
PB.60583.1	ENST00000592918.5	256	1302
PB.60583.1	PB.75665.2	256	1212
PB.68183.1	ENST00000592918.5	0	1420
PB.68183.1	PB.52882.2	256	1301
PB.68183.1	PB.75665.2	256	1330
PB.83095.2	PB.83095.4	0	988
PB.83095.2	PB.83095.3	256	778
PB.83095.2	ENST00000592107.5	256	778
PB.83095.2	PB.52882.2	256	582
PB.37825.1	PB.52882.2	0	1547
PB.37825.1	ENST00000592918.5	256	1318
PB.111553.1	ENST00000609932.5	0	340
PB.111553.1	PB.124737.1	256	340
PB.111553.1	PB.130816.1	256	338
PB.111553.1	ENST00000441006.5	256	338
PB.143796.1	PB.130816.1	0	2484
PB.130817.2	ENST00000319363.11	0	3227
PB.130817.2	PB.143797.1	256	2776
PB.130817.2	ENST00000612619.1	256	3079
PB.130817.2	PB.150482.1	256	2552
PB.137291.1	PB.143797.1	0	2629
PB.137291.1	ENST00000319363.11	256	2562
PB.137291.1	ENST00000612619.1	256	2377
PB.137291.1	PB.150482.1	256	2370
PB.157382.1	PB.143797.1	0	260
PB.157382.1	ENST00000319363.11	256	260
PB.157382.1	PB.150482.1	256	260
PB.157382.1	ENST00000612619.1	256	260
PB.157383.1	ENST00000319363.11	0	2529
PB.157383.1	ENST00000612619.1	256	2306
PB.157383.1	PB.143797.1	256	2041
PB.30360.1	PB.37826.1	0	1514
PB.30360.1	ENST00000336737.8	256	1274
PB.30360.1	ENST00000155674.9	256	1274
PB.30360.1	PB.30360.2	256	1273
PB.45357.1	ENST00000336737.8	0	1688
PB.45357.1	PB.30360.2	256	1684
PB.45357.1	PB.88755.1	256	-204
PB.45357.1	ENST00000155674.9	256	1541
PB.45357.1	PB.37826.1	256	1539
PB.45357.2	ENST00000336737.8	0	1747
PB.45357.2	PB.30360.2	256	1743
PB.45357.2	PB.88755.1	256	-124
PB.45357.2	ENST00000155674.9	256	1600
PB.45357.2	PB.37826.1	256	1598
PB.60585.3	PB.30360.2	0	1443
PB.60585.3	ENST00000336737.8	256	1443
PB.60585.3	ENST00000155674.9	256	1443
PB.60585.3	PB.37826.1	256	1443
PB.60585.3	PB.124739.1	256	1329
PB.60585.3	PB.88755.1	256	1202
PB.60585.2	PB.30360.2	0	1389
PB.60585.2	ENST00000336737.8	256	1389
PB.60585.2	PB.88755.1	256	-502
PB.60585.2	ENST00000155674.9	256	1246
PB.60585.2	PB.37826.1	256	1244
PB.22970.1	PB.37826.1	0	1802
PB.22970.1	ENST00000155674.9	256	1562
PB.22970.1	PB.30360.2	256	1562
PB.22970.1	ENST00000336737.8	256	1562
PB.45357.3	ENST00000336737.8	0	1653
PB.45357.3	PB.30360.2	256	1653
PB.45357.3	PB.88755.1	256	-237
PB.45357.3	ENST00000155674.9	256	1552
PB.45357.3	PB.37826.1	256	1550
PB.45357.4	ENST00000336737.8	0	1706
PB.45357.4	PB.30360.2	256	1706
PB.45357.4	PB.88755.1	256	-184
PB.45357.4	ENST00000155674.9	256	1570
PB.45357.4	PB.37826.1	256	1568
PB.68185.2	ENST00000336737.8	0	1023
PB.68185.2	PB.30360.2	256	1023
PB.68185.2	ENST00000155674.9	256	887
PB.68185.2	PB.37826.1	256	885
PB.137292.1	PB.88755.1	0	1823
PB.75667.1	ENST00000253413.10	0	1161
PB.75667.1	ENST00000399796.6	256	953
PB.75667.1	PB.83098.2	256	1033
PB.75667.1	ENST00000399798.6	256	902
PB.137294.1	ENST00000618481.4	0	3016
PB.137294.1	PB.130819.4	256	2956
PB.137294.1	ENST00000418951.6	256	2956
PB.137294.1	PB.130819.6	256	2860
PB.137294.1	ENST00000317582.10	256	2860
PB.137294.1	ENST00000611738.4	256	2765
PB.130819.2	PB.130819.6	0	3107
PB.130819.2	ENST00000317582.10	256	3099
PB.130819.2	ENST00000418951.6	256	2953
PB.130819.2	PB.130819.4	256	2953
PB.130819.2	ENST00000543133.5	256	2779
PB.130819.2	PB.137294.5	256	2775
PB.130819.3	ENST00000418951.6	0	3132
PB.130819.3	PB.130819.4	256	3132
PB.130819.3	PB.130819.6	256	3024
PB.130819.3	ENST00000317582.10	256	3016
PB.130819.3	PB.137294.4	256	2814
PB.130819.3	ENST00000543133.5	256	2749
PB.143799.1	ENST00000611738.4	0	2863
PB.143799.1	ENST00000618481.4	256	2716
PB.143799.1	PB.137294.4	256	2811
PB.143799.1	ENST00000418951.6	256	2641
PB.143799.1	PB.130819.4	256	2641
PB.143799.1	PB.130819.6	256	2571
PB.103688.1	ENST00000618481.4	0	628
PB.103688.1	ENST00000399782.5	256	513
PB.103688.1	PB.96072.1	256	513
PB.103688.1	ENST00000493680.5	256	513
PB.103688.1	PB.130819.6	256	482
PB.103688.1	ENST00000317582.10	256	482
PB.137294.3	PB.137294.2	0	2889
PB.137294.3	ENST00000337612.9	256	2889
PB.137294.3	ENST00000543133.5	256	2793
PB.137294.3	ENST00000418951.6	256	2706
PB.137294.3	PB.137294.5	256	2791
PB.137294.3	PB.130819.6	256	2626
PB.68187.1	PB.137294.4	0	432
PB.68187.1	PB.130819.6	256	432
PB.68187.1	PB.96072.1	256	432
PB.68187.1	PB.130819.4	256	431
PB.68187.1	PB.22971.2	256	431
PB.68187.1	ENST00000418951.6	256	431
PB.30361.1	PB.137294.5	0	301
PB.30361.1	ENST00000543133.5	256	301
PB.30361.1	ENST00000337612.9	256	301
PB.30361.1	ENST00000317582.10	256	301
PB.30361.1	PB.137294.2	256	301
PB.30361.1	PB.130819.4	256	301
PB.137294.6	ENST00000317582.10	0	3112
PB.137294.6	PB.130819.6	256	3112
PB.137294.6	ENST00000618481.4	256	3043
PB.137294.6	ENST00000418951.6	256	2946
PB.137294.6	PB.130819.4	256	2945
PB.137294.6	ENST00000543133.5	256	2772
PB.30362.1	ENST00000543133.5	0	2010
PB.30362.1	ENST00000355028.4	256	2010
PB.30362.1	PB.22972.1	256	2010
PB.30362.1	PB.130819.4	256	2010
PB.30362.1	PB.137294.4	256	2010
PB.30362.1	ENST00000618481.4	256	2010
PB.157385.1	ENST00000538149.5	0	2547
PB.157385.1	ENST00000618481.4	256	2547
PB.157385.1	PB.137294.2	256	2547
PB.157385.1	PB.130819.6	256	2547
PB.157385.1	ENST00000337612.9	256	2547
PB.157385.1	ENST00000616863.4	256	2547
PB.45360.1	ENST00000614949.4	0	1716
PB.45360.1	ENST00000317361.11	256	1716
PB.45360.1	ENST00000622694.5	256	1716
PB.45360.1	ENST00000399765.5	256	1683
PB.88758.1	ENST00000441493.7	0	3660
PB.88758.1	ENST00000476405.1	256	3569
PB.88758.1	PB.130821.2	256	3453
PB.8635.1	ENST00000441493.7	0	4613
PB.3799.2	ENST00000414725.6	0	4562
PB.75670.1	PB.157386.1	0	622
PB.75670.1	ENST00000399744.8	256	617
PB.150483.1	ENST00000399744.8	0	1283
PB.150483.1	ENST00000329627.11	256	981
PB.45363.1	PB.30364.2	0	1506
PB.45363.1	PB.37831.1	256	1530
PB.45363.1	ENST00000215794.8	256	1530
PB.103690.1	ENST00000612978.5	0	680
PB.103690.1	ENST00000621561.5	256	654
PB.103690.2	ENST00000612978.5	0	525
PB.103690.2	ENST00000621561.5	256	507
PB.103690.2	PB.103704.1	256	511
PB.52887.2	ENST00000610959.4	0	916
PB.52887.1	ENST00000486209.5	0	825
PB.52887.1	ENST00000610959.4	256	619
PB.52887.1	PB.83100.1	256	1156
PB.68191.2	ENST00000610959.4	0	585
PB.68191.2	ENST00000486209.5	256	594
PB.68191.2	PB.83100.1	256	1122
PB.68192.1	ENST00000640084.1	0	952
PB.75671.1	ENST00000640084.1	0	952
PB.75671.2	ENST00000640084.1	0	1029
PB.137295.1	ENST00000438934.5	0	2812
PB.8639.2	ENST00000263196.12	0	4287
PB.8639.2	ENST00000545799.5	256	4286
PB.8639.2	ENST00000537045.5	256	4034
PB.8639.2	PB.124744.2	256	3588
PB.137296.1	ENST00000263196.12	0	3053
PB.137296.1	ENST00000545799.5	256	3053
PB.137296.1	ENST00000537045.5	256	3053
PB.137296.1	PB.124744.2	256	3051
PB.137296.1	PB.130824.1	256	3051
PB.8639.5	ENST00000545799.5	0	4175
PB.8639.5	ENST00000263196.12	256	4168
PB.8639.5	ENST00000537045.5	256	3903
PB.8639.5	PB.124744.2	256	3503
PB.88761.1	ENST00000545799.5	0	3647
PB.88761.1	ENST00000263196.12	256	3605
PB.88761.1	ENST00000537045.5	256	3370
PB.88761.1	PB.124744.2	256	2933
PB.8639.6	ENST00000545799.5	0	3923
PB.8639.6	ENST00000263196.12	256	3903
PB.8639.6	ENST00000537045.5	256	3651
PB.8639.6	PB.124744.2	256	3239
PB.8639.7	ENST00000545799.5	0	4359
PB.8639.7	ENST00000263196.12	256	4352
PB.8639.7	ENST00000537045.5	256	4087
PB.8639.7	PB.124744.2	256	3689
PB.88761.3	ENST00000263196.12	0	3824
PB.88761.3	ENST00000537045.5	256	3824
PB.88761.3	ENST00000545799.5	256	3824
PB.88761.3	PB.124744.2	256	3739
PB.88761.3	PB.130824.1	256	3427
PB.137296.2	ENST00000263196.12	0	3093
PB.137296.2	ENST00000537045.5	256	3093
PB.137296.2	PB.124744.2	256	3093
PB.137296.2	PB.130824.1	256	3093
PB.137296.2	ENST00000545799.5	256	3093
PB.8639.8	ENST00000263196.12	0	4054
PB.8639.8	ENST00000545799.5	256	4049
PB.8639.8	ENST00000537045.5	256	3797
PB.8639.8	PB.124744.2	256	3426
PB.8639.8	PB.130824.1	256	3426
PB.150485.3	ENST00000537045.5	0	2643
PB.150485.3	ENST00000545799.5	256	2494
PB.150485.3	ENST00000263196.12	256	2482
PB.60588.1	PB.22978.2	0	1208
PB.60588.1	ENST00000263196.12	256	1208
PB.60588.1	ENST00000545799.5	256	1188
PB.60588.1	PB.137296.4	256	1175
PB.60588.1	PB.22978.1	256	1174
PB.60588.1	ENST00000537045.5	256	936
PB.130824.2	ENST00000545799.5	0	1229
PB.130824.2	ENST00000263196.12	256	1212
PB.130824.2	PB.22978.2	256	1207
PB.130824.2	PB.137296.4	256	1194
PB.130824.2	PB.22978.1	256	1173
PB.130824.2	ENST00000537045.5	256	977
PB.30368.1	PB.137296.4	0	761
PB.30368.1	ENST00000545799.5	256	737
PB.30368.1	PB.22978.1	256	741
PB.30368.1	ENST00000263196.12	256	723
PB.30368.1	PB.22978.2	256	718
PB.22979.1	PB.45365.1	0	1557
PB.22979.1	ENST00000252137.11	256	1557
PB.22979.1	PB.60589.1	256	1548
PB.22979.1	PB.45365.2	256	1437
PB.30369.1	PB.45365.1	0	1553
PB.30369.1	ENST00000252137.11	256	1553
PB.30369.1	PB.60589.1	256	1544
PB.30369.1	PB.45365.2	256	1435
PB.75676.1	PB.130825.1	0	1292
PB.75676.1	ENST00000340170.8	256	1292
PB.75676.1	ENST00000263208.5	256	1292
PB.75676.1	PB.137298.1	256	1291
PB.83104.1	ENST00000340170.8	0	1099
PB.83104.1	PB.130825.1	256	1099
PB.83104.1	ENST00000263208.5	256	1099
PB.83104.1	PB.137298.1	256	1099
PB.8641.1	ENST00000263208.5	0	3757
PB.8641.1	PB.130825.1	256	3335
PB.8641.1	PB.137298.1	256	3118
PB.8641.1	ENST00000340170.8	256	2489
PB.124747.1		4	0
PB.60592.2		4	0
PB.83105.1	PB.68195.2	0	677
PB.75677.1	ENST00000399562.9	0	804
PB.75677.1	ENST00000399568.5	256	804
PB.75677.1	PB.45366.1	256	804
PB.96078.1	PB.75677.2	0	599
PB.96078.1	ENST00000399562.9	256	596
PB.96078.1	PB.45366.1	2048	203
PB.96078.1	ENST00000399562.9	256	203
PB.30372.2		4	0
PB.3804.2	PB.3804.1	0	5009
PB.96079.1	PB.83107.2	0	682
PB.96079.1	ENST00000263202.15	256	682
PB.96079.1	PB.83107.4	256	682
PB.96079.1	PB.103694.1	256	682
PB.96079.1	PB.83107.3	256	682
PB.96079.1	PB.96079.3	256	680
PB.96079.2	PB.96079.3	0	845
PB.96079.2	PB.83107.4	256	835
PB.96079.2	PB.83107.2	256	834
PB.96079.2	PB.83107.3	256	834
PB.96079.2	ENST00000263202.15	256	834
PB.96079.2	ENST00000399523.5	256	702
PB.124749.1	PB.83107.3	0	547
PB.124749.1	ENST00000263202.15	256	547
PB.124749.1	PB.96079.3	256	547
PB.124749.1	PB.83107.4	256	547
PB.124749.1	PB.103694.1	256	547
PB.124749.1	PB.83107.2	256	547
PB.22984.1	PB.83107.4	0	569
PB.22984.1	PB.3804.1	256	517
PB.22984.1	ENST00000263202.15	256	517
PB.22984.1	PB.83107.2	256	517
PB.22984.1	ENST00000399523.5	256	504
PB.30374.1	ENST00000437685.6	0	1842
PB.30374.1	ENST00000263201.7	256	1870
PB.30374.1	PB.30374.3	256	1794
PB.30374.1	PB.30374.7	256	1668
PB.30374.1	PB.30374.8	256	1772
PB.30374.1	ENST00000407835.6	256	1771
PB.88763.1	PB.30374.5	0	690
PB.88763.1	PB.30374.6	256	674
PB.88763.1	PB.30374.8	256	669
PB.88763.1	PB.68198.2	256	669
PB.37835.1	PB.30374.7	0	1746
PB.37835.1	ENST00000437685.6	256	1731
PB.37835.1	ENST00000263201.7	256	1816
PB.37835.1	PB.30374.3	256	1740
PB.37835.1	PB.30374.8	256	1718
PB.37835.1	PB.30374.5	256	1589
PB.45368.1	PB.30374.8	0	1536
PB.45368.1	PB.30374.6	256	1454
PB.45368.1	PB.30374.5	256	1429
PB.45368.1	PB.30374.3	256	1228
PB.45368.1	ENST00000263201.7	256	1305
PB.45368.1	ENST00000437685.6	256	1183
PB.45368.2	PB.30374.3	0	1634
PB.45368.2	ENST00000263201.7	256	1684
PB.45368.2	ENST00000437685.6	256	1589
PB.45368.2	PB.30374.7	256	1474
PB.45368.2	PB.30374.8	256	1586
PB.45368.2	PB.30374.6	256	1505
PB.37835.2	ENST00000263201.7	0	1775
PB.37835.2	PB.30374.3	256	1698
PB.37835.2	ENST00000437685.6	256	1679
PB.37835.2	PB.30374.7	256	1572
PB.37835.2	PB.30374.8	256	1677
PB.37835.2	PB.30374.6	256	1574
PB.52895.1	ENST00000404724.7	0	1481
PB.52895.1	ENST00000263201.7	256	1487
PB.52895.1	PB.30374.8	256	1487
PB.52895.1	PB.30374.3	256	1384
PB.52895.1	ENST00000437685.6	256	1365
PB.52895.1	PB.30374.7	256	1280
PB.45368.3	PB.30374.3	0	1450
PB.45368.3	ENST00000263201.7	256	1505
PB.45368.3	ENST00000437685.6	256	1409
PB.45368.3	PB.30374.8	256	1407
PB.45368.3	PB.30374.6	256	1316
PB.45368.3	PB.30374.7	256	1414
PB.45368.4	ENST00000263201.7	0	1828
PB.45368.4	PB.30374.3	256	1740
PB.45368.4	ENST00000437685.6	256	1722
PB.45368.4	PB.30374.7	256	1617
PB.45368.4	PB.30374.8	256	1781
PB.45368.4	ENST00000407835.6	256	1780
PB.22985.1	PB.30374.8	0	1862
PB.22985.1	PB.30374.6	256	1761
PB.22985.1	PB.30374.5	256	1749
PB.22985.1	ENST00000437685.6	256	1829
PB.22985.1	ENST00000263201.7	256	1631
PB.22985.1	PB.30374.3	256	1528
PB.130827.2	PB.130827.1	0	3241
PB.45368.5	ENST00000263201.7	0	1657
PB.45368.5	ENST00000437685.6	256	1535
PB.45368.5	PB.30374.3	256	1554
PB.45368.5	PB.30374.7	256	1448
PB.45368.5	PB.30374.8	256	1627
PB.45368.5	PB.30374.6	256	1521
PB.52895.2	PB.30374.8	0	1525
PB.52895.2	ENST00000263201.7	256	1525
PB.52895.2	ENST00000437685.6	256	1406
PB.52895.2	PB.30374.3	256	1421
PB.52895.2	PB.30374.7	256	1316
PB.52895.2	ENST00000404724.7	256	1461
PB.96081.1	PB.52896.1	0	762
PB.96081.1	PB.45369.1	256	762
PB.96081.1	PB.164519.2	256	762
PB.96081.1	ENST00000438754.6	256	762
PB.96081.1	ENST00000455784.7	256	762
PB.96081.1	PB.157393.2	256	762
PB.15679.1	PB.157393.1	0	2171
PB.15679.1	PB.157393.2	256	2060
PB.15679.1	PB.130828.1	256	2058
PB.15679.1	PB.150487.1	256	1987
PB.15679.1	PB.143807.1	256	1876
PB.15679.1	ENST00000455784.7	256	1692
PB.30375.1	ENST00000455784.7	0	1997
PB.30375.1	ENST00000455843.5	256	1893
PB.30375.1	PB.30375.3	256	1892
PB.30375.1	PB.15679.2	256	1782
PB.30375.1	ENST00000438754.6	256	1853
PB.30375.1	ENST00000406395.5	256	1912
PB.22986.1	ENST00000455843.5	0	2041
PB.22986.1	PB.15679.2	256	1930
PB.22986.1	PB.157393.1	256	1736
PB.22986.1	ENST00000438754.6	256	1999
PB.22986.1	PB.164519.2	256	1770
PB.22986.1	PB.157393.2	256	1622
PB.22986.2	ENST00000455843.5	0	2095
PB.22986.2	PB.15679.2	256	1984
PB.22986.2	PB.157393.1	256	1790
PB.22986.2	ENST00000438754.6	256	2055
PB.22986.2	PB.164519.2	256	1826
PB.22986.2	PB.157393.2	256	1678
PB.83109.1	ENST00000329517.11	0	868
PB.83109.1	PB.83109.2	256	867
PB.83109.1	PB.60595.1	256	867
PB.83109.1	PB.75678.1	256	865
PB.83109.1	PB.52897.2	256	864
PB.83109.1	ENST00000403325.5	256	863
PB.68200.1	PB.60595.1	0	1187
PB.68200.1	ENST00000329517.11	256	1176
PB.68200.1	PB.52897.2	256	1119
PB.68200.1	ENST00000403325.5	256	1118
PB.68200.1	PB.75678.1	256	1027
PB.60595.2	PB.52897.2	0	1481
PB.60595.2	ENST00000329517.11	256	1399
PB.60595.2	PB.60595.1	256	1399
PB.60595.2	ENST00000403325.5	256	1396
PB.60595.3	ENST00000403325.5	0	1390
PB.60595.3	PB.52897.2	256	1124
PB.60595.3	PB.60595.1	256	1116
PB.60595.3	ENST00000329517.11	256	1116
PB.157395.2	ENST00000405640.1	0	2533
PB.157395.2	ENST00000328554.9	256	2267
PB.157395.2	PB.164520.1	256	2226
PB.157395.2	ENST00000407472.5	256	2226
PB.157395.2	PB.15680.1	256	2208
PB.157395.3	ENST00000328554.9	0	2475
PB.157395.3	ENST00000407472.5	256	2347
PB.157395.3	ENST00000405640.1	256	2347
PB.157395.3	PB.164520.1	256	2347
PB.157395.3	PB.15680.1	256	2265
PB.30377.1	ENST00000400521.7	0	1884
PB.30377.1	ENST00000400525.6	256	1722
PB.30377.1	ENST00000400518.5	256	1773
PB.30377.1	ENST00000542719.6	256	1770
PB.30377.1	ENST00000400519.6	256	1569
PB.96083.1	ENST00000542719.6	0	968
PB.96083.1	ENST00000400518.5	256	968
PB.96083.1	ENST00000400525.6	256	964
PB.96083.1	ENST00000400521.7	256	964
PB.96083.1	ENST00000462330.5	256	841
PB.45372.2	ENST00000400518.5	0	1753
PB.45372.2	ENST00000400521.7	256	1753
PB.45372.2	ENST00000542719.6	256	1753
PB.45372.2	ENST00000400525.6	256	1697
PB.45372.2	ENST00000400519.6	256	1469
PB.45372.1	ENST00000400521.7	0	1665
PB.45372.1	ENST00000400525.6	256	1503
PB.45372.1	ENST00000400518.5	256	1549
PB.45372.1	ENST00000542719.6	256	1547
PB.45372.1	ENST00000400519.6	256	1351
PB.37837.1	ENST00000400521.7	0	1813
PB.37837.1	ENST00000400525.6	256	1651
PB.37837.1	ENST00000400518.5	256	1697
PB.37837.1	ENST00000542719.6	256	1695
PB.37837.1	ENST00000400519.6	256	1499
PB.60597.1	ENST00000400521.7	0	1515
PB.60597.1	ENST00000542719.6	256	1515
PB.60597.1	ENST00000400525.6	256	1515
PB.60597.1	ENST00000400518.5	256	1515
PB.60597.1	ENST00000400519.6	256	1232
PB.143809.1	ENST00000400521.7	0	852
PB.143809.1	ENST00000334363.14	256	1836
PB.143809.1	ENST00000491939.6	256	1797
PB.143809.1	ENST00000400525.6	256	688
PB.143809.1	ENST00000400518.5	256	736
PB.143809.1	ENST00000542719.6	256	734
PB.37837.3	ENST00000400521.7	0	1718
PB.37837.3	ENST00000400525.6	256	1556
PB.37837.3	ENST00000400518.5	256	1602
PB.37837.3	ENST00000542719.6	256	1600
PB.37837.3	ENST00000400519.6	256	1500
PB.37837.2	ENST00000400521.7	0	1742
PB.37837.2	ENST00000400518.5	256	1639
PB.37837.2	ENST00000542719.6	256	1639
PB.37837.2	ENST00000400519.6	256	1429
PB.37837.2	ENST00000400525.6	256	1656
PB.137301.1	ENST00000400519.6	0	3082
PB.143809.2	ENST00000400521.7	0	1045
PB.143809.2	ENST00000400519.6	256	1015
PB.143809.2	ENST00000400525.6	256	883
PB.143809.2	ENST00000400518.5	256	929
PB.143809.2	ENST00000542719.6	256	927
PB.143809.2	ENST00000334363.14	256	893
PB.30377.3	ENST00000334363.14	0	1690
PB.30377.3	ENST00000491939.6	256	1606
PB.37837.4	ENST00000334363.14	0	1836
PB.37837.4	ENST00000491939.6	256	1749
PB.75679.2	PB.75679.1	0	1223
PB.75679.2	ENST00000361682.11	256	1223
PB.75679.2	PB.75679.3	256	1125
PB.75679.2	ENST00000678769.1	256	1057
PB.75679.2	ENST00000678868.1	256	1170
PB.75679.2	PB.60596.1	256	1107
PB.68201.4	PB.75679.1	0	1200
PB.68201.4	ENST00000361682.11	256	1200
PB.68201.4	ENST00000678769.1	256	1081
PB.68201.4	PB.75679.3	256	1116
PB.68201.4	ENST00000678255.1	256	1109
PB.68201.4	ENST00000678868.1	256	1007
PB.83111.1	PB.75679.3	0	897
PB.83111.1	ENST00000361682.11	256	800
PB.83111.1	PB.75679.1	256	800
PB.83111.1	PB.52898.1	256	740
PB.83111.1	ENST00000678769.1	256	677
PB.83111.1	ENST00000678868.1	256	734
PB.68201.5	ENST00000678255.1	0	1300
PB.68201.5	PB.30376.1	256	1300
PB.68201.5	PB.60596.1	256	1298
PB.68201.5	PB.52898.1	256	1216
PB.68201.5	ENST00000403710.5	256	1231
PB.68201.5	PB.15681.3	256	433
PB.124751.1	ENST00000263207.8	0	3216
PB.88764.1	ENST00000263207.8	0	3724
PB.124751.2	ENST00000263207.8	0	3482
PB.88764.2	ENST00000263207.8	0	3514
PB.37839.1	ENST00000263207.8	0	1646
PB.22988.1	ENST00000263207.8	0	1972
PB.124751.3	ENST00000263207.8	0	3447
PB.83112.1	ENST00000263207.8	0	226
PB.37840.1	ENST00000432883.5	0	1729
PB.37840.1	PB.22989.3	256	1577
PB.37840.1	ENST00000420290.6	256	1741
PB.37840.1	ENST00000327374.9	256	1545
PB.37840.1	PB.15682.1	256	1593
PB.37840.1	ENST00000398042.6	256	1609
PB.22989.2	PB.15682.1	0	1957
PB.22989.2	PB.164521.1	256	1817
PB.22989.2	ENST00000456048.5	256	1817
PB.22989.2	PB.157396.1	256	1635
PB.22989.2	ENST00000434570.6	256	1761
PB.22989.2	PB.22989.1	256	1837
PB.124752.1	ENST00000327374.9	0	2844
PB.164521.3	ENST00000327374.9	0	679
PB.164521.3	PB.22989.3	256	543
PB.164521.3	PB.15682.5	256	543
PB.164521.3	ENST00000401833.5	256	451
PB.30378.3	ENST00000434570.6	0	1891
PB.30378.3	PB.15682.1	256	1747
PB.30378.3	ENST00000456048.5	256	1606
PB.30378.3	PB.164521.1	256	1606
PB.30378.3	PB.157396.1	256	1450
PB.30378.3	PB.22989.1	256	1635
PB.37840.3	PB.15682.1	0	1923
PB.37840.3	ENST00000432883.5	256	1923
PB.37840.3	PB.22989.3	256	1782
PB.37840.3	ENST00000456048.5	256	1782
PB.37840.3	ENST00000327374.9	256	1782
PB.37840.3	PB.164521.1	256	1782
PB.30378.1	ENST00000432883.5	0	2031
PB.30378.1	PB.22989.3	256	1901
PB.30378.1	ENST00000327374.9	256	1868
PB.30378.1	PB.15682.5	256	1706
PB.30378.1	PB.15682.1	256	1906
PB.30378.1	PB.164521.1	256	1776
PB.30378.2	PB.22989.3	0	1833
PB.30378.2	ENST00000327374.9	256	1800
PB.30378.2	PB.15682.5	256	1638
PB.30378.2	PB.164521.1	256	1708
PB.30378.2	ENST00000456048.5	256	1708
PB.30378.2	PB.157396.1	256	1525
PB.22989.4	ENST00000327374.9	0	1886
PB.22989.4	ENST00000432883.5	256	1969
PB.22989.4	PB.22989.3	256	1828
PB.22989.4	PB.15682.5	256	1646
PB.22989.4	PB.15682.1	256	1877
PB.22989.4	PB.164521.1	256	1736
PB.15682.3	ENST00000456048.5	0	2069
PB.15682.3	PB.164521.1	256	2069
PB.15682.3	PB.157396.1	256	1886
PB.15682.3	ENST00000434570.6	256	2013
PB.15682.3	PB.15682.1	256	1813
PB.15682.3	PB.22989.1	256	1758
PB.30378.4	ENST00000327374.9	0	1872
PB.30378.4	PB.30378.6	256	1948
PB.30378.4	ENST00000398042.6	256	1948
PB.30378.4	ENST00000432883.5	256	1851
PB.30378.4	PB.22989.3	256	1736
PB.30378.4	ENST00000447208.6	256	1692
PB.15682.4	ENST00000327374.9	0	2210
PB.15682.4	PB.22989.3	256	2074
PB.15682.4	PB.15682.5	256	1892
PB.15682.4	ENST00000456048.5	256	1982
PB.15682.4	PB.164521.1	256	1982
PB.15682.4	PB.157396.1	256	1799
PB.164521.4	PB.15682.5	0	2290
PB.164521.4	ENST00000327374.9	256	2088
PB.164521.4	PB.157396.1	256	2197
PB.164521.4	PB.22989.3	256	1952
PB.164521.4	ENST00000456048.5	256	1860
PB.164521.4	PB.164521.1	256	1860
PB.22989.5	ENST00000327374.9	0	2014
PB.22989.5	ENST00000432883.5	256	2019
PB.22989.5	PB.22989.3	256	1878
PB.22989.5	PB.15682.5	256	1696
PB.22989.5	PB.15682.1	256	1927
PB.22989.5	PB.164521.1	256	1786
PB.22989.6	ENST00000327374.9	0	1936
PB.22989.6	ENST00000447208.6	256	1948
PB.22989.6	PB.22989.3	256	1800
PB.22989.6	PB.15682.5	256	1618
PB.22989.6	PB.164521.1	256	1708
PB.22989.6	ENST00000456048.5	256	1708
PB.30378.5	ENST00000327374.9	0	1680
PB.30378.5	ENST00000432883.5	256	1685
PB.30378.5	PB.22989.3	256	1544
PB.30378.5	ENST00000420290.6	256	1697
PB.30378.5	PB.15682.1	256	1593
PB.30378.5	ENST00000447208.6	256	1737
PB.130830.1	ENST00000327374.9	0	2601
PB.22989.7	ENST00000327374.9	0	2097
PB.22989.7	PB.22989.3	256	1966
PB.22989.7	ENST00000447208.6	256	1860
PB.22989.7	PB.15682.5	256	1784
PB.22989.7	PB.164521.1	256	1874
PB.22989.7	ENST00000456048.5	256	1874
PB.30378.7	ENST00000327374.9	0	1901
PB.30378.7	PB.22989.3	256	1901
PB.30378.7	ENST00000456048.5	256	1901
PB.30378.7	PB.164521.1	256	1901
PB.30378.7	PB.157396.1	256	1719
PB.30378.7	PB.15682.5	256	1719
PB.8643.2	ENST00000351989.8	0	4349
PB.8643.2	ENST00000383024.6	256	4127
PB.8643.2	ENST00000407755.1	256	3989
PB.8643.2	PB.88765.1	256	3976
PB.130832.2	ENST00000403707.7	0	2022
PB.130832.2	PB.130832.3	256	2096
PB.130832.2	ENST00000252136.12	256	1930
PB.130832.2	PB.143812.3	256	1723
PB.130832.2	PB.137304.5	256	1839
PB.130832.2	PB.164523.4	256	1880
PB.150492.3	ENST00000403707.7	0	2686
PB.150492.3	ENST00000252136.12	256	2654
PB.150492.3	PB.143812.3	256	2441
PB.150492.3	PB.164523.2	256	2257
PB.150492.3	PB.157398.1	256	2226
PB.150492.3	ENST00000404751.7	256	2177
PB.150492.4	ENST00000252136.12	0	2614
PB.150492.4	ENST00000403707.7	256	2363
PB.150492.4	PB.143812.3	256	2166
PB.150492.4	PB.157398.1	256	2184
PB.150492.4	ENST00000404751.7	256	2143
PB.150492.4	ENST00000439169.2	256	2093
PB.143812.4	PB.137304.5	0	2569
PB.143812.4	PB.124753.1	256	2003
PB.143812.4	PB.130832.3	256	2426
PB.143812.4	PB.143812.5	256	2413
PB.143812.4	PB.150492.9	256	2150
PB.143812.4	PB.150492.6	256	2014
PB.15684.4	PB.164523.2	0	2261
PB.15684.4	ENST00000403707.7	256	2261
PB.15684.4	ENST00000404751.7	256	2228
PB.15684.4	PB.157398.2	256	2108
PB.15684.4	ENST00000252136.12	256	2158
PB.15684.4	PB.157398.1	256	2158
PB.15684.5	ENST00000252136.12	0	2043
PB.15684.5	PB.157398.1	256	2043
PB.15684.5	PB.150492.6	256	1819
PB.15684.5	ENST00000404751.7	256	1995
PB.15684.5	PB.157398.2	256	1896
PB.15684.5	ENST00000439169.2	256	1929
PB.22992.1	ENST00000252136.12	0	1830
PB.22992.1	PB.157398.1	256	1830
PB.22992.1	PB.150492.6	256	1606
PB.22992.1	ENST00000404751.7	256	1782
PB.22992.1	PB.157398.2	256	1678
PB.22992.1	ENST00000439169.2	256	1716
PB.164523.1	ENST00000439169.2	0	2243
PB.164523.1	ENST00000252136.12	256	2143
PB.164523.1	PB.157398.1	256	2143
PB.164523.1	ENST00000404751.7	256	2095
PB.164523.1	PB.164523.2	256	2198
PB.164523.1	ENST00000403707.7	256	2198
PB.150492.5	PB.143812.5	0	2515
PB.150492.5	PB.137304.5	256	2086
PB.150492.5	PB.124753.1	256	1520
PB.150492.5	PB.130832.3	256	1943
PB.150492.5	PB.150492.9	256	2253
PB.150492.5	PB.150492.6	256	2117
PB.15684.6	ENST00000403707.7	0	2083
PB.15684.6	PB.164523.2	256	2083
PB.15684.6	ENST00000252136.12	256	1934
PB.15684.6	PB.157398.1	256	1934
PB.15684.6	ENST00000404751.7	256	1886
PB.15684.6	ENST00000439169.2	256	1846
PB.164523.3	ENST00000252136.12	0	2197
PB.164523.3	PB.157398.1	256	2195
PB.164523.3	ENST00000404751.7	256	2168
PB.164523.3	PB.150492.6	256	1943
PB.164523.3	PB.157398.2	256	2026
PB.164523.3	ENST00000439169.2	256	2079
PB.157398.4	ENST00000252136.12	0	2335
PB.157398.4	ENST00000404751.7	256	2313
PB.157398.4	PB.157398.1	256	2335
PB.157398.4	PB.157398.2	256	2194
PB.157398.4	PB.150492.6	256	2085
PB.157398.4	ENST00000439169.2	256	2223
PB.15684.8	PB.150492.9	0	1681
PB.15684.8	PB.150492.6	256	1724
PB.15684.8	PB.143812.5	256	1538
PB.15684.8	ENST00000403707.7	256	1896
PB.15684.8	PB.164523.2	256	1896
PB.15684.8	PB.157398.1	256	1771
PB.150492.8	PB.143812.5	0	2614
PB.150492.8	PB.137304.5	256	2187
PB.150492.8	PB.124753.1	256	1619
PB.150492.8	PB.130832.3	256	2044
PB.150492.8	PB.150492.9	256	2354
PB.150492.8	PB.150492.6	256	2216
PB.157398.3	PB.164523.4	0	2381
PB.157398.3	ENST00000403707.7	256	2161
PB.157398.3	PB.164523.2	256	2158
PB.157398.3	PB.137304.5	256	1697
PB.157398.3	PB.130832.3	256	1554
PB.157398.3	ENST00000439169.2	256	2076
PB.157398.7	PB.150492.6	0	2427
PB.157398.7	PB.143812.5	256	2215
PB.157398.7	PB.137304.5	256	1788
PB.157398.7	PB.164523.2	256	2098
PB.157398.7	PB.130832.3	256	1646
PB.157398.7	PB.150492.9	256	1955
PB.83116.3	PB.83116.2	0	979
PB.83116.3	ENST00000402752.5	256	964
PB.96086.2	ENST00000402752.5	0	547
PB.96086.2	PB.83116.2	256	535
PB.75683.2	PB.68204.1	0	1170
PB.75683.2	PB.157399.1	256	278
PB.96086.3	ENST00000402752.5	0	897
PB.96086.3	PB.83116.2	256	885
PB.96086.3	ENST00000430524.6	256	738
PB.96086.3	PB.60600.2	256	736
PB.96086.3	PB.37843.1	256	431
PB.96086.4	PB.83116.2	0	730
PB.96086.4	ENST00000331821.7	256	703
PB.96086.4	ENST00000402752.5	256	715
PB.96086.4	ENST00000430524.6	256	588
PB.96086.4	PB.60600.2	256	587
PB.96086.4	PB.68204.1	256	500
PB.83116.5	PB.83116.2	0	925
PB.83116.5	ENST00000402752.5	256	910
PB.83116.5	ENST00000430524.6	256	895
PB.83116.5	PB.60600.2	256	893
PB.83116.5	ENST00000331821.7	256	752
PB.83116.5	PB.37843.1	256	456
PB.96086.5	ENST00000402752.5	0	619
PB.96086.5	PB.83116.2	256	607
PB.96086.5	ENST00000430524.6	256	498
PB.96086.5	PB.60600.2	256	496
PB.96086.5	PB.37843.1	256	429
PB.96086.6	ENST00000402752.5	0	896
PB.96086.6	PB.83116.2	256	884
PB.96086.6	ENST00000430524.6	256	776
PB.96086.6	PB.60600.2	256	774
PB.96086.6	PB.37843.1	256	430
PB.96086.7	PB.83116.2	0	826
PB.96086.7	ENST00000430524.6	256	826
PB.96086.7	PB.60600.2	256	826
PB.96086.7	ENST00000402752.5	256	811
PB.96086.7	PB.37843.1	256	468
PB.96086.8	ENST00000402752.5	0	719
PB.96086.8	PB.60600.2	256	707
PB.96086.8	PB.83116.2	256	707
PB.96086.8	ENST00000430524.6	256	707
PB.96086.8	ENST00000331821.7	256	706
PB.96086.8	PB.103700.1	256	669
PB.60600.4	PB.60600.2	0	1202
PB.83116.7	PB.60600.2	0	1209
PB.157400.1	ENST00000320602.11	0	2638
PB.157400.1	PB.130833.1	256	2638
PB.157400.1	ENST00000334554.12	256	2638
PB.164524.1	ENST00000334554.12	0	2367
PB.164524.1	PB.130833.1	256	2367
PB.164524.1	ENST00000320602.11	256	2367
PB.15686.1	PB.130833.1	0	2238
PB.15686.1	ENST00000334554.12	256	2238
PB.15686.1	ENST00000320602.11	256	2238
PB.45374.1	ENST00000334554.12	0	1759
PB.45374.1	ENST00000320602.11	256	1759
PB.45374.1	PB.130833.1	256	1759
PB.30383.1	ENST00000043402.8	0	1695
PB.45375.1	ENST00000043402.8	0	1696
PB.75685.2	ENST00000248879.8	0	1059
PB.75685.2	PB.130834.1	256	1059
PB.75685.2	PB.52903.1	256	522
PB.75685.2	ENST00000405465.3	256	759
PB.83117.1	ENST00000248879.8	0	903
PB.83117.1	PB.130834.1	256	903
PB.83117.1	ENST00000405465.3	256	930
PB.83117.1	PB.52903.1	256	549
PB.124755.1	ENST00000400451.7	0	3454
PB.124755.1	ENST00000611540.4	256	3183
PB.124755.1	PB.8645.2	256	3179
PB.8645.1	ENST00000403682.7	0	510
PB.8645.1	ENST00000400451.7	256	509
PB.8645.1	PB.137306.1	256	509
PB.8645.1	PB.8645.2	256	484
PB.124755.2	PB.8645.2	0	3068
PB.124755.2	ENST00000400451.7	256	3593
PB.124755.2	ENST00000611540.4	256	3205
PB.52904.1	PB.137306.1	0	1677
PB.52904.1	ENST00000611540.4	256	1677
PB.52904.1	ENST00000357502.5	256	1677
PB.52904.1	ENST00000400451.7	256	1677
PB.52904.1	PB.8645.2	256	1677
PB.52904.1	PB.157401.1	256	1675
PB.164526.1	PB.157402.1	0	2207
PB.164526.1	ENST00000328879.9	256	2170
PB.164526.1	PB.22995.1	256	2057
PB.15687.1	PB.157402.1	0	2233
PB.15687.1	ENST00000328879.9	256	2233
PB.15687.1	PB.22995.1	256	2189
PB.150495.1	PB.157402.1	0	2485
PB.150495.1	ENST00000328879.9	256	2485
PB.150495.1	PB.22995.1	256	2189
PB.52905.1	PB.157402.1	0	352
PB.52905.1	ENST00000328879.9	256	296
PB.130835.1	PB.124756.1	0	2999
PB.130835.1	PB.124756.4	256	3071
PB.130835.1	ENST00000263205.11	256	3061
PB.130835.1	PB.124756.2	256	2930
PB.130835.1	PB.130835.8	256	3034
PB.130835.1	PB.130835.4	256	2828
PB.130835.2	PB.130835.4	0	3136
PB.130835.2	ENST00000292733.11	256	3124
PB.130835.2	PB.124756.4	256	2993
PB.130835.2	ENST00000263205.11	256	2983
PB.130835.2	PB.130835.6	256	3017
PB.130835.2	PB.130835.5	256	2983
PB.137307.2	PB.130835.4	0	2962
PB.137307.2	ENST00000292733.11	256	2937
PB.137307.2	PB.124756.4	256	2818
PB.137307.2	ENST00000263205.11	256	2809
PB.137307.2	PB.130835.6	256	2842
PB.137307.2	PB.130835.5	256	2799
PB.137307.1	PB.124756.4	0	2906
PB.137307.1	ENST00000263205.11	256	2892
PB.137307.1	PB.124756.1	256	2795
PB.137307.1	PB.130835.8	256	2867
PB.137307.1	PB.130835.4	256	2665
PB.137307.1	PB.124756.2	256	2830
PB.130835.3	PB.124756.4	0	3232
PB.130835.3	ENST00000263205.11	256	3223
PB.130835.3	PB.124756.1	256	3131
PB.130835.3	PB.124756.2	256	3087
PB.130835.3	PB.130835.8	256	3195
PB.130835.3	PB.130835.4	256	3045
PB.137307.4	PB.130835.4	0	3073
PB.137307.4	ENST00000292733.11	256	3052
PB.137307.4	PB.130835.6	256	2957
PB.137307.4	PB.130835.5	256	2914
PB.137307.4	PB.124756.4	256	2907
PB.137307.4	ENST00000406969.5	256	2994
PB.137307.5	PB.130835.4	0	3031
PB.137307.5	ENST00000292733.11	256	3011
PB.137307.5	PB.130835.6	256	2916
PB.137307.5	PB.130835.5	256	2873
PB.137307.5	PB.124756.4	256	2866
PB.137307.5	ENST00000263205.11	256	2857
PB.143814.1	PB.130835.4	0	2460
PB.143814.1	PB.124756.4	256	2321
PB.143814.1	ENST00000292733.11	256	2440
PB.143814.1	ENST00000263205.11	256	2312
PB.143814.1	PB.130835.6	256	2345
PB.143814.1	PB.130835.5	256	2302
PB.137307.6	PB.130835.4	0	2883
PB.137307.6	ENST00000292733.11	256	2863
PB.137307.6	PB.130835.6	256	2768
PB.137307.6	PB.130835.5	256	2725
PB.137307.6	PB.124756.4	256	2718
PB.137307.6	ENST00000406969.5	256	2808
PB.150496.1	PB.143814.3	0	2711
PB.150496.1	PB.130835.4	256	2710
PB.150496.1	ENST00000292733.11	256	2710
PB.150496.1	PB.130835.5	256	2710
PB.150496.1	PB.124756.5	256	2710
PB.150496.1	ENST00000406969.5	256	2709
PB.130835.7	PB.124756.4	0	3170
PB.130835.7	ENST00000263205.11	256	3161
PB.130835.7	PB.124756.1	256	3069
PB.130835.7	PB.124756.2	256	3025
PB.130835.7	PB.130835.8	256	3133
PB.130835.7	ENST00000292733.11	256	2903
PB.143814.2	PB.130835.4	0	2524
PB.143814.2	ENST00000292733.11	256	2510
PB.143814.2	PB.130835.6	256	2413
PB.143814.2	PB.124756.4	256	2365
PB.143814.2	PB.130835.5	256	2366
PB.143814.2	ENST00000406969.5	256	2454
PB.164527.1	PB.130835.5	0	2251
PB.164527.1	PB.130835.4	256	2251
PB.164527.1	ENST00000292733.11	256	2251
PB.164527.1	PB.143814.3	256	2250
PB.164527.1	PB.130835.6	256	2140
PB.164527.1	PB.124756.4	256	2105
PB.157403.1	PB.130835.4	0	2302
PB.157403.1	PB.130835.5	256	2302
PB.157403.1	ENST00000292733.11	256	2302
PB.157403.1	PB.143814.3	256	2300
PB.157403.1	PB.130835.6	256	2191
PB.157403.1	PB.124756.4	256	2156
PB.130835.9	PB.124756.4	0	3065
PB.130835.9	ENST00000263205.11	256	3056
PB.130835.9	PB.124756.1	256	2955
PB.130835.9	PB.124756.2	256	2920
PB.130835.9	PB.130835.8	256	3027
PB.130835.9	PB.130835.4	256	2800
PB.137307.7	PB.124756.4	0	2775
PB.137307.7	ENST00000263205.11	256	2766
PB.137307.7	PB.124756.1	256	2665
PB.137307.7	PB.124756.2	256	2630
PB.137307.7	PB.130835.8	256	2737
PB.137307.7	ENST00000292733.11	256	2508
PB.157403.2	PB.130835.4	0	1958
PB.157403.2	ENST00000292733.11	256	1958
PB.157403.2	PB.124756.4	256	1812
PB.157403.2	PB.130835.6	256	1847
PB.157403.2	ENST00000263205.11	256	1809
PB.157403.2	ENST00000406969.5	256	2085
PB.22996.1	PB.124756.1	0	2099
PB.22996.1	PB.143814.8	256	2098
PB.22996.1	PB.130835.6	256	2098
PB.22996.1	ENST00000292733.11	256	1902
PB.22996.1	PB.30385.1	256	1902
PB.22996.1	PB.124756.5	256	1901
PB.137307.8	ENST00000406969.5	0	2708
PB.137307.8	ENST00000292733.11	256	2708
PB.137307.8	PB.130835.4	256	2708
PB.137307.8	PB.130835.6	256	2597
PB.137307.8	ENST00000263205.11	256	2562
PB.137307.8	PB.124756.4	256	2562
PB.137307.9	PB.124756.4	0	2619
PB.137307.9	ENST00000263205.11	256	2619
PB.137307.9	PB.124756.1	256	2508
PB.137307.9	PB.130835.8	256	2580
PB.137307.9	PB.124756.2	256	2482
PB.137307.9	ENST00000292733.11	256	2353
PB.130835.10	PB.130835.4	0	3081
PB.130835.10	ENST00000292733.11	256	3081
PB.130835.10	PB.130835.6	256	2970
PB.130835.10	PB.124756.4	256	2935
PB.130835.10	ENST00000263205.11	256	2935
PB.130835.10	ENST00000406969.5	256	3034
PB.137307.10	PB.130835.4	0	3012
PB.137307.10	ENST00000292733.11	256	3012
PB.137307.10	PB.130835.6	256	2901
PB.137307.10	ENST00000263205.11	256	2866
PB.137307.10	PB.124756.4	256	2866
PB.137307.10	ENST00000406969.5	256	2966
PB.143814.4	PB.143814.3	0	2853
PB.143814.4	PB.130835.4	256	2709
PB.143814.4	ENST00000292733.11	256	2709
PB.143814.4	ENST00000406969.5	256	2709
PB.143814.4	PB.130835.6	256	2598
PB.143814.4	ENST00000263205.11	256	2563
PB.157403.3	PB.130835.4	0	2119
PB.157403.3	ENST00000406969.5	256	2119
PB.157403.3	ENST00000292733.11	256	2119
PB.157403.3	PB.143814.3	256	2119
PB.157403.3	ENST00000263205.11	256	1973
PB.157403.3	PB.124756.4	256	1973
PB.130835.11	PB.130835.5	0	3214
PB.130835.11	PB.124756.2	256	3094
PB.130835.11	ENST00000406969.5	256	2965
PB.130835.11	ENST00000292733.11	256	2964
PB.130835.11	PB.130835.4	256	2964
PB.130835.11	PB.124756.4	256	2844
PB.137307.11	PB.130835.6	0	3005
PB.137307.11	PB.124756.1	256	2885
PB.137307.11	ENST00000292733.11	256	2809
PB.137307.11	PB.124756.4	256	2689
PB.137307.11	ENST00000263205.11	256	2688
PB.137307.11	PB.130835.4	256	2808
PB.150496.2	ENST00000292733.11	0	2624
PB.150496.2	PB.130835.5	256	2624
PB.150496.2	PB.130835.4	256	2623
PB.150496.2	PB.124756.5	256	2622
PB.150496.2	PB.143814.6	256	2621
PB.150496.2	ENST00000406969.5	256	2621
PB.96090.1	ENST00000452055.5	0	703
PB.96090.1	ENST00000450925.6	256	557
PB.96090.1	PB.103704.1	256	585
PB.96090.1	ENST00000419950.5	256	468
PB.96090.1	ENST00000637163.1	256	452
PB.103704.2	PB.103704.1	0	434
PB.103704.2	ENST00000452055.5	256	415
PB.103704.2	ENST00000450925.6	256	337
PB.103704.2	ENST00000419950.5	256	337
PB.130836.3	ENST00000255882.11	0	3388
PB.130836.3	PB.124757.1	256	3388
PB.130836.3	PB.3810.5	256	3388
PB.130836.3	PB.88768.1	256	3388
PB.130836.3	PB.8646.1	256	3388
PB.130836.3	PB.3810.4	256	3388
PB.83121.2	ENST00000215730.12	0	956
PB.83121.2	PB.83121.1	256	954
PB.96093.1	ENST00000215730.12	0	775
PB.96093.1	PB.83121.1	256	775
PB.96093.2	ENST00000215730.12	0	820
PB.96093.2	PB.83121.1	256	820
PB.96093.3	PB.83121.1	0	787
PB.96093.3	ENST00000215730.12	256	787
PB.3811.2	ENST00000354336.8	0	5270
PB.130837.1	ENST00000354336.8	0	1436
PB.37850.1	ENST00000354336.8	0	1520
PB.37850.1	PB.164530.1	256	1520
PB.37850.1	PB.111573.1	2048	395
PB.37850.1	ENST00000354336.8	256	395
PB.37850.1	PB.88770.1	256	395
PB.3811.3	ENST00000354336.8	0	4376
PB.3811.3	PB.88770.1	256	3895
PB.103707.1	PB.111573.1	0	398
PB.103707.1	PB.88770.1	256	398
PB.103707.1	ENST00000354336.8	256	398
PB.103707.1	PB.88770.1	2048	225
PB.103707.1	ENST00000354336.8	256	225
PB.111574.1	ENST00000444039.1	0	431
PB.15691.1	ENST00000399163.6	0	2268
PB.15691.1	ENST00000399167.6	256	2221
PB.15691.1	ENST00000405089.5	256	2224
PB.15691.1	ENST00000440238.4	256	2219
PB.15691.1	ENST00000683034.1	256	2223
PB.15691.1	ENST00000434714.6	256	2203
PB.88771.1	PB.124760.1	0	3512
PB.88771.1	PB.8649.2	256	3419
PB.88771.1	PB.3812.1	256	2296
PB.88771.1	PB.3812.2	256	2793
PB.88771.1	PB.130838.1	256	2927
PB.88771.1	ENST00000646124.2	256	2910
PB.88771.2	ENST00000646124.2	0	3897
PB.88771.2	PB.8649.2	256	3473
PB.88771.2	PB.3812.2	256	2864
PB.88771.2	PB.3812.1	256	2350
PB.8649.5	ENST00000646124.2	0	4073
PB.8649.5	PB.8649.2	256	3675
PB.8649.5	PB.3812.2	256	3066
PB.8649.5	PB.3812.1	256	2526
PB.8649.6	ENST00000646124.2	0	4145
PB.8649.6	PB.8649.2	256	3721
PB.8649.6	PB.3812.2	256	3112
PB.8649.6	PB.3812.1	256	2598
PB.83123.1	ENST00000215742.9	0	960
PB.83123.1	PB.83123.2	256	958
PB.83123.1	PB.75692.1	256	958
PB.83123.1	ENST00000399133.2	256	955
PB.83123.1	PB.45384.1	256	803
PB.83123.1	PB.52911.1	256	802
PB.75692.2	ENST00000215742.9	0	958
PB.75692.2	PB.83123.2	256	958
PB.75692.2	PB.75692.1	256	958
PB.75692.2	ENST00000399133.2	256	956
PB.75692.2	PB.45384.1	256	802
PB.75692.2	PB.23002.3	256	562
PB.75692.3	ENST00000215742.9	0	953
PB.75692.3	PB.75692.1	256	953
PB.75692.3	ENST00000399133.2	256	953
PB.75692.3	PB.83123.2	256	953
PB.75692.3	PB.45384.1	256	799
PB.75692.3	PB.23002.3	256	559
PB.83124.1	ENST00000436079.1	0	640
PB.83124.1	ENST00000452284.1	256	623
PB.83124.1	PB.45385.1	256	611
PB.37852.2	PB.37852.1	0	1658
PB.37852.2	ENST00000292748.7	256	1366
PB.52912.1	PB.37852.1	0	1230
PB.83125.1	PB.150501.1	0	643
PB.83125.1	ENST00000413302.6	256	643
PB.83125.1	PB.157409.1	256	643
PB.15694.1		4	0
PB.96100.1	ENST00000621561.5	0	729
PB.96100.1	ENST00000612978.5	256	703
PB.96100.1	ENST00000432134.8	256	578
PB.30396.1	ENST00000360806.9	0	1898
PB.30396.1	ENST00000450651.5	256	1694
PB.15696.1	ENST00000450651.5	0	2030
PB.15696.1	ENST00000360806.9	256	1824
PB.150503.1	ENST00000450651.5	0	1335
PB.150503.1	ENST00000360806.9	256	1389
PB.150503.1	ENST00000486209.5	256	850
PB.23004.1	ENST00000360806.9	0	1019
PB.23004.1	ENST00000486209.5	256	842
PB.150503.2	ENST00000610959.4	0	2364
PB.150503.2	ENST00000486209.5	256	2038
PB.164534.1	ENST00000610959.4	0	936
PB.164534.1	ENST00000486209.5	256	585
PB.164534.1	ENST00000611748.1	2048	430
PB.23004.2	ENST00000450651.5	0	1818
PB.23004.2	ENST00000360806.9	256	1898
PB.83126.1	ENST00000611748.1	0	1015
PB.157411.1	ENST00000486209.5	0	1170
PB.157411.1	ENST00000611748.1	2048	601
PB.37853.1	ENST00000611748.1	0	1702
PB.37853.1	ENST00000450651.5	256	1306
PB.45387.1	ENST00000611748.1	0	1759
PB.45387.1	ENST00000450651.5	256	1363
PB.150503.3	ENST00000450651.5	0	380
PB.150503.3	ENST00000360806.9	256	332
PB.103709.1	ENST00000545681.2	0	585
PB.103709.1	ENST00000342192.9	256	545
PB.103709.1	ENST00000458578.6	256	545
PB.103709.1	PB.96101.1	256	545
PB.96101.2	ENST00000342192.9	0	564
PB.96101.2	PB.96101.1	256	564
PB.96101.2	ENST00000458578.6	256	508
PB.96101.2	ENST00000545681.2	256	410
PB.103709.3	ENST00000342192.9	0	336
PB.103709.3	PB.96101.1	256	336
PB.103709.3	ENST00000458578.6	256	285
PB.52915.3	ENST00000342192.9	0	1636
PB.52915.3	ENST00000458578.6	256	1586
PB.52915.3	ENST00000545681.2	256	1488
PB.15697.1	ENST00000342192.9	0	2131
PB.15697.1	ENST00000458578.6	256	2083
PB.15697.1	ENST00000545681.2	256	1985
PB.137312.1	ENST00000545681.2	16	2122
PB.137312.1	ENST00000342192.9	272	2122
PB.137312.1	ENST00000458578.6	272	2122
PB.137312.1	PB.75695.1	2048	543
PB.137312.1	PB.45389.2	256	543
PB.137312.1	PB.52917.3	256	543
PB.137312.1	PB.60609.2	256	537
PB.88773.1	PB.45389.2	0	1608
PB.88773.1	PB.52917.1	256	1575
PB.88773.1	PB.52917.3	256	1403
PB.88773.1	PB.52917.5	256	1309
PB.88773.1	PB.60609.4	256	1170
PB.88773.1	PB.60609.2	256	1132
PB.83129.1	PB.83129.2	0	800
PB.83129.1	PB.75695.3	256	799
PB.83129.1	PB.75695.1	256	799
PB.83129.1	PB.75695.5	256	795
PB.83129.1	PB.68214.4	256	697
PB.83129.1	PB.68214.2	256	697
PB.75695.4	PB.68214.4	0	978
PB.75695.4	ENST00000292778.11	256	977
PB.75695.4	PB.68214.2	256	977
PB.75695.4	PB.60609.2	256	976
PB.75695.4	PB.60609.1	256	829
PB.75695.4	PB.52917.5	256	727
PB.83130.1	PB.52918.1	0	653
PB.83130.1	PB.37856.1	256	451
PB.37857.1	ENST00000498589.1	0	342
PB.83131.1		4	0
PB.143822.1	ENST00000335025.12	0	2713
PB.143822.1	PB.150505.1	256	2707
PB.143822.1	ENST00000680061.1	256	2704
PB.143822.1	ENST00000681338.1	256	2704
PB.143822.1	PB.143822.5	256	2592
PB.143822.1	ENST00000679477.1	256	2588
PB.88774.1	ENST00000679795.1	0	1014
PB.88774.1	ENST00000679827.1	256	1014
PB.88774.1	ENST00000679540.1	256	1014
PB.88774.1	ENST00000681338.1	256	1014
PB.88774.1	PB.150505.1	256	1014
PB.88774.1	PB.150505.2	256	1014
PB.157414.1	ENST00000679540.1	0	2445
PB.157414.1	PB.150505.2	256	2442
PB.157414.1	ENST00000680061.1	256	2295
PB.157414.1	ENST00000679827.1	256	2382
PB.157414.1	ENST00000335025.12	256	2282
PB.157414.1	ENST00000681338.1	256	2290
PB.8652.2	ENST00000681956.1	0	3973
PB.8652.2	ENST00000398831.8	256	3961
PB.8652.2	ENST00000679795.1	256	3207
PB.8652.2	PB.124765.2	256	3192
PB.8652.2	PB.88774.3	256	3087
PB.8652.2	PB.124765.3	256	3484
PB.143822.2	ENST00000680061.1	0	1134
PB.143822.2	ENST00000681338.1	256	1134
PB.143822.2	PB.45390.1	256	1134
PB.143822.2	ENST00000680393.1	256	1134
PB.143822.2	ENST00000681956.1	256	1134
PB.143822.2	ENST00000679827.1	256	1134
PB.45390.2	PB.150505.1	0	1287
PB.45390.2	ENST00000680393.1	256	1287
PB.45390.2	ENST00000335025.12	256	1287
PB.45390.2	ENST00000681338.1	256	1287
PB.45390.2	PB.88774.3	256	1287
PB.45390.2	ENST00000679540.1	256	1287
PB.150505.4	ENST00000681338.1	0	1217
PB.150505.4	PB.88774.3	256	1217
PB.150505.4	PB.124765.2	256	1217
PB.150505.4	ENST00000680061.1	256	1217
PB.150505.4	ENST00000679540.1	256	1217
PB.150505.4	ENST00000679534.1	256	1217
PB.150505.5	ENST00000335025.12	0	2621
PB.150505.5	ENST00000680061.1	256	2620
PB.150505.5	PB.143822.5	256	2506
PB.150505.5	ENST00000681338.1	256	2603
PB.150505.5	ENST00000679477.1	256	2508
PB.150505.5	PB.150505.1	256	2585
PB.3813.1	ENST00000215832.11	0	5048
PB.3813.1	PB.8654.1	256	4672
PB.3813.1	PB.88775.1	256	4125
PB.68217.1	PB.45394.1	0	1021
PB.68217.1	PB.164538.1	256	1021
PB.68217.1	ENST00000263212.10	256	1009
PB.68217.1	ENST00000397495.8	256	992
PB.3814.2	ENST00000263212.10	0	4987
PB.3814.2	PB.8655.1	256	4775
PB.3814.2	ENST00000407142.5	256	4675
PB.3814.2	PB.88776.2	256	4118
PB.157417.1	ENST00000263212.10	0	2483
PB.157417.1	PB.8655.1	256	2428
PB.157417.1	ENST00000407142.5	256	2333
PB.157417.1	PB.164538.1	256	2013
PB.75701.1	PB.164538.1	0	1106
PB.75701.1	PB.45394.1	256	1106
PB.75701.1	ENST00000263212.10	256	1102
PB.75701.1	ENST00000397495.8	256	1085
PB.3814.4	PB.164538.1	0	881
PB.3814.4	PB.45394.1	256	881
PB.3814.4	ENST00000263212.10	256	864
PB.3814.4	ENST00000397495.8	256	847
PB.103715.1	PB.68218.1	0	571
PB.103715.1	PB.143826.1	256	571
PB.103715.1	PB.137316.2	256	570
PB.103715.1	PB.88777.4	256	570
PB.103715.1	PB.30402.1	256	569
PB.103715.1	PB.52921.1	256	567
PB.8656.1	PB.88777.2	0	3917
PB.8656.1	PB.88777.5	256	3522
PB.8656.1	PB.88777.4	256	3373
PB.8656.1	PB.124768.1	256	3184
PB.8656.1	PB.88777.1	256	2790
PB.8656.1	PB.130844.1	256	3252
PB.124768.2	PB.88777.1	0	3380
PB.124768.2	PB.88777.5	256	3024
PB.124768.2	PB.124768.1	256	3157
PB.124768.2	PB.88777.4	256	3074
PB.124768.2	PB.88777.2	256	2802
PB.124768.2	PB.137316.5	256	2834
PB.143826.2	PB.143826.5	0	2777
PB.143826.2	ENST00000357179.10	256	2777
PB.143826.2	PB.143826.1	256	2673
PB.143826.2	PB.124768.1	256	1859
PB.143826.2	PB.137316.2	256	2719
PB.143826.2	ENST00000398793.6	256	2715
PB.137316.1	ENST00000357179.10	0	2776
PB.137316.1	PB.137316.2	256	2775
PB.137316.1	PB.143826.5	256	2772
PB.137316.1	ENST00000398793.6	256	2771
PB.137316.1	PB.143826.1	256	2668
PB.137316.1	PB.124768.1	256	1854
PB.137316.3	PB.137316.2	0	2775
PB.137316.3	ENST00000357179.10	256	2775
PB.137316.3	PB.143826.5	256	2772
PB.137316.3	ENST00000398793.6	256	2771
PB.137316.3	PB.143826.1	256	2667
PB.137316.3	PB.124768.1	256	1853
PB.88777.3	PB.88777.4	0	3483
PB.88777.3	PB.124768.1	256	3293
PB.88777.3	PB.88777.2	256	2913
PB.88777.3	PB.88777.1	256	2899
PB.88777.3	PB.88777.5	256	2518
PB.143826.3	PB.143826.1	0	2781
PB.143826.3	PB.88777.4	256	1859
PB.143826.3	PB.143826.5	256	2571
PB.143826.3	ENST00000357179.10	256	2570
PB.143826.3	PB.137316.2	256	2513
PB.143826.3	ENST00000398793.6	256	2509
PB.8656.2	PB.88777.2	0	3975
PB.8656.2	PB.88777.5	256	3581
PB.8656.2	PB.88777.4	256	3431
PB.8656.2	PB.124768.1	256	3241
PB.8656.2	PB.88777.1	256	2847
PB.8656.2	PB.130844.1	256	3252
PB.143826.4	PB.137316.2	0	2775
PB.143826.4	ENST00000357179.10	256	2773
PB.143826.4	ENST00000398793.6	256	2773
PB.143826.4	PB.143826.5	256	2772
PB.143826.4	PB.143826.1	256	2665
PB.143826.4	PB.124768.1	256	1851
PB.88777.6	PB.88777.4	0	3748
PB.88777.6	PB.124768.1	256	3558
PB.88777.6	PB.88777.2	256	3178
PB.88777.6	PB.88777.1	256	3164
PB.88777.6	PB.88777.5	256	2784
PB.88777.6	PB.137316.5	256	3051
PB.150507.2	ENST00000357179.10	0	2666
PB.150507.2	PB.143826.5	256	2666
PB.150507.2	PB.143826.1	256	2558
PB.150507.2	PB.124768.1	256	1744
PB.150507.2	PB.137316.2	256	2616
PB.150507.2	ENST00000398793.6	256	2616
PB.137316.4	PB.143826.1	0	2852
PB.137316.4	PB.88777.4	256	1930
PB.137316.4	PB.137316.2	256	2662
PB.137316.4	ENST00000357179.10	256	2662
PB.137316.4	ENST00000398793.6	256	2662
PB.137316.4	PB.143826.5	256	2662
PB.143827.1	PB.137317.3	0	2590
PB.143827.1	PB.130845.1	256	2590
PB.83134.1	PB.130845.1	0	838
PB.83134.1	PB.60613.1	256	654
PB.130846.1	ENST00000302097.3	0	1966
PB.130846.1	PB.45396.1	256	1859
PB.23012.2	ENST00000398741.5	0	2034
PB.23012.2	PB.15703.1	256	2034
PB.23012.2	ENST00000405655.8	256	1989
PB.23012.2	PB.23012.4	256	1985
PB.23012.2	PB.143828.1	256	2010
PB.23012.2	ENST00000543184.5	256	2010
PB.164540.1	ENST00000543184.5	0	2149
PB.164540.1	PB.143828.1	256	2149
PB.164540.1	PB.15703.1	256	1993
PB.164540.1	ENST00000398741.5	256	1993
PB.164540.1	ENST00000405655.8	256	1972
PB.164540.1	PB.23012.4	256	1968
PB.37860.2	ENST00000398743.6	0	1847
PB.37860.2	PB.15703.3	256	1847
PB.37860.2	PB.23012.1	256	1732
PB.37860.2	PB.15703.1	256	1729
PB.37860.2	ENST00000398741.5	256	1729
PB.37860.2	ENST00000405655.8	256	1661
PB.37860.4	ENST00000543184.5	0	1906
PB.37860.4	ENST00000405655.8	256	1906
PB.37860.4	PB.15703.1	256	1906
PB.37860.4	PB.23012.4	256	1906
PB.37860.4	PB.15703.3	256	1906
PB.37860.4	ENST00000398743.6	256	1906
PB.124770.1	PB.124770.2	0	3605
PB.124770.1	ENST00000263116.8	256	3605
PB.124770.3	ENST00000263116.8	0	3499
PB.124770.3	PB.124770.2	256	3499
PB.88779.2	ENST00000263116.8	0	3598
PB.88779.2	PB.124770.2	256	3597
PB.45400.2	ENST00000627127.1	0	1314
PB.45400.2	ENST00000626825.1	2048	1017
PB.52927.2	ENST00000627127.1	0	1314
PB.52927.2	ENST00000626825.1	2048	1005
PB.88781.1	ENST00000627127.1	0	3571
PB.88781.1	PB.130850.1	2048	256
PB.88781.1	ENST00000629869.1	256	256
PB.83137.1	ENST00000626825.1	0	955
PB.3818.1	ENST00000651432.1	0	5135
PB.96109.1	ENST00000401461.5	0	624
PB.96109.1	ENST00000290691.10	256	623
PB.96109.1	ENST00000615003.4	256	464
PB.45401.1	PB.23015.1	0	1527
PB.23016.1	ENST00000215743.8	0	1950
PB.60617.1	ENST00000344921.11	0	1452
PB.60617.1	ENST00000407422.8	256	1324
PB.60617.1	ENST00000644036.2	256	1297
PB.60617.1	ENST00000263121.12	256	979
PB.52928.1	ENST00000344921.11	0	1648
PB.52928.1	ENST00000644036.2	256	1603
PB.52928.1	ENST00000407422.8	256	1523
PB.52928.1	ENST00000263121.12	256	1282
PB.52928.2	ENST00000644036.2	0	1557
PB.52928.2	ENST00000407422.8	256	1477
PB.52928.2	ENST00000344921.11	256	1397
PB.52928.2	ENST00000263121.12	256	1228
PB.52928.2	PB.68223.1	256	1230
PB.137322.1	ENST00000318109.12	0	2720
PB.137322.1	PB.137322.3	256	2679
PB.137322.1	PB.88783.1	256	2616
PB.137322.1	ENST00000644036.2	272	2665
PB.137322.1	PB.124772.1	256	2665
PB.137322.1	ENST00000404056.1	256	2755
PB.137322.4	PB.137322.3	0	2824
PB.137322.4	PB.88783.1	256	2823
PB.137322.4	ENST00000318109.12	256	2612
PB.137322.4	PB.124772.1	256	2628
PB.137322.4	ENST00000404056.1	256	2414
PB.137322.4	ENST00000644036.2	272	2628
PB.130853.1	PB.137322.3	0	3085
PB.130853.1	ENST00000318109.12	256	2777
PB.130853.1	PB.88783.1	256	2821
PB.130853.1	PB.124772.1	256	2626
PB.130853.1	ENST00000644036.2	272	2626
PB.130853.1	ENST00000404056.1	256	2554
PB.103719.1	ENST00000318109.12	0	415
PB.103719.1	ENST00000476077.1	256	283
PB.103719.1	PB.88783.1	256	156
PB.88784.1	ENST00000433835.3	0	413
PB.111584.1	ENST00000215754.8	0	261
PB.137323.1		4	0
PB.111585.1	ENST00000350608.7	0	249
PB.111585.1	ENST00000398344.9	256	249
PB.3820.2	PB.3820.1	0	7081
PB.3820.2	ENST00000263119.10	256	7081
PB.3820.2	ENST00000398319.6	256	7052
PB.3820.2	PB.3820.3	256	7052
PB.3820.2	PB.3820.4	256	6782
PB.3820.2	ENST00000617531.4	256	6755
PB.68224.1	PB.3820.4	0	1466
PB.68224.1	PB.137324.1	256	1316
PB.68224.1	PB.3820.3	256	1310
PB.68224.1	PB.8661.1	256	1299
PB.68224.1	ENST00000398319.6	256	1295
PB.143830.1	PB.137324.1	0	2627
PB.143830.1	PB.3820.3	256	2627
PB.143830.1	PB.8661.1	256	2621
PB.143830.1	ENST00000398319.6	256	2617
PB.143830.1	PB.3820.4	256	2331
PB.143830.1	ENST00000263119.10	256	2307
PB.3820.5	PB.8661.1	0	4018
PB.3820.5	PB.3820.3	256	3847
PB.3820.5	ENST00000398319.6	256	3844
PB.3820.5	PB.88785.1	256	3700
PB.3820.5	PB.3820.4	256	3551
PB.3820.5	PB.3820.1	256	3534
PB.130854.1	ENST00000398319.6	0	3275
PB.130854.1	ENST00000617531.4	256	3275
PB.130854.1	PB.124773.1	256	3275
PB.130854.1	PB.3820.1	256	3275
PB.130854.1	PB.8661.2	256	3275
PB.130854.1	ENST00000263119.10	256	3275
PB.157421.2	ENST00000337989.11	0	2224
PB.157421.2	PB.143831.1	256	2349
PB.157421.2	ENST00000398319.6	256	2349
PB.157421.2	PB.15708.1	256	2349
PB.157421.2	PB.157421.1	256	2349
PB.157421.2	PB.124773.1	256	2349
PB.164543.1	PB.3820.1	0	2313
PB.164543.1	PB.137325.1	256	2313
PB.164543.1	ENST00000405822.6	256	2313
PB.164543.1	ENST00000398319.6	256	2313
PB.164543.1	ENST00000263119.10	256	2313
PB.164543.1	PB.8661.2	256	2313
PB.157421.3	PB.157421.1	0	2357
PB.157421.3	ENST00000405822.6	256	2349
PB.157421.3	PB.137325.1	256	2349
PB.157421.3	PB.8661.2	256	2349
PB.157421.3	PB.15708.1	256	2349
PB.157421.3	ENST00000617531.4	256	2349
PB.157421.4	PB.8661.2	0	2311
PB.157421.4	PB.3820.3	256	2311
PB.157421.4	PB.3820.4	256	2311
PB.157421.4	ENST00000405822.6	256	2311
PB.157421.4	PB.143831.1	256	2311
PB.157421.4	PB.3820.1	256	2311
PB.23017.1	ENST00000617531.4	0	2074
PB.23017.1	PB.15708.1	256	2074
PB.23017.1	ENST00000263119.10	256	2074
PB.23017.1	PB.3820.3	256	2074
PB.23017.1	ENST00000398319.6	256	2074
PB.23017.1	PB.3820.1	256	2074
PB.23018.1	PB.157423.1	0	1915
PB.23018.1	ENST00000327365.10	256	1910
PB.23018.1	ENST00000398292.3	256	1898
PB.23018.1	ENST00000263112.11	256	1697
PB.23018.1	PB.15709.1	256	1692
PB.3821.3	PB.3821.2	0	6003
PB.3821.3	ENST00000437398.5	256	6003
PB.3821.3	ENST00000651059.1	256	5935
PB.3821.3	ENST00000314328.14	256	5869
PB.3821.3	PB.3821.1	256	5869
PB.3821.3	PB.3821.7	256	5849
PB.8662.3	PB.8662.2	0	4472
PB.8662.3	PB.8662.1	256	4340
PB.8662.3	ENST00000437398.5	256	4039
PB.8662.3	PB.3821.1	256	4039
PB.8662.3	ENST00000314328.14	256	4039
PB.8662.3	PB.3821.2	256	4039
PB.3821.4	PB.3821.1	0	6079
PB.3821.4	ENST00000314328.14	256	6079
PB.3821.4	ENST00000651059.1	256	5980
PB.3821.4	ENST00000437398.5	256	5845
PB.3821.4	PB.3821.2	256	5845
PB.3821.4	PB.3821.7	256	5824
PB.3821.6	ENST00000437398.5	0	3270
PB.3821.6	PB.3821.2	256	3270
PB.3821.6	PB.3821.1	256	3135
PB.3821.6	ENST00000314328.14	256	3135
PB.3821.6	ENST00000541492.1	256	3225
PB.3821.6	PB.3821.7	256	3125
PB.37863.1	PB.45405.1	0	1762
PB.37863.1	ENST00000618076.3	256	1760
PB.37863.1	ENST00000337539.12	256	1760
PB.37863.1	PB.37863.2	256	1760
PB.37863.1	PB.157425.3	256	1760
PB.37863.1	ENST00000611543.4	256	1760
PB.157425.1	PB.157425.3	0	2464
PB.157425.1	ENST00000337539.12	256	2462
PB.157425.1	PB.164545.1	256	2383
PB.157425.1	ENST00000618076.3	256	2382
PB.157425.1	ENST00000611543.4	256	2382
PB.157425.1	ENST00000610595.4	256	2381
PB.157425.2	PB.157425.3	0	2398
PB.157425.2	ENST00000337539.12	256	2396
PB.157425.2	ENST00000610595.4	256	2487
PB.157425.2	PB.164545.1	256	2381
PB.157425.2	ENST00000611543.4	256	2381
PB.157425.2	ENST00000618076.3	256	2381
PB.157425.4	ENST00000337539.12	0	2377
PB.157425.4	ENST00000610595.4	256	2377
PB.157425.4	PB.157425.3	256	2377
PB.157425.4	ENST00000618076.3	256	2375
PB.157425.4	ENST00000611543.4	256	2375
PB.157425.4	PB.164545.1	256	2375
PB.130857.1	ENST00000621833.4	0	3355
PB.130857.1	PB.124775.1	256	3326
PB.130857.1	PB.137327.2	256	3159
PB.130857.1	PB.124775.2	256	3158
PB.130857.1	ENST00000435822.6	256	3158
PB.130857.1	ENST00000407471.7	256	3146
PB.130857.4	ENST00000621833.4	0	3056
PB.130857.4	PB.124775.1	256	3013
PB.130857.4	ENST00000407471.7	256	2736
PB.130857.4	ENST00000435822.6	256	2734
PB.130857.4	PB.124775.2	256	2734
PB.130857.4	PB.130857.2	256	2858
PB.130857.6	PB.124775.2	0	3284
PB.130857.6	ENST00000435822.6	256	3284
PB.130857.6	ENST00000407471.7	256	3272
PB.130857.6	PB.130857.2	256	3000
PB.130857.6	PB.124775.1	256	3122
PB.130857.6	PB.8663.1	256	2873
PB.137327.1	PB.130857.2	0	2876
PB.137327.1	PB.124775.2	256	2746
PB.137327.1	ENST00000407471.7	256	2743
PB.137327.1	ENST00000435822.6	256	2723
PB.137327.1	PB.8663.1	256	2656
PB.137327.1	PB.124775.1	256	2656
PB.130857.7	PB.124775.2	0	3275
PB.130857.7	ENST00000407471.7	256	3265
PB.130857.7	ENST00000435822.6	256	3235
PB.130857.7	PB.130857.2	256	2993
PB.130857.7	PB.124775.1	256	3158
PB.130857.7	PB.8663.1	256	2993
PB.130857.5	ENST00000621833.4	0	3266
PB.130857.5	PB.124775.1	256	3237
PB.130857.5	PB.130857.2	256	3113
PB.130857.5	ENST00000435822.6	256	2958
PB.130857.5	PB.124775.2	256	2958
PB.130857.5	ENST00000407471.7	256	2946
PB.130857.9	PB.124775.2	0	3243
PB.130857.9	ENST00000435822.6	256	3234
PB.130857.9	ENST00000407471.7	256	3231
PB.130857.9	PB.130857.2	256	2959
PB.130857.9	PB.124775.1	256	3045
PB.130857.9	PB.8663.1	256	2796
PB.143833.2	PB.137327.2	0	2688
PB.143833.2	PB.8663.1	256	2688
PB.143833.2	PB.124775.2	256	2688
PB.143833.2	PB.130857.2	256	2688
PB.143833.2	ENST00000435822.6	256	2688
PB.143833.2	ENST00000407471.7	256	2676
PB.164546.1	ENST00000215829.8	0	2157
PB.164546.1	PB.130858.1	256	1774
PB.164546.1	PB.130858.2	256	1960
PB.103720.2	PB.103720.1	0	643
PB.103720.2	ENST00000215829.8	256	628
PB.37865.1	ENST00000215829.8	0	1586
PB.37865.1	PB.130858.1	256	1203
PB.37865.1	PB.130858.2	256	1389
PB.45406.1	ENST00000215829.8	0	1514
PB.45406.1	PB.130858.2	256	1317
PB.45406.1	PB.130858.1	256	1107
PB.45406.1	PB.130858.1	2048	239
PB.45406.1	PB.130858.2	256	239
PB.45406.1	ENST00000215829.8	256	239
PB.45406.1	PB.103721.1	256	239
PB.60623.1	ENST00000215829.8	0	1253
PB.60623.1	PB.130858.2	256	1056
PB.60623.1	PB.130858.1	256	846
PB.124776.2	ENST00000215829.8	0	3386
PB.124776.2	PB.130858.2	256	3262
PB.124776.2	PB.130858.1	256	3051
PB.164547.1	ENST00000400382.6	0	2250
PB.164547.1	PB.164547.8	256	2341
PB.164547.1	PB.164547.9	256	2098
PB.164547.1	PB.15712.2	256	2125
PB.164547.1	PB.164547.7	256	2029
PB.164547.1	PB.164547.4	256	2057
PB.15712.1	PB.15712.9	0	2193
PB.15712.1	PB.164547.8	256	2193
PB.15712.1	PB.164547.7	256	2192
PB.15712.1	PB.164547.4	256	2059
PB.15712.1	PB.164547.9	256	2059
PB.15712.1	ENST00000400382.6	256	2054
PB.23021.1	PB.164547.8	0	2053
PB.23021.1	PB.15712.9	256	2053
PB.23021.1	PB.15712.2	256	2053
PB.23021.1	PB.164547.4	256	2053
PB.23021.1	PB.164547.7	256	2052
PB.23021.1	ENST00000400382.6	256	2048
PB.23021.2	PB.15712.2	0	2107
PB.23021.2	ENST00000400380.5	256	2055
PB.23021.2	PB.164547.4	256	2055
PB.23021.2	PB.164547.8	256	2055
PB.23021.2	PB.164547.7	256	2054
PB.23021.2	ENST00000400382.6	256	2050
PB.164547.2	PB.164547.4	0	2294
PB.164547.2	PB.164547.7	256	2262
PB.164547.2	PB.15712.2	256	2135
PB.164547.2	ENST00000400382.6	256	2141
PB.164547.2	PB.164547.8	256	2129
PB.164547.2	ENST00000400380.5	256	2056
PB.164547.5	PB.164547.4	0	2274
PB.164547.5	PB.164547.9	256	2217
PB.164547.5	ENST00000400382.6	256	2213
PB.164547.5	PB.15712.2	256	2041
PB.164547.5	PB.164547.8	256	2040
PB.164547.5	PB.164547.7	256	2040
PB.157427.3	ENST00000400382.6	0	2464
PB.157427.3	PB.164547.9	256	2312
PB.157427.3	PB.164547.8	256	2201
PB.157427.3	PB.164547.4	256	2233
PB.157427.3	ENST00000400380.5	256	1991
PB.157427.3	PB.164547.7	256	1990
PB.143834.1	ENST00000400382.6	0	2362
PB.143834.1	PB.164547.8	256	2103
PB.143834.1	ENST00000400380.5	256	2302
PB.143834.1	PB.164547.4	256	2233
PB.143834.1	PB.164547.9	256	2233
PB.143834.1	PB.164547.7	256	1990
PB.164547.3	ENST00000400382.6	0	2099
PB.164547.3	PB.164547.8	256	2201
PB.164547.3	PB.164547.9	256	2056
PB.164547.3	PB.15712.2	256	2056
PB.164547.3	PB.164547.7	256	2055
PB.164547.6	PB.164547.4	0	2301
PB.164547.6	PB.164547.9	256	2301
PB.164547.6	ENST00000400382.6	256	2296
PB.164547.6	PB.164547.8	256	2063
PB.164547.6	PB.15712.9	256	2063
PB.164547.6	PB.164547.7	256	2058
PB.23021.3	PB.15712.2	0	2124
PB.23021.3	PB.164547.8	256	2060
PB.23021.3	PB.15712.9	256	2060
PB.23021.3	PB.164547.4	256	2057
PB.23021.3	PB.164547.7	256	2055
PB.23021.3	ENST00000400382.6	256	2052
PB.157427.5	PB.164547.8	0	2440
PB.157427.5	ENST00000400382.6	256	2325
PB.157427.5	PB.164547.9	256	2173
PB.157427.5	PB.15712.9	256	2133
PB.157427.5	PB.164547.7	256	2130
PB.157427.5	PB.164547.4	256	1997
PB.157427.6	ENST00000400380.5	0	2496
PB.157427.6	PB.164547.8	256	2081
PB.157427.6	PB.164547.7	256	2081
PB.157427.6	ENST00000400382.6	256	1947
PB.157427.6	PB.164547.4	256	1947
PB.157427.6	PB.15712.2	256	2012
PB.15712.3	PB.164547.7	0	2173
PB.15712.3	PB.164547.8	256	2127
PB.15712.3	ENST00000400380.5	256	2125
PB.15712.3	PB.164547.4	256	2056
PB.15712.3	ENST00000400382.6	256	2051
PB.15712.3	PB.15712.2	256	2064
PB.15712.6	PB.164547.9	0	2254
PB.15712.6	ENST00000400382.6	256	2249
PB.15712.6	PB.164547.8	256	2235
PB.15712.6	PB.164547.4	256	2146
PB.15712.6	PB.15712.9	256	2127
PB.15712.6	PB.164547.7	256	2124
PB.15712.7	PB.15712.9	0	2223
PB.15712.7	PB.164547.4	256	2155
PB.15712.7	PB.164547.9	256	2154
PB.15712.7	ENST00000400382.6	256	2149
PB.15712.7	PB.164547.7	256	2121
PB.15712.7	PB.164547.8	256	2121
PB.164547.10	PB.164547.4	0	2303
PB.164547.10	PB.164547.9	256	2302
PB.164547.10	ENST00000400382.6	256	2297
PB.164547.10	PB.15712.9	256	2163
PB.164547.10	PB.164547.8	256	2061
PB.164547.10	PB.164547.7	256	2060
PB.15712.8	PB.15712.9	0	2134
PB.15712.8	PB.15712.2	256	2126
PB.15712.8	PB.164547.8	256	2058
PB.15712.8	PB.164547.4	256	2057
PB.15712.8	PB.164547.7	256	2055
PB.15712.8	ENST00000400382.6	256	2052
PB.164547.11	PB.15712.9	0	2174
PB.164547.11	PB.164547.7	256	2072
PB.164547.11	PB.164547.8	256	2072
PB.164547.11	PB.164547.4	256	1939
PB.164547.11	PB.164547.9	256	1938
PB.164547.11	ENST00000400382.6	256	1933
PB.157427.7	ENST00000400380.5	0	2430
PB.157427.7	PB.164547.8	256	2118
PB.157427.7	PB.15712.9	256	2118
PB.157427.7	PB.164547.7	256	2118
PB.157427.7	ENST00000400382.6	256	2049
PB.157427.7	PB.164547.9	256	2049
PB.30409.2	PB.164547.4	0	2013
PB.30409.2	PB.164547.9	256	2013
PB.30409.2	PB.164547.8	256	2013
PB.30409.2	PB.15712.2	256	2013
PB.30409.2	ENST00000400380.5	256	2013
PB.30409.2	PB.164547.7	256	2012
PB.130859.1	ENST00000621462.4	0	679
PB.137329.1	ENST00000621462.4	0	846
PB.118912.1		4	0
PB.88787.1	ENST00000610372.4	0	3901
PB.88787.1	ENST00000400358.9	256	3901
PB.45408.1	ENST00000444995.7	0	1595
PB.45408.1	ENST00000650168.1	256	1437
PB.45408.1	ENST00000650500.2	256	1386
PB.150514.1	ENST00000444995.7	0	1357
PB.150514.1	ENST00000650168.1	256	1199
PB.150514.1	ENST00000650500.2	256	1096
PB.164549.1	PB.103724.1	0	580
PB.164549.1	PB.96115.2	256	418
PB.164549.1	ENST00000382734.9	256	408
PB.83143.1	ENST00000382734.9	0	789
PB.83143.1	PB.96115.2	256	760
PB.96115.3	ENST00000382734.9	0	605
PB.96115.3	PB.96115.2	256	602
PB.37866.1	PB.103724.1	0	551
PB.37866.1	ENST00000382734.9	256	551
PB.37866.1	PB.96115.2	256	551
PB.75708.1	ENST00000335473.12	0	252
PB.75708.1	ENST00000536101.5	256	252
PB.88788.1	ENST00000336873.9	0	2438
PB.88788.1	PB.150518.1	256	2438
PB.88788.1	ENST00000398145.7	256	2434
PB.88788.1	PB.143838.4	256	2434
PB.88788.1	PB.88788.2	256	2358
PB.88788.1	PB.124778.5	256	2362
PB.143838.1	ENST00000336873.9	0	2464
PB.143838.1	PB.8665.2	256	1789
PB.143838.1	PB.150518.1	256	2461
PB.143838.1	PB.88788.2	256	2399
PB.143838.1	PB.143838.4	256	2434
PB.143838.1	ENST00000398145.7	256	2434
PB.137330.1	PB.143838.4	0	2552
PB.137330.1	ENST00000398145.7	256	2543
PB.137330.1	ENST00000336873.9	256	2434
PB.137330.1	PB.150518.1	256	2434
PB.137330.1	PB.88788.2	256	2354
PB.137330.1	PB.124778.5	256	2362
PB.124778.1	ENST00000336873.9	0	3093
PB.124778.1	ENST00000398145.7	256	3091
PB.124778.1	PB.88788.2	256	3013
PB.124778.1	PB.8665.2	256	2393
PB.124778.1	PB.124778.5	256	3019
PB.124778.1	PB.124778.2	256	2885
PB.88788.4	ENST00000336873.9	0	3577
PB.88788.4	ENST00000398145.7	256	3547
PB.88788.4	PB.88788.2	256	3497
PB.88788.4	PB.8665.2	256	2866
PB.88788.4	PB.124778.5	256	3464
PB.88788.4	PB.124778.2	256	3369
PB.88788.5	ENST00000336873.9	0	3649
PB.88788.5	ENST00000398145.7	256	3645
PB.88788.5	PB.8665.2	256	2944
PB.88788.5	PB.88788.2	256	3569
PB.88788.5	PB.124778.5	256	3562
PB.88788.5	PB.124778.2	256	3441
PB.88788.3	ENST00000398145.7	0	3778
PB.88788.3	PB.88788.2	256	3803
PB.88788.3	PB.8665.2	256	3120
PB.88788.3	ENST00000336873.9	256	3669
PB.88788.3	PB.124778.5	256	3586
PB.88788.3	PB.124778.2	256	3461
PB.88788.8	ENST00000336873.9	0	3635
PB.88788.8	PB.88788.2	256	3559
PB.88788.8	ENST00000398145.7	256	3605
PB.88788.8	PB.8665.2	256	2937
PB.88788.8	PB.124778.5	256	3531
PB.88788.8	PB.124778.2	256	3431
PB.88788.9	ENST00000336873.9	0	3718
PB.88788.9	PB.88788.2	256	3646
PB.88788.9	PB.8665.2	256	3025
PB.88788.9	ENST00000398145.7	256	3688
PB.88788.9	PB.124778.5	256	3615
PB.88788.9	PB.124778.2	256	3518
PB.143838.3	ENST00000398145.7	0	2758
PB.143838.3	PB.130863.1	256	2758
PB.143838.3	ENST00000336873.9	256	2758
PB.143838.3	PB.124778.2	256	2758
PB.143838.3	PB.124778.5	256	2758
PB.143838.3	ENST00000402105.7	256	2758
PB.88788.10	ENST00000398145.7	0	3645
PB.88788.10	ENST00000336873.9	256	3536
PB.88788.10	PB.88788.2	256	3456
PB.88788.10	PB.8665.2	256	2836
PB.88788.10	PB.124778.5	256	3464
PB.88788.10	PB.124778.2	256	3328
PB.130863.2	ENST00000398145.7	0	2862
PB.130863.2	PB.124778.2	256	2862
PB.130863.2	PB.124778.5	256	2862
PB.130863.2	ENST00000402105.7	256	2862
PB.130863.2	PB.130863.1	256	2862
PB.130863.2	ENST00000336873.9	256	2862
PB.88788.11	ENST00000398145.7	0	3711
PB.88788.11	ENST00000336873.9	256	3602
PB.88788.11	PB.88788.2	256	3522
PB.88788.11	PB.8665.2	256	2902
PB.88788.11	PB.124778.5	256	3530
PB.88788.11	PB.124778.2	256	3394
PB.88788.12	ENST00000336873.9	0	3736
PB.88788.12	ENST00000398145.7	256	3735
PB.88788.12	PB.88788.2	256	3656
PB.88788.12	PB.8665.2	256	3036
PB.88788.12	PB.124778.5	256	3663
PB.88788.12	PB.124778.2	256	3528
PB.75710.2	PB.124778.3	0	692
PB.75710.2	PB.143838.4	256	682
PB.75710.2	ENST00000398145.7	256	658
PB.75710.2	PB.124778.2	256	666
PB.75710.2	PB.8665.2	256	549
PB.75710.2	PB.88788.2	256	549
PB.88789.2	PB.88789.1	0	3897
PB.88789.2	ENST00000215917.11	256	3897
PB.137331.2	PB.143839.2	0	2782
PB.137331.2	PB.88790.1	256	2888
PB.137331.2	ENST00000405938.5	256	2727
PB.137331.2	ENST00000407690.6	256	2691
PB.137331.2	PB.143839.3	256	2690
PB.137331.2	PB.124780.2	256	2689
PB.143839.4	PB.143839.2	0	2817
PB.143839.4	PB.143839.3	256	2789
PB.143839.4	ENST00000407690.6	256	2784
PB.143839.4	ENST00000405938.5	256	2772
PB.143839.4	PB.137331.1	256	2432
PB.143839.4	ENST00000407431.5	256	2706
PB.30412.1	ENST00000403880.5	0	1886
PB.30412.1	ENST00000338754.9	256	1752
PB.30412.1	ENST00000398110.6	256	1752
PB.30412.1	PB.37869.1	256	1752
PB.30412.1	PB.60629.1	256	1544
PB.45410.1	ENST00000338754.9	0	1749
PB.45410.1	ENST00000398110.6	256	1749
PB.45410.1	ENST00000403880.5	256	1749
PB.45410.1	PB.37869.1	256	1749
PB.45410.1	PB.88791.1	256	-224
PB.45410.1	PB.60629.1	256	1544
PB.37869.2	PB.88791.1	0	36
PB.37869.2	ENST00000338754.9	256	1784
PB.37869.2	PB.37869.1	256	1784
PB.37869.2	ENST00000398110.6	256	1712
PB.37869.2	ENST00000403880.5	256	1642
PB.37869.2	PB.60629.1	256	1436
PB.96117.1	ENST00000338754.9	0	813
PB.96117.1	ENST00000398110.6	256	813
PB.96117.1	PB.37869.1	256	813
PB.96117.1	ENST00000403880.5	256	813
PB.96117.1	PB.60629.1	256	813
PB.30412.2	ENST00000398110.6	0	1815
PB.30412.2	PB.37869.1	256	1815
PB.30412.2	ENST00000338754.9	256	1815
PB.30412.2	PB.88791.1	256	-157
PB.30412.2	ENST00000403880.5	256	1746
PB.30412.2	PB.60629.1	256	1540
PB.8666.2	ENST00000613780.4	0	4096
PB.8666.2	PB.8666.1	256	4096
PB.83146.1	ENST00000449017.6	0	334
PB.143841.2	ENST00000335272.10	0	2807
PB.143841.2	ENST00000455418.7	256	2803
PB.143841.2	ENST00000320996.14	256	2609
PB.143841.2	PB.88792.1	256	2553
PB.143841.2	PB.164553.1	256	2549
PB.143841.5	ENST00000335272.10	0	2675
PB.143841.5	ENST00000455418.7	256	2675
PB.143841.5	ENST00000320996.14	256	2477
PB.143841.5	PB.88792.1	256	2553
PB.143841.5	PB.164553.1	256	2549
PB.143841.3	ENST00000335272.10	0	2685
PB.143841.3	ENST00000455418.7	256	2681
PB.143841.3	ENST00000320996.14	256	2486
PB.143841.3	PB.88792.1	256	2346
PB.143841.3	PB.164553.1	256	2342
PB.137334.1	ENST00000335272.10	0	2655
PB.137334.1	ENST00000455418.7	256	2668
PB.137334.1	ENST00000320996.14	256	2456
PB.137334.1	PB.88792.1	256	2476
PB.137334.1	PB.164553.1	256	2473
PB.30413.1	ENST00000320996.14	0	1721
PB.30413.1	ENST00000335272.10	256	1721
PB.30413.1	ENST00000455418.7	256	1721
PB.30413.1	PB.45413.1	256	1721
PB.30413.1	PB.88792.1	256	1721
PB.30413.1	PB.164553.1	256	1719
PB.157433.1	ENST00000335272.10	0	2603
PB.157433.1	PB.88792.1	256	2551
PB.157433.1	PB.164553.1	256	2549
PB.157433.1	ENST00000455418.7	256	2599
PB.157433.1	ENST00000320996.14	256	2405
PB.150519.1	ENST00000335272.10	0	2674
PB.150519.1	ENST00000455418.7	256	2670
PB.150519.1	PB.88792.1	256	2550
PB.150519.1	PB.164553.1	256	2549
PB.150519.1	ENST00000320996.14	256	2476
PB.164553.2	ENST00000335272.10	0	2306
PB.164553.2	PB.164553.1	256	2306
PB.164553.2	PB.88792.1	256	2306
PB.164553.2	ENST00000455418.7	256	2306
PB.164553.2	ENST00000320996.14	256	2108
PB.157433.2	ENST00000320996.14	0	2587
PB.157433.2	ENST00000335272.10	256	2476
PB.157433.2	ENST00000455418.7	256	2489
PB.157433.2	PB.88792.1	256	2137
PB.157433.2	PB.164553.1	256	2136
PB.75714.1	ENST00000335272.10	0	1196
PB.75714.1	ENST00000455418.7	256	1192
PB.75714.1	ENST00000320996.14	256	998
PB.75714.1	PB.88792.1	256	860
PB.15718.1	ENST00000455418.7	0	582
PB.15718.1	ENST00000335272.10	256	578
PB.15718.1	ENST00000320996.14	256	577
PB.15718.1	ENST00000634017.1	256	493
PB.150519.3	PB.88792.1	0	1696
PB.75714.2	ENST00000320996.14	0	252
PB.75714.2	ENST00000455418.7	256	252
PB.75714.2	ENST00000335272.10	256	252
PB.75714.2	PB.88792.1	256	252
PB.8668.1		4	0
PB.103728.2	PB.103728.1	0	509
PB.96121.2		4	0
PB.150520.1	ENST00000612946.4	0	2863
PB.150520.1	ENST00000397906.6	256	2863
PB.157435.1	ENST00000397906.6	0	500
PB.83149.1	PB.52937.1	0	1105
PB.83149.1	PB.68236.2	256	1104
PB.83149.1	PB.30414.1	256	1104
PB.83149.1	ENST00000404276.6	256	1104
PB.83149.1	ENST00000402731.6	256	1103
PB.83149.1	PB.164554.2	256	1101
PB.68236.1	ENST00000425190.7	0	1302
PB.68236.1	PB.52937.1	256	1261
PB.68236.1	ENST00000404276.6	256	1260
PB.68236.1	PB.30414.1	256	1259
PB.68236.1	PB.164554.2	256	1257
PB.68236.1	ENST00000650281.1	256	1237
PB.52937.2	ENST00000404276.6	0	937
PB.52937.2	PB.68236.2	256	937
PB.52937.2	PB.52937.1	256	937
PB.52937.2	ENST00000425190.7	256	937
PB.52937.2	ENST00000464581.6	256	935
PB.52937.2	PB.164554.2	256	934
PB.60632.1	ENST00000402731.6	0	1591
PB.60632.1	ENST00000404276.6	256	1301
PB.60632.1	PB.164554.2	256	1298
PB.60632.1	PB.30414.1	256	1146
PB.60632.1	ENST00000382580.6	256	1126
PB.60632.1	ENST00000650281.1	256	1247
PB.37871.2	PB.30414.1	0	1824
PB.37871.2	ENST00000650281.1	256	1767
PB.37871.2	ENST00000382580.6	256	1804
PB.37871.2	ENST00000404276.6	256	1674
PB.37871.2	PB.164554.2	256	1671
PB.37871.2	ENST00000405598.5	256	1654
PB.37871.3	PB.30414.1	0	1878
PB.37871.3	ENST00000382580.6	256	1868
PB.37871.3	PB.164554.2	256	1735
PB.37871.3	ENST00000404276.6	256	1725
PB.37871.3	ENST00000405598.5	256	1654
PB.37871.3	ENST00000650281.1	256	1651
PB.68236.3	ENST00000425190.7	0	1359
PB.68236.3	ENST00000404276.6	256	1317
PB.68236.3	PB.52937.1	256	1317
PB.68236.3	PB.30414.1	256	1316
PB.68236.3	PB.164554.2	256	1315
PB.68236.3	ENST00000405598.5	256	1299
PB.37871.4	PB.30414.1	0	1823
PB.37871.4	ENST00000382580.6	256	1805
PB.37871.4	PB.164554.2	256	1538
PB.37871.4	ENST00000404276.6	256	1537
PB.37871.4	ENST00000405598.5	256	1468
PB.37871.4	ENST00000650281.1	256	1465
PB.45415.2	PB.164554.2	0	1752
PB.45415.2	ENST00000404276.6	256	1750
PB.45415.2	PB.30414.1	256	1598
PB.45415.2	ENST00000382580.6	256	1580
PB.45415.2	ENST00000405598.5	256	1681
PB.45415.2	ENST00000650281.1	256	1678
PB.68236.4	PB.164554.2	0	888
PB.68236.4	ENST00000348295.7	256	888
PB.68236.4	ENST00000404276.6	256	888
PB.68236.4	PB.45415.1	256	888
PB.68236.4	ENST00000650281.1	256	865
PB.68236.4	ENST00000405598.5	256	864
PB.96123.1	ENST00000216027.8	0	765
PB.96123.1	PB.96123.2	256	765
PB.96123.1	ENST00000398941.6	256	904
PB.96123.4	PB.96123.2	0	773
PB.96123.4	ENST00000216027.8	256	773
PB.124783.1	ENST00000249064.9	0	3682
PB.124783.1	ENST00000448492.6	256	3574
PB.124783.1	ENST00000421503.6	256	3349
PB.52939.2	ENST00000216037.10	0	1547
PB.52939.2	PB.52939.1	256	1547
PB.52939.2	PB.45417.1	256	1546
PB.52939.2	ENST00000403532.7	256	1511
PB.52939.2	ENST00000405219.7	256	1516
PB.52939.2	ENST00000611155.4	256	1467
PB.52939.3	ENST00000216037.10	0	1598
PB.52939.3	PB.45417.1	256	1598
PB.52939.3	ENST00000403532.7	256	1572
PB.52939.3	ENST00000611155.4	256	1519
PB.52939.3	PB.150522.2	256	1322
PB.52939.3	PB.143844.1	256	982
PB.45417.2	ENST00000216037.10	0	240
PB.45417.2	PB.150522.2	256	240
PB.45417.2	PB.45417.1	256	240
PB.45417.2	PB.143844.1	256	240
PB.45417.2	ENST00000403532.7	256	240
PB.45417.2	ENST00000611155.4	256	240
PB.103732.1	ENST00000216037.10	0	388
PB.103732.1	PB.45417.1	256	387
PB.103732.1	ENST00000403532.7	256	373
PB.103732.1	ENST00000611155.4	256	372
PB.103732.1	PB.143844.1	256	365
PB.103732.1	PB.150522.2	256	361
PB.111594.1	ENST00000422972.1	0	245
PB.111594.1	ENST00000458080.1	256	211
PB.124784.1	ENST00000458080.1	0	265
PB.124784.1	ENST00000422972.1	256	246
PB.111594.2	ENST00000458080.1	0	331
PB.30417.2	PB.30417.1	0	1781
PB.30417.2	ENST00000334018.11	256	1781
PB.30417.2	ENST00000404755.7	256	1629
PB.30417.2	ENST00000404820.7	256	1549
PB.60634.1	PB.45419.1	0	858
PB.60634.1	ENST00000216085.12	256	848
PB.60634.1	PB.137337.1	256	-502
PB.60634.1	PB.130865.1	256	-615
PB.45419.2	ENST00000216085.12	0	1755
PB.45419.2	PB.45419.1	256	1752
PB.45419.2	PB.137337.1	256	372
PB.45419.2	PB.130865.1	256	255
PB.45419.2	PB.137337.3	256	210
PB.68238.1	PB.45419.1	0	979
PB.68238.1	ENST00000216085.12	256	979
PB.68238.1	PB.137337.1	256	-395
PB.68238.1	PB.130865.1	256	-495
PB.68238.1	PB.137337.3	256	-536
PB.52941.2	PB.45419.1	0	1530
PB.52941.2	ENST00000216085.12	256	1529
PB.52941.2	PB.150526.1	256	1204
PB.52941.2	PB.137337.1	256	1093
PB.52941.2	PB.130865.1	256	1186
PB.52941.2	PB.137337.3	256	958
PB.45419.3	PB.150526.1	0	819
PB.45419.3	ENST00000216085.12	256	816
PB.45419.3	PB.45419.1	256	816
PB.45419.3	PB.130865.1	256	815
PB.45419.3	PB.137337.1	256	706
PB.45419.3	PB.137337.3	256	587
PB.60634.2	ENST00000216085.12	0	1350
PB.60634.2	PB.45419.1	256	1349
PB.60634.2	PB.130865.1	256	1197
PB.60634.2	PB.137337.1	256	1069
PB.60634.2	PB.137337.3	256	969
PB.157441.2	PB.137337.1	0	2220
PB.157441.2	PB.137337.3	256	2191
PB.157441.2	PB.130865.1	256	2008
PB.157441.2	PB.150526.1	256	2006
PB.164557.2	PB.164557.1	0	2245
PB.164557.2	ENST00000397938.7	256	2245
PB.164557.2	PB.164557.3	256	2169
PB.164557.2	ENST00000331029.11	256	2000
PB.164557.2	ENST00000406548.5	256	2077
PB.164557.2	ENST00000332050.10	256	1809
PB.23029.4	ENST00000397938.7	0	2096
PB.23029.4	ENST00000406548.5	256	2099
PB.23029.4	PB.164557.1	256	2096
PB.23029.4	PB.164557.3	256	2022
PB.23029.4	ENST00000414183.6	256	2025
PB.23029.4	ENST00000331029.11	256	1975
PB.15723.4	PB.164557.1	0	2242
PB.15723.4	ENST00000397938.7	256	2240
PB.15723.4	PB.164557.3	256	2168
PB.15723.4	ENST00000331029.11	256	2175
PB.15723.4	ENST00000406548.5	256	2058
PB.15723.4	ENST00000332050.10	256	1840
PB.30418.2	ENST00000331029.11	0	1958
PB.30418.2	PB.164557.1	256	2081
PB.30418.2	ENST00000397938.7	256	2081
PB.30418.2	PB.164557.3	256	2011
PB.30418.2	ENST00000406548.5	256	2086
PB.30418.2	ENST00000414183.6	256	2016
PB.30418.3	ENST00000406548.5	0	1915
PB.30418.3	ENST00000397938.7	256	1903
PB.30418.3	PB.164557.1	256	1903
PB.30418.3	ENST00000414183.6	256	1849
PB.30418.3	PB.164557.3	256	1837
PB.30418.3	ENST00000331029.11	256	1667
PB.30418.4	PB.164557.1	0	1736
PB.30418.4	ENST00000397938.7	256	1736
PB.30418.4	PB.164557.3	256	1671
PB.30418.4	ENST00000331029.11	256	1482
PB.30418.4	ENST00000332035.10	256	1717
PB.30418.4	PB.30418.5	256	1718
PB.3827.6	PB.3827.5	0	5050
PB.3827.6	PB.3827.4	256	4162
PB.3827.6	PB.3827.2	256	4946
PB.3827.6	PB.3827.1	256	4383
PB.3827.6	PB.3827.3	256	3449
PB.3827.6	PB.3827.7	256	4523
PB.15723.8	PB.164557.1	0	2244
PB.15723.8	ENST00000397938.7	256	2243
PB.15723.8	PB.164557.3	256	2179
PB.15723.8	ENST00000331029.11	256	1990
PB.15723.8	ENST00000406548.5	256	2043
PB.15723.8	ENST00000332050.10	256	1790
PB.23029.6	ENST00000397938.7	0	2018
PB.23029.6	PB.164557.1	256	2018
PB.23029.6	ENST00000406548.5	256	2021
PB.23029.6	PB.164557.3	256	1953
PB.23029.6	ENST00000331029.11	256	1997
PB.23029.6	ENST00000414183.6	256	1962
PB.157442.3	ENST00000331029.11	0	1972
PB.157442.3	PB.164557.1	256	2103
PB.157442.3	ENST00000397938.7	256	2101
PB.157442.3	PB.164557.3	256	2038
PB.157442.3	ENST00000406548.5	256	1918
PB.157442.3	ENST00000332050.10	256	1690
PB.164557.5	PB.164557.1	0	2293
PB.164557.5	ENST00000397938.7	256	2291
PB.164557.5	PB.164557.3	256	2228
PB.164557.5	ENST00000331029.11	256	2039
PB.164557.5	ENST00000406548.5	256	2091
PB.164557.5	ENST00000332050.10	256	1859
PB.37875.3	PB.30418.6	0	1918
PB.37875.3	PB.164557.1	256	1918
PB.37875.3	ENST00000406548.5	256	1921
PB.37875.3	ENST00000397938.7	256	1918
PB.37875.3	ENST00000414183.6	256	1879
PB.37875.3	PB.164557.3	256	1853
PB.130866.1	PB.130866.2	0	1712
PB.130866.1	ENST00000618518.3	256	1686
PB.15724.1	PB.164558.2	0	2283
PB.15724.1	ENST00000616432.4	256	2186
PB.15724.1	PB.157443.2	256	2176
PB.15724.1	PB.164558.1	256	2229
PB.15724.1	PB.157443.1	256	2132
PB.15724.1	ENST00000621062.4	256	2093
PB.30419.1	ENST00000616432.4	0	1608
PB.30419.1	PB.157443.2	256	1605
PB.30419.1	PB.157443.1	256	1554
PB.30419.1	ENST00000621062.4	256	1522
PB.30419.1	ENST00000611648.2	256	1511
PB.30419.1	PB.37876.1	256	1858
PB.164558.3	ENST00000616432.4	0	2371
PB.164558.3	PB.157443.2	256	2369
PB.164558.3	PB.157443.1	256	2317
PB.164558.3	PB.137339.1	256	1880
PB.164558.3	ENST00000621062.4	256	2286
PB.164558.3	ENST00000611648.2	256	2275
PB.30419.2	PB.157443.1	0	1567
PB.30419.2	ENST00000621062.4	256	1539
PB.30419.2	ENST00000616432.4	256	1485
PB.30419.2	PB.157443.2	256	1485
PB.30419.2	PB.37876.1	256	1834
PB.30419.2	ENST00000611648.2	256	1435
PB.45421.2	PB.157443.2	0	1703
PB.45421.2	PB.157443.1	256	1703
PB.45421.2	ENST00000616432.4	256	1702
PB.45421.2	ENST00000618518.3	256	1702
PB.45421.2	PB.52943.1	256	1702
PB.45421.2	ENST00000621062.4	256	1702
PB.164558.4	PB.157443.2	0	2246
PB.164558.4	ENST00000616432.4	256	2246
PB.164558.4	PB.137339.1	256	1783
PB.164558.4	PB.157443.1	256	2192
PB.164558.4	ENST00000621062.4	256	2171
PB.164558.4	ENST00000611648.2	256	2160
PB.30419.3	PB.157443.2	0	1526
PB.30419.3	ENST00000616432.4	256	1526
PB.30419.3	PB.157443.1	256	1472
PB.30419.3	ENST00000621062.4	256	1456
PB.30419.3	PB.37876.1	256	1875
PB.30419.3	ENST00000611648.2	256	1445
PB.3828.1	ENST00000405198.6	0	2440
PB.3828.1	ENST00000432560.6	256	2440
PB.3828.1	ENST00000357586.7	256	2405
PB.3828.1	PB.88800.3	256	2377
PB.3828.1	PB.88800.1	256	2294
PB.3828.1	ENST00000317368.11	256	2112
PB.30420.1	ENST00000405198.6	0	2017
PB.30420.1	PB.23030.1	256	2016
PB.30420.1	PB.124787.2	256	2016
PB.30420.1	PB.137340.2	256	2016
PB.30420.1	PB.157444.1	256	2016
PB.30420.1	PB.143849.2	256	2014
PB.143849.1	ENST00000405198.6	0	2927
PB.143849.1	ENST00000432560.6	256	2927
PB.143849.1	PB.88800.3	256	2927
PB.143849.1	PB.130867.3	256	2926
PB.143849.1	PB.124787.2	256	2926
PB.143849.1	PB.137340.2	256	2926
PB.88800.4	ENST00000432560.6	0	3718
PB.88800.4	ENST00000405198.6	256	3718
PB.88800.4	PB.88800.3	256	3718
PB.88800.4	ENST00000357586.7	256	3647
PB.88800.4	PB.88800.1	256	3572
PB.88800.4	ENST00000317368.11	256	3564
PB.75720.1	PB.137340.2	0	1148
PB.75720.1	PB.52944.1	256	1148
PB.75720.1	PB.157444.1	256	1148
PB.75720.1	PB.88800.1	256	1148
PB.75720.1	PB.8671.2	256	1148
PB.75720.1	PB.130867.3	256	1148
PB.68241.2	PB.137340.2	0	1377
PB.68241.2	ENST00000432560.6	256	1377
PB.68241.2	PB.157444.1	256	1377
PB.68241.2	PB.88800.3	256	1377
PB.68241.2	PB.52944.1	256	1377
PB.68241.2	PB.37877.1	256	1377
PB.15725.1	ENST00000432560.6	0	2308
PB.15725.1	PB.124787.2	256	2308
PB.15725.1	PB.130867.3	256	2308
PB.15725.1	ENST00000405198.6	256	2308
PB.15725.1	PB.150527.1	256	2308
PB.15725.1	PB.143849.2	256	2306
PB.150527.2	PB.88800.1	0	2692
PB.150527.2	ENST00000317368.11	256	2685
PB.150527.2	PB.137340.2	256	2606
PB.150527.2	PB.130867.3	256	2606
PB.150527.2	ENST00000432560.6	256	2606
PB.150527.2	PB.143849.2	256	2604
PB.130867.2	PB.124787.2	0	3393
PB.130867.2	PB.88800.3	256	3393
PB.130867.2	ENST00000405198.6	256	3393
PB.130867.2	ENST00000432560.6	256	3393
PB.130867.2	ENST00000357586.7	256	3358
PB.130867.2	PB.130867.3	256	3313
PB.88800.6	ENST00000432560.6	0	3741
PB.88800.6	ENST00000405198.6	256	3741
PB.88800.6	PB.88800.3	256	3741
PB.88800.6	ENST00000357586.7	256	3706
PB.88800.6	PB.88800.1	256	3595
PB.88800.6	ENST00000317368.11	256	3588
PB.88800.7	ENST00000432560.6	0	3568
PB.88800.7	ENST00000405198.6	256	3568
PB.88800.7	PB.88800.3	256	3568
PB.88800.7	ENST00000357586.7	256	3488
PB.88800.7	PB.88800.1	256	3422
PB.88800.7	ENST00000317368.11	256	3415
PB.88800.5	PB.88800.3	0	3934
PB.88800.5	ENST00000432560.6	256	3920
PB.88800.5	ENST00000405198.6	256	3920
PB.88800.5	ENST00000357586.7	256	3836
PB.88800.5	PB.88800.1	256	3770
PB.88800.5	ENST00000317368.11	256	3767
PB.124787.3	PB.124787.2	0	3524
PB.124787.3	ENST00000405198.6	256	3524
PB.124787.3	ENST00000432560.6	256	3524
PB.124787.3	PB.88800.3	256	3524
PB.124787.3	ENST00000357586.7	256	3489
PB.124787.3	PB.88800.1	256	3378
PB.130867.5	ENST00000432560.6	0	2764
PB.130867.5	PB.88800.3	256	2764
PB.130867.5	ENST00000405198.6	256	2764
PB.130867.5	ENST00000357586.7	256	2708
PB.130867.5	PB.88800.1	256	2618
PB.130867.5	ENST00000317368.11	256	2613
PB.157445.1	PB.88800.1	0	454
PB.157445.1	ENST00000432560.6	256	454
PB.157445.1	ENST00000317368.11	256	454
PB.157445.1	PB.88800.3	256	454
PB.157445.1	ENST00000405198.6	256	454
PB.157445.1	ENST00000357586.7	256	454
PB.124788.2	ENST00000310624.7	0	3514
PB.164559.1	PB.164559.2	0	2358
PB.164559.1	ENST00000490103.6	256	2358
PB.164559.1	ENST00000397872.5	256	2294
PB.164559.1	ENST00000397871.5	256	2294
PB.164559.1	PB.164559.3	256	2134
PB.164559.1	ENST00000397873.6	256	2104
PB.150528.1	ENST00000397872.5	0	2640
PB.150528.1	ENST00000397871.5	256	2420
PB.150528.1	PB.164559.2	256	2351
PB.150528.1	ENST00000490103.6	256	2351
PB.150528.1	PB.164559.3	256	2301
PB.150528.1	ENST00000397873.6	256	2271
PB.137341.1	ENST00000490103.6	0	1470
PB.137341.1	PB.164559.2	256	1470
PB.137341.1	ENST00000397872.5	256	1418
PB.137341.1	ENST00000397871.5	256	1418
PB.137341.1	PB.164559.3	256	1414
PB.137341.1	ENST00000397873.6	256	1384
PB.164559.4	PB.164559.3	0	2310
PB.164559.4	ENST00000397873.6	256	2296
PB.164559.4	ENST00000397872.5	256	2248
PB.164559.4	ENST00000397871.5	256	2135
PB.164559.4	ENST00000490103.6	256	2132
PB.164559.4	PB.164559.2	256	2132
PB.137341.2	ENST00000397873.6	0	1590
PB.137341.2	PB.164559.3	256	1590
PB.137341.2	ENST00000397872.5	256	1528
PB.137341.2	ENST00000397871.5	256	1415
PB.137341.2	PB.164559.2	256	1412
PB.137341.2	ENST00000490103.6	256	1412
PB.30422.3	ENST00000216121.12	0	1884
PB.30422.3	PB.30422.2	256	1884
PB.30422.3	PB.164560.1	256	1516
PB.30422.3	PB.45423.1	256	1753
PB.30422.3	PB.60637.1	256	1570
PB.30422.1	PB.30422.2	0	1933
PB.30422.1	ENST00000216121.12	256	1927
PB.30422.1	PB.164560.1	256	1565
PB.30422.1	PB.45423.1	256	1753
PB.37878.2	ENST00000216121.12	0	1950
PB.37878.2	PB.30422.2	256	1950
PB.37878.2	PB.164560.1	256	1582
PB.37878.2	PB.45423.1	256	1751
PB.15728.2	PB.164561.1	0	2146
PB.15728.2	PB.157447.1	256	2075
PB.15728.2	ENST00000361452.8	256	2183
PB.15728.2	ENST00000338641.10	256	2089
PB.15728.2	ENST00000672896.1	256	2018
PB.15728.2	PB.15728.1	256	1794
PB.15728.4	PB.164561.1	0	2167
PB.15728.4	ENST00000338641.10	256	2141
PB.15728.4	PB.157447.1	256	2096
PB.15728.4	ENST00000672896.1	256	2070
PB.15728.4	ENST00000361452.8	256	1814
PB.15728.4	PB.15728.1	256	1813
PB.157447.2	PB.157447.1	0	2312
PB.157447.2	ENST00000672896.1	256	2312
PB.157447.2	ENST00000338641.10	256	2196
PB.157447.2	PB.164561.1	256	2196
PB.157447.2	ENST00000361452.8	256	2040
PB.157447.2	PB.15728.1	256	1867
PB.3830.4	ENST00000338641.10	0	5659
PB.3830.4	ENST00000672896.1	256	5588
PB.3830.4	ENST00000361452.8	256	5388
PB.83155.2	ENST00000344318.4	0	808
PB.83155.3	ENST00000344318.4	0	643
PB.83155.1	ENST00000344318.4	0	808
PB.83155.4	ENST00000344318.4	0	807
PB.143852.1	ENST00000307790.8	0	2595
PB.143852.1	PB.143852.3	256	2594
PB.143852.1	PB.143852.6	256	2527
PB.143852.1	ENST00000397771.6	256	2498
PB.143852.1	PB.143852.2	256	2496
PB.143852.1	PB.143852.4	256	2468
PB.150530.4	PB.143852.6	0	2650
PB.150530.4	ENST00000397771.6	256	2621
PB.150530.4	PB.143852.2	256	2577
PB.150530.4	PB.143852.4	256	2549
PB.150530.4	ENST00000307790.8	256	2517
PB.150530.4	PB.143852.3	256	2517
PB.157450.2	PB.143852.6	0	2436
PB.157450.2	PB.143852.2	256	2436
PB.157450.2	PB.143852.4	256	2436
PB.157450.2	ENST00000307790.8	256	2436
PB.157450.2	PB.143852.3	256	2436
PB.157450.2	ENST00000397771.6	256	2407
PB.150530.2	PB.143852.3	0	2594
PB.150530.2	PB.143852.4	256	2594
PB.150530.2	ENST00000307790.8	256	2594
PB.150530.2	PB.143852.2	256	2594
PB.150530.2	PB.143852.6	256	2594
PB.150530.2	ENST00000397771.6	256	2565
PB.150530.3	PB.143852.6	0	2615
PB.150530.3	ENST00000397771.6	256	2586
PB.150530.3	ENST00000307790.8	256	2594
PB.150530.3	PB.143852.4	256	2594
PB.150530.3	PB.143852.2	256	2594
PB.150530.3	PB.143852.3	256	2594
PB.157450.1	ENST00000542393.5	0	2460
PB.157450.1	ENST00000307790.8	256	2435
PB.157450.1	PB.143852.6	256	2435
PB.157450.1	PB.143852.4	256	2435
PB.157450.1	PB.143852.2	256	2435
PB.157450.1	PB.143852.3	256	2435
PB.150530.5	ENST00000307790.8	0	2610
PB.150530.5	PB.143852.3	256	2606
PB.150530.5	PB.143852.4	256	2518
PB.150530.5	PB.143852.6	256	2517
PB.150530.5	PB.143852.2	256	2516
PB.150530.5	ENST00000397771.6	256	2488
PB.143852.5	PB.143852.6	0	2699
PB.143852.5	ENST00000397771.6	256	2671
PB.143852.5	PB.143852.2	256	2627
PB.143852.5	PB.143852.4	256	2598
PB.143852.5	ENST00000307790.8	256	2593
PB.143852.5	PB.143852.3	256	2593
PB.137343.2	PB.143852.6	0	2629
PB.137343.2	ENST00000397771.6	256	2601
PB.137343.2	PB.143852.2	256	2556
PB.137343.2	PB.143852.4	256	2529
PB.137343.2	PB.143852.3	256	2480
PB.137343.2	ENST00000307790.8	256	2480
PB.137343.1	ENST00000307790.8	0	2521
PB.137343.1	PB.143852.2	256	2520
PB.137343.1	PB.143852.6	256	2522
PB.137343.1	PB.143852.3	256	2521
PB.137343.1	PB.143852.4	256	2521
PB.137343.1	ENST00000397771.6	256	2494
PB.150530.7	ENST00000307790.8	0	2611
PB.150530.7	PB.143852.3	256	2605
PB.150530.7	PB.143852.4	256	2517
PB.150530.7	PB.143852.6	256	2516
PB.150530.7	PB.143852.2	256	2515
PB.150530.7	ENST00000397771.6	256	2488
PB.150530.6	PB.143852.6	0	2683
PB.150530.6	ENST00000397771.6	256	2658
PB.150530.6	PB.143852.2	256	2645
PB.150530.6	PB.143852.4	256	2645
PB.150530.6	ENST00000307790.8	256	2686
PB.150530.6	PB.143852.3	256	2680
PB.68246.2	PB.143852.2	0	1344
PB.68246.2	PB.143852.3	256	1344
PB.68246.2	ENST00000307790.8	256	1344
PB.68246.2	PB.45426.1	256	1344
PB.68246.2	PB.15730.1	256	1344
PB.68246.2	PB.143852.6	256	1344
PB.143852.7	PB.143852.4	0	2721
PB.143852.7	PB.143852.6	256	2547
PB.143852.7	ENST00000397771.6	256	2521
PB.143852.7	PB.143852.3	256	2515
PB.143852.7	ENST00000307790.8	256	2515
PB.143852.7	PB.143852.2	256	2524
PB.150530.8	PB.143852.6	0	2535
PB.150530.8	ENST00000397771.6	256	2509
PB.150530.8	PB.143852.2	256	2521
PB.150530.8	PB.143852.4	256	2521
PB.150530.8	ENST00000307790.8	256	2521
PB.150530.8	PB.143852.3	256	2521
PB.130869.1		4	0
PB.3831.3	PB.3831.1	0	5799
PB.3831.3	ENST00000323630.9	256	5811
PB.3831.3	ENST00000401950.7	256	5719
PB.3831.3	ENST00000333027.7	256	5551
PB.3831.3	PB.3831.5	256	5466
PB.157451.2	PB.88801.1	0	2474
PB.157451.2	ENST00000249075.4	256	2474
PB.88801.4	ENST00000249075.4	0	3795
PB.88801.4	PB.88801.1	256	3790
PB.157451.1	PB.88801.1	0	2431
PB.157451.1	ENST00000249075.4	256	2431
PB.88801.2	ENST00000249075.4	0	3871
PB.88801.2	PB.88801.1	256	3790
PB.8674.2	ENST00000249075.4	0	3869
PB.8674.2	PB.88801.1	256	3788
PB.52947.2	PB.52947.1	0	1412
PB.52947.2	ENST00000407689.8	256	1386
PB.52947.2	ENST00000404953.7	256	1205
PB.52947.2	PB.68247.2	256	1242
PB.52947.2	PB.68247.1	256	1151
PB.23034.1	PB.52947.1	0	861
PB.23034.1	ENST00000407689.8	256	835
PB.23034.1	ENST00000404953.7	256	708
PB.23034.1	PB.68247.1	256	652
PB.23034.1	PB.68247.2	256	692
PB.164564.1	PB.150532.1	0	2077
PB.150534.3	PB.137344.2	0	2507
PB.150534.3	ENST00000215793.13	256	2490
PB.150534.3	PB.130871.4	256	2030
PB.150534.3	PB.130871.3	256	1958
PB.150534.3	PB.164565.2	256	2294
PB.137344.4	PB.130871.4	0	318
PB.137344.4	PB.137344.2	256	304
PB.137344.4	PB.130871.3	256	290
PB.137344.4	ENST00000215793.13	256	287
PB.150533.1	ENST00000405659.5	0	2510
PB.150533.1	ENST00000338306.8	256	2236
PB.143857.1	ENST00000617837.4	0	2368
PB.143857.1	ENST00000615189.5	256	2459
PB.150535.2	PB.68251.1	0	1180
PB.150535.2	ENST00000615189.5	256	1180
PB.150535.2	PB.45429.1	256	1179
PB.150535.2	ENST00000405717.7	256	1161
PB.150535.2	ENST00000617837.4	256	856
PB.143857.2	ENST00000615189.5	0	2526
PB.143857.2	ENST00000617837.4	256	2202
PB.83159.2	ENST00000266263.10	0	1008
PB.83159.2	PB.75725.2	256	1006
PB.83159.2	PB.83159.1	256	855
PB.83159.2	PB.60642.1	256	703
PB.75725.3	ENST00000266263.10	0	1044
PB.75725.3	PB.75725.2	256	1044
PB.75725.3	PB.83159.1	256	906
PB.75725.3	ENST00000407550.3	256	768
PB.75725.3	PB.60642.1	256	875
PB.83159.3	ENST00000266263.10	0	1067
PB.83159.3	PB.75725.2	256	1067
PB.83159.3	PB.83159.1	256	903
PB.83159.3	ENST00000407550.3	256	772
PB.83159.3	PB.60642.1	256	827
PB.96135.2	PB.75725.2	0	814
PB.96135.2	ENST00000266263.10	256	814
PB.96135.2	PB.83159.1	256	650
PB.96135.2	PB.60642.1	256	531
PB.52952.1	ENST00000255858.12	0	1690
PB.157454.1	ENST00000255858.12	0	2461
PB.37883.1	ENST00000354694.12	0	1630
PB.37883.1	PB.164566.3	256	1487
PB.37883.1	PB.164566.2	256	1485
PB.37883.1	PB.157455.1	256	1294
PB.37883.1	PB.30431.2	256	1603
PB.37883.1	PB.15734.1	256	1579
PB.23036.1	ENST00000354694.12	0	2058
PB.23036.1	PB.157455.1	256	1736
PB.23036.1	PB.164566.2	256	1912
PB.23036.1	PB.164566.3	256	1901
PB.23036.1	PB.30431.2	256	2008
PB.23036.1	PB.15734.1	256	2043
PB.52954.1	ENST00000354694.12	0	1542
PB.52954.1	PB.164566.2	256	1397
PB.52954.1	PB.30431.2	256	1501
PB.52954.1	PB.15734.1	256	1491
PB.52954.1	PB.157455.1	256	1194
PB.52954.1	PB.164566.3	256	1385
PB.23036.3	ENST00000354694.12	0	2073
PB.23036.3	PB.164566.2	256	1954
PB.23036.3	PB.164566.3	256	1930
PB.23036.3	PB.157455.1	256	1737
PB.23036.3	PB.30431.2	256	2038
PB.23036.3	PB.15734.1	256	2022
PB.60643.3	PB.15734.1	0	910
PB.60643.3	ENST00000354694.12	256	895
PB.60643.3	PB.164566.3	256	778
PB.60643.3	PB.157455.1	256	585
PB.60643.3	PB.164566.2	256	750
PB.60643.3	PB.30431.2	256	862
PB.150537.4	ENST00000354694.12	0	1828
PB.150537.4	PB.164566.2	256	1683
PB.150537.4	PB.157455.1	256	1484
PB.150537.4	PB.164566.3	256	1675
PB.150537.4	PB.15734.1	256	1777
PB.150537.4	PB.30431.2	256	1811
PB.150537.5	PB.60643.4	0	1220
PB.52955.1	ENST00000215838.8	0	1575
PB.52955.1	ENST00000450638.5	256	1448
PB.52955.1	ENST00000405742.7	256	1533
PB.52955.1	PB.37884.2	256	1475
PB.52955.1	ENST00000407817.3	256	1369
PB.137345.1	PB.157456.2	0	2592
PB.137345.1	ENST00000343605.5	256	2582
PB.157456.1	ENST00000406566.1	0	1865
PB.157456.1	PB.157456.2	2048	1300
PB.157457.3	PB.157457.1	0	2251
PB.157457.3	ENST00000334679.4	256	2251
PB.157457.3	ENST00000403268.1	256	2005
PB.137346.2	ENST00000334679.4	0	2030
PB.137346.2	PB.157457.1	256	2030
PB.137346.2	ENST00000403268.1	256	1784
PB.157457.2	ENST00000334679.4	0	2249
PB.157457.2	PB.157457.1	256	2237
PB.157457.2	ENST00000403268.1	256	1983
PB.88804.4	PB.88804.2	0	3716
PB.88804.4	PB.88804.1	256	3749
PB.88804.4	ENST00000332585.11	256	3533
PB.88804.4	PB.88804.3	256	3353
PB.88804.4	ENST00000403222.7	256	2837
PB.130873.1	PB.88804.1	0	3193
PB.130873.1	ENST00000332585.11	256	2977
PB.130873.1	ENST00000437268.6	256	2973
PB.130873.1	ENST00000403222.7	256	2954
PB.130873.1	PB.88804.3	256	2797
PB.130873.1	ENST00000407373.5	256	2796
PB.30432.1	ENST00000437268.6	0	1416
PB.30432.1	ENST00000407373.5	256	1415
PB.30432.1	ENST00000332585.11	256	1415
PB.30432.1	PB.88804.3	256	1415
PB.30432.1	ENST00000446658.6	256	1400
PB.30432.1	ENST00000401475.5	256	1400
PB.143859.1	ENST00000437268.6	0	1525
PB.143859.1	ENST00000407373.5	256	1524
PB.143859.1	PB.88804.3	256	1524
PB.143859.1	ENST00000332585.11	256	1524
PB.143859.1	ENST00000446658.6	256	1509
PB.143859.1	ENST00000401475.5	256	1509
PB.130873.3	ENST00000332585.11	0	3193
PB.130873.3	PB.88804.3	256	3193
PB.130873.3	ENST00000407373.5	256	3192
PB.130873.3	ENST00000437268.6	256	3182
PB.130873.3	ENST00000403222.7	256	3163
PB.130873.3	PB.88804.2	256	2873
PB.124796.1	ENST00000332585.11	0	3222
PB.124796.1	ENST00000437268.6	256	3218
PB.124796.1	ENST00000403222.7	256	3208
PB.124796.1	PB.88804.2	256	2909
PB.124796.1	PB.88804.3	256	3042
PB.124796.1	ENST00000407373.5	256	3041
PB.124796.3	ENST00000332585.11	0	3276
PB.124796.3	ENST00000437268.6	256	3272
PB.124796.3	ENST00000403222.7	256	3253
PB.124796.3	PB.88804.2	256	2963
PB.124796.3	PB.88804.3	256	3096
PB.124796.3	ENST00000407373.5	256	3095
PB.130873.2	PB.88804.2	0	3233
PB.130873.2	ENST00000332585.11	256	3053
PB.130873.2	ENST00000437268.6	256	3049
PB.130873.2	ENST00000403222.7	256	3030
PB.130873.2	PB.88804.3	256	2873
PB.130873.2	ENST00000407373.5	256	2872
PB.124796.4	ENST00000332585.11	0	3287
PB.124796.4	ENST00000437268.6	256	3286
PB.124796.4	ENST00000403222.7	256	3267
PB.124796.4	PB.88804.2	256	3093
PB.124796.4	PB.88804.3	256	3107
PB.124796.4	ENST00000407373.5	256	3106
PB.88805.1	ENST00000397641.8	0	3830
PB.88805.1	PB.124797.1	256	3717
PB.88805.1	ENST00000215862.8	256	3184
PB.88805.1	PB.137348.1	256	3098
PB.45432.1	PB.124797.1	0	1823
PB.45432.1	PB.23039.1	256	1823
PB.45432.1	PB.150540.1	256	1823
PB.45432.1	ENST00000215862.8	256	1823
PB.45432.1	PB.137348.1	256	1823
PB.45432.1	ENST00000397641.8	256	1823
PB.8681.2	ENST00000644773.2	0	4305
PB.8681.2	PB.88806.1	256	4114
PB.8681.2	PB.88806.2	256	3927
PB.150541.1	ENST00000644773.2	0	2674
PB.8682.1	PB.124799.3	0	2285
PB.8682.1	PB.130875.6	256	1970
PB.8682.1	PB.130875.5	256	1826
PB.8682.1	ENST00000333137.12	256	1826
PB.8682.1	PB.130875.4	256	1713
PB.8682.1	ENST00000358743.5	256	1607
PB.143862.1	ENST00000333137.12	0	2340
PB.143862.1	PB.130875.5	256	2340
PB.143862.1	PB.130875.6	256	2340
PB.143862.1	PB.130875.4	256	2340
PB.143862.1	PB.124799.3	256	2106
PB.143862.1	ENST00000358743.5	256	2122
PB.30434.1	PB.143862.3	0	2013
PB.30434.1	ENST00000612341.4	256	2013
PB.30434.1	PB.130875.8	256	2013
PB.30434.1	ENST00000333137.12	256	2013
PB.30434.1	PB.130875.4	256	2013
PB.30434.1	PB.157459.1	256	2013
PB.143862.2	ENST00000347557.6	0	2644
PB.143862.2	PB.137350.4	256	2699
PB.143862.2	ENST00000358743.5	256	2549
PB.143862.2	ENST00000333137.12	256	2445
PB.143862.2	PB.130875.5	256	2445
PB.143862.2	PB.130875.6	256	2360
PB.150543.1	PB.130875.5	0	2254
PB.150543.1	PB.130875.4	256	2254
PB.150543.1	ENST00000333137.12	256	2254
PB.150543.1	PB.130875.6	256	2254
PB.150543.1	PB.124799.3	256	2020
PB.150543.1	ENST00000358743.5	256	2036
PB.150543.2	PB.130875.6	0	2401
PB.150543.2	PB.130875.4	256	2401
PB.150543.2	ENST00000333137.12	256	2401
PB.150543.2	PB.130875.5	256	2401
PB.150543.2	PB.124799.3	256	2167
PB.150543.2	ENST00000358743.5	256	2183
PB.124799.4	PB.124799.3	0	3418
PB.124799.4	PB.130875.6	256	3120
PB.124799.4	PB.130875.5	256	2976
PB.124799.4	ENST00000333137.12	256	2976
PB.124799.4	PB.130875.4	256	2861
PB.124799.4	ENST00000358743.5	256	2757
PB.130875.3	ENST00000333137.12	0	3176
PB.130875.3	PB.130875.5	256	3176
PB.130875.3	PB.130875.6	256	3091
PB.130875.3	PB.124799.3	256	2942
PB.130875.3	PB.130875.4	256	3061
PB.130875.3	ENST00000358743.5	256	2957
PB.130875.7	PB.130875.5	0	3237
PB.130875.7	ENST00000333137.12	256	3237
PB.130875.7	PB.130875.6	256	3152
PB.130875.7	PB.124799.3	256	3003
PB.130875.7	PB.130875.4	256	3122
PB.130875.7	ENST00000358743.5	256	3018
PB.137350.3	PB.130875.5	0	3033
PB.137350.3	ENST00000333137.12	256	3033
PB.137350.3	PB.130875.6	256	2948
PB.137350.3	PB.130875.4	256	2918
PB.137350.3	PB.124799.3	256	2799
PB.137350.3	ENST00000358743.5	256	2814
PB.15740.1	PB.130875.8	0	2215
PB.15740.1	ENST00000333137.12	256	2215
PB.15740.1	PB.130875.4	256	2215
PB.15740.1	PB.130875.5	256	2215
PB.15740.1	ENST00000612341.4	256	2215
PB.15740.1	PB.130875.6	256	2215
PB.164569.1	ENST00000612341.4	0	2214
PB.164569.1	PB.130875.4	256	2214
PB.164569.1	PB.130875.6	256	2214
PB.164569.1	PB.130875.5	256	2214
PB.164569.1	ENST00000333137.12	256	2214
PB.164569.1	PB.124799.3	256	1980
PB.137350.6	PB.130875.4	0	2899
PB.137350.6	PB.137350.4	256	2953
PB.137350.6	ENST00000333137.12	256	2699
PB.137350.6	PB.130875.5	256	2699
PB.137350.6	PB.124799.3	256	2491
PB.137350.6	PB.130875.6	256	2614
PB.137350.7	PB.130875.6	0	2871
PB.137350.7	PB.137350.4	256	2981
PB.137350.7	PB.130875.5	256	2727
PB.137350.7	ENST00000333137.12	256	2727
PB.137350.7	PB.124799.3	256	2519
PB.137350.7	PB.130875.4	256	2613
PB.150543.3	PB.130875.5	0	2290
PB.150543.3	PB.130875.6	256	2290
PB.150543.3	ENST00000333137.12	256	2290
PB.150543.3	PB.130875.4	256	2290
PB.150543.3	PB.124799.3	256	2056
PB.150543.3	ENST00000358743.5	256	2072
PB.130876.1	PB.130876.2	0	3095
PB.130876.1	ENST00000331075.10	256	3086
PB.130876.1	ENST00000412277.6	256	2933
PB.23041.1	ENST00000404390.7	0	1955
PB.23041.1	ENST00000405300.5	256	1768
PB.23041.1	ENST00000400294.6	256	1768
PB.23041.1	PB.130876.2	256	1768
PB.23041.1	ENST00000331075.10	256	1768
PB.23041.1	ENST00000620191.4	256	1771
PB.124800.1	ENST00000331075.10	0	3114
PB.124800.1	PB.130876.2	256	3114
PB.124800.1	ENST00000412277.6	256	2967
PB.130877.1	ENST00000426256.6	0	3262
PB.130877.1	ENST00000326132.11	256	2942
PB.130877.1	ENST00000266252.8	256	2644
PB.130877.2	ENST00000326132.11	0	3019
PB.130877.2	ENST00000426256.6	256	2820
PB.130877.2	ENST00000266252.8	256	2654
PB.130877.3	ENST00000326132.11	0	3016
PB.130877.3	ENST00000426256.6	256	2819
PB.130877.3	ENST00000266252.8	256	2653
PB.130877.4	ENST00000326132.11	0	3011
PB.130877.4	ENST00000426256.6	256	2817
PB.130877.4	ENST00000266252.8	256	2652
PB.137351.3	ENST00000326132.11	0	2771
PB.137351.3	ENST00000266252.8	256	2904
PB.137351.3	ENST00000426256.6	256	2643
PB.137351.2	ENST00000326132.11	0	2815
PB.137351.2	ENST00000426256.6	256	2620
PB.137351.2	ENST00000266252.8	256	2643
PB.143863.1	ENST00000326132.11	0	2363
PB.143863.1	ENST00000426256.6	256	2139
PB.143863.1	ENST00000266252.8	256	1941
PB.143863.2	ENST00000326132.11	0	2815
PB.143863.2	ENST00000426256.6	256	2645
PB.143863.2	ENST00000266252.8	256	2643
PB.137351.4	ENST00000326132.11	0	2774
PB.137351.4	ENST00000426256.6	256	2580
PB.137351.4	ENST00000266252.8	256	2767
PB.157461.1	ENST00000326132.11	0	1801
PB.157461.1	ENST00000426256.6	256	1586
PB.157461.1	ENST00000266252.8	256	1877
PB.143863.3	ENST00000326132.11	0	2761
PB.143863.3	ENST00000266252.8	256	2883
PB.143863.3	ENST00000426256.6	256	2644
PB.150544.1	ENST00000266252.8	0	2645
PB.150544.1	ENST00000326132.11	256	2643
PB.150544.1	ENST00000426256.6	256	2643
PB.143863.4	ENST00000326132.11	0	2706
PB.143863.4	ENST00000426256.6	256	2645
PB.143863.4	ENST00000266252.8	256	2643
PB.164570.1	ENST00000266252.8	0	2438
PB.164570.1	ENST00000426256.6	256	2438
PB.164570.1	ENST00000326132.11	256	2438
PB.130877.6	ENST00000326132.11	0	3010
PB.130877.6	ENST00000426256.6	256	2816
PB.130877.6	ENST00000266252.8	256	2651
PB.143863.5	ENST00000326132.11	0	2819
PB.143863.5	ENST00000266252.8	256	2806
PB.143863.5	ENST00000426256.6	256	2645
PB.137351.5	ENST00000326132.11	0	3031
PB.137351.5	ENST00000426256.6	256	2837
PB.137351.5	ENST00000266252.8	256	2672
PB.130877.7	ENST00000326132.11	0	3015
PB.130877.7	ENST00000426256.6	256	2817
PB.130877.7	ENST00000266252.8	256	2651
PB.143863.6	ENST00000326132.11	0	2900
PB.143863.6	ENST00000426256.6	256	2693
PB.143863.6	ENST00000266252.8	256	2643
PB.157461.2	ENST00000326132.11	0	2572
PB.157461.2	ENST00000266252.8	256	2572
PB.157461.2	ENST00000426256.6	256	2572
PB.88807.1	ENST00000331728.9	0	3565
PB.88807.1	PB.130878.1	256	3275
PB.88807.1	PB.130878.2	256	3044
PB.88807.1	PB.124801.3	256	3001
PB.88807.1	ENST00000333611.8	256	2998
PB.137352.1	PB.130878.1	0	3113
PB.137352.1	ENST00000331728.9	256	3070
PB.137352.1	PB.130878.2	256	2887
PB.137352.1	PB.124801.3	256	2845
PB.137352.1	ENST00000333611.8	256	2845
PB.137352.1	PB.150545.2	256	2790
PB.130878.3	PB.130878.1	0	3204
PB.130878.3	ENST00000331728.9	256	3164
PB.130878.3	PB.130878.2	256	2976
PB.130878.3	PB.124801.3	256	2939
PB.130878.3	ENST00000333611.8	256	2938
PB.130878.3	PB.150545.2	256	2635
PB.15744.1	ENST00000440456.5	0	352
PB.150546.1	ENST00000351933.8	0	2759
PB.150546.1	ENST00000266269.10	256	2599
PB.150546.1	ENST00000405309.7	256	2660
PB.130879.1	ENST00000405309.7	0	3229
PB.130879.1	ENST00000266269.10	256	3142
PB.130879.1	ENST00000351933.8	256	3057
PB.137353.3	ENST00000351933.8	0	3016
PB.137353.3	ENST00000266269.10	256	2855
PB.137353.3	ENST00000405309.7	256	2917
PB.150546.2	ENST00000351933.8	0	2632
PB.150546.2	ENST00000266269.10	256	2469
PB.150546.2	ENST00000405309.7	256	2533
PB.23045.2	ENST00000215919.3	0	2037
PB.23045.2	PB.164573.2	256	2037
PB.60647.1	PB.60647.2	0	1293
PB.60647.1	ENST00000331457.9	256	1280
PB.60647.1	PB.83164.1	256	1023
PB.75728.1	ENST00000331457.9	0	981
PB.75728.1	PB.60647.2	256	981
PB.75728.1	PB.83164.1	256	978
PB.52961.1	ENST00000397525.5	0	1651
PB.52961.1	ENST00000330125.10	256	1651
PB.52961.1	ENST00000397523.5	256	1645
PB.52961.1	ENST00000344710.9	256	1646
PB.52961.1	PB.150547.1	256	1637
PB.45439.1	ENST00000330125.10	0	1849
PB.45439.1	ENST00000397525.5	256	1849
PB.45439.1	ENST00000397523.5	256	1843
PB.45439.1	ENST00000344710.9	256	1838
PB.45439.1	PB.150547.1	256	1835
PB.124802.3	ENST00000330125.10	0	3528
PB.124802.3	ENST00000397525.5	256	3399
PB.124802.3	ENST00000397523.5	256	3258
PB.124802.3	ENST00000344710.9	256	2636
PB.124802.4	ENST00000330125.10	0	3556
PB.124802.4	ENST00000397525.5	256	3484
PB.124802.4	ENST00000397523.5	256	3310
PB.124802.4	ENST00000344710.9	256	2588
PB.8683.1	ENST00000330125.10	0	2999
PB.8683.1	ENST00000397525.5	256	2876
PB.8683.1	ENST00000397523.5	256	2702
PB.8683.1	ENST00000344710.9	256	1980
PB.124802.5	ENST00000397525.5	0	3480
PB.124802.5	ENST00000330125.10	256	3480
PB.124802.5	ENST00000397523.5	256	3310
PB.124802.5	ENST00000344710.9	256	2585
PB.137354.1	ENST00000330125.10	0	2230
PB.137354.1	ENST00000397525.5	256	2101
PB.137354.1	ENST00000397523.5	256	1930
PB.164574.1	ENST00000330125.10	0	1660
PB.164574.1	ENST00000397525.5	256	1540
PB.164574.1	ENST00000397523.5	256	1540
PB.68258.1	ENST00000330125.10	0	1429
PB.68258.1	ENST00000397525.5	256	1281
PB.68258.1	ENST00000397523.5	256	1280
PB.137355.1	PB.88808.3	0	2685
PB.137355.1	ENST00000400288.7	256	2622
PB.137355.1	ENST00000432498.5	256	2505
PB.137355.1	ENST00000540643.5	256	2335
PB.137355.1	PB.88808.6	256	2410
PB.137355.1	PB.88808.5	256	2273
PB.88808.2	PB.88808.3	0	3883
PB.88808.2	ENST00000540643.5	256	3801
PB.88808.2	ENST00000400288.7	256	3820
PB.88808.2	ENST00000432498.5	256	3703
PB.88808.2	PB.88808.5	256	3739
PB.88808.2	PB.88808.1	256	3639
PB.88808.4	PB.88808.3	0	3699
PB.88808.4	ENST00000400288.7	256	3648
PB.88808.4	ENST00000540643.5	256	3585
PB.88808.4	PB.88808.5	256	3567
PB.88808.4	ENST00000432498.5	256	3487
PB.88808.4	PB.88808.6	256	3436
PB.124803.1	ENST00000540643.5	0	3328
PB.124803.1	PB.88808.5	256	3310
PB.124803.1	ENST00000432498.5	256	3230
PB.124803.1	PB.88808.3	256	3111
PB.124803.1	PB.88808.6	256	3179
PB.124803.1	ENST00000400288.7	256	3060
PB.143865.1	ENST00000540643.5	0	2503
PB.143865.1	PB.88808.5	256	2490
PB.143865.1	ENST00000432498.5	256	2405
PB.143865.1	PB.88808.3	256	2286
PB.143865.1	PB.88808.6	256	2359
PB.143865.1	ENST00000400288.7	256	2240
PB.143865.2	PB.88808.3	0	2480
PB.143865.2	ENST00000400288.7	256	2452
PB.143865.2	ENST00000540643.5	256	2366
PB.143865.2	PB.88808.5	256	2366
PB.143865.2	ENST00000432498.5	256	2268
PB.143865.2	PB.88808.6	256	2240
PB.137355.2	PB.88808.3	0	2455
PB.137355.2	ENST00000400288.7	256	2444
PB.137355.2	ENST00000432498.5	256	2243
PB.137355.2	PB.88808.6	256	2232
PB.137355.2	PB.88808.5	256	2073
PB.137355.2	ENST00000540643.5	256	2073
PB.130881.1	PB.88808.3	0	2754
PB.130881.1	ENST00000400288.7	256	2754
PB.130881.1	ENST00000540643.5	256	2640
PB.130881.1	PB.88808.5	256	2640
PB.130881.1	PB.88808.6	256	2542
PB.130881.1	ENST00000432498.5	256	2542
PB.130881.2	PB.88808.1	0	2055
PB.130881.2	PB.88808.5	256	1968
PB.130881.2	ENST00000540643.5	256	1968
PB.130881.2	ENST00000400289.5	256	2036
PB.130881.2	ENST00000432498.5	256	1955
PB.130881.2	PB.88808.6	256	1955
PB.88808.7	ENST00000400288.7	0	3852
PB.88808.7	PB.88808.3	256	3852
PB.88808.7	PB.88808.6	256	3640
PB.88808.7	ENST00000432498.5	256	3640
PB.88808.7	ENST00000540643.5	256	3470
PB.88808.7	PB.88808.5	256	3470
PB.118936.1		4	0
PB.68259.1	ENST00000382151.6	0	1403
PB.68259.1	ENST00000266095.9	256	1403
PB.68259.1	PB.164576.2	256	1403
PB.68259.1	ENST00000397500.5	256	1224
PB.37890.1	PB.164576.2	0	1877
PB.37890.1	ENST00000266095.9	256	1877
PB.37890.1	ENST00000382151.6	256	1877
PB.37890.1	ENST00000397500.5	256	1430
PB.143866.4	ENST00000266095.9	0	2428
PB.143866.4	ENST00000382151.6	256	2428
PB.143866.4	ENST00000397500.5	256	1980
PB.143866.4	PB.164576.2	256	2007
PB.150548.5	ENST00000266095.9	0	2427
PB.150548.5	ENST00000382151.6	256	2427
PB.150548.5	ENST00000397500.5	256	1983
PB.150548.5	PB.164576.2	256	2007
PB.15747.2	ENST00000382151.6	0	2069
PB.15747.2	ENST00000266095.9	256	2069
PB.15747.2	PB.164576.2	256	2007
PB.15747.2	ENST00000397500.5	256	1642
PB.30439.1	ENST00000382151.6	0	2008
PB.30439.1	ENST00000266095.9	256	2008
PB.30439.1	PB.164576.2	256	2007
PB.30439.1	ENST00000397500.5	256	1561
PB.157465.5	ENST00000382151.6	0	2427
PB.157465.5	ENST00000266095.9	256	2427
PB.157465.5	ENST00000397500.5	256	2007
PB.157465.5	PB.164576.2	256	2007
PB.150548.4	ENST00000382151.6	0	2119
PB.150548.4	ENST00000266095.9	256	2119
PB.150548.4	ENST00000397500.5	256	1725
PB.150548.4	PB.164576.2	256	1699
PB.143866.5	ENST00000382151.6	0	2636
PB.143866.5	ENST00000266095.9	256	2635
PB.15747.5	ENST00000266095.9	0	2173
PB.15747.5	ENST00000382151.6	256	2173
PB.15747.5	PB.164576.2	256	2007
PB.15747.5	ENST00000397500.5	256	1726
PB.157465.2	ENST00000382151.6	0	2428
PB.157465.2	ENST00000266095.9	256	2428
PB.157465.2	ENST00000397500.5	256	1980
PB.157465.2	PB.164576.2	256	2007
PB.143866.3	ENST00000266095.9	0	2229
PB.143866.3	ENST00000382151.6	256	2229
PB.143866.3	ENST00000397500.5	256	1778
PB.143866.3	PB.164576.2	256	1805
PB.150548.3	PB.164576.2	0	1916
PB.150548.3	ENST00000266095.9	256	1633
PB.150548.3	ENST00000382151.6	256	1633
PB.157465.1	PB.164576.2	0	2027
PB.157465.1	ENST00000266095.9	256	1699
PB.157465.1	ENST00000382151.6	256	1699
PB.23047.2	PB.164576.2	0	1835
PB.23047.2	ENST00000382151.6	256	1770
PB.23047.2	ENST00000266095.9	256	1770
PB.143866.2	ENST00000382151.6	0	2214
PB.143866.2	ENST00000266095.9	256	2214
PB.143866.2	ENST00000397500.5	256	1763
PB.143866.2	PB.164576.2	256	1790
PB.143866.6	PB.164576.2	0	1811
PB.143866.6	ENST00000382151.6	256	1486
PB.143866.6	ENST00000266095.9	256	1486
PB.150548.2	PB.164576.2	0	1836
PB.150548.2	ENST00000266095.9	256	1865
PB.150548.2	ENST00000382151.6	256	1865
PB.150548.2	ENST00000397500.5	256	1444
PB.164576.1	PB.164576.2	0	2145
PB.164576.1	ENST00000266095.9	256	2159
PB.164576.1	ENST00000382151.6	256	2159
PB.164576.1	ENST00000397500.5	256	1712
PB.150548.1	ENST00000266095.9	0	2431
PB.150548.1	ENST00000382151.6	256	2431
PB.150548.1	ENST00000397500.5	256	1980
PB.150548.1	PB.164576.2	256	2007
PB.157465.4	PB.164576.2	0	2141
PB.157465.4	ENST00000266095.9	256	1805
PB.157465.4	ENST00000382151.6	256	1805
PB.15747.4	PB.164576.2	0	2090
PB.15747.4	ENST00000266095.9	256	1753
PB.15747.4	ENST00000382151.6	256	1753
PB.15747.3	PB.164576.2	0	2110
PB.15747.3	ENST00000266095.9	256	1767
PB.15747.3	ENST00000382151.6	256	1767
PB.143866.1	PB.164576.2	0	1627
PB.143866.1	ENST00000382151.6	256	1486
PB.143866.1	ENST00000266095.9	256	1486
PB.23047.1	PB.164576.2	0	2006
PB.23047.1	ENST00000382151.6	256	1659
PB.23047.1	ENST00000266095.9	256	1659
PB.23047.1	ENST00000397500.5	256	1747
PB.124804.1	PB.164576.2	0	887
PB.124804.1	ENST00000382151.6	256	744
PB.124804.1	ENST00000266095.9	256	744
PB.124804.2	PB.164576.2	0	1104
PB.124804.2	ENST00000266095.9	256	755
PB.124804.2	ENST00000382151.6	256	755
PB.157465.3	PB.164576.2	0	2139
PB.157465.3	ENST00000266095.9	256	1790
PB.157465.3	ENST00000382151.6	256	1790
PB.150548.6	PB.164576.2	0	1962
PB.150548.6	ENST00000382151.6	256	1971
PB.150548.6	ENST00000266095.9	256	1971
PB.150548.6	ENST00000397500.5	256	1524
PB.130882.1	PB.164576.2	0	1306
PB.130882.1	ENST00000382151.6	256	957
PB.130882.1	ENST00000266095.9	256	957
PB.3835.1	ENST00000327423.11	0	6371
PB.143868.1		4	0
PB.137357.1	ENST00000651528.2	0	2295
PB.137357.1	ENST00000642696.1	256	2295
PB.137357.1	PB.3836.3	256	2271
PB.137357.1	ENST00000400249.7	256	2181
PB.137357.1	ENST00000382112.8	256	2150
PB.137357.1	PB.3836.1	256	2150
PB.3836.4	ENST00000642696.1	0	4895
PB.3836.4	PB.3836.3	256	4895
PB.3836.4	ENST00000651528.2	256	4750
PB.3836.4	ENST00000646969.1	256	4975
PB.3836.4	ENST00000646465.1	256	4938
PB.3836.4	ENST00000400249.7	256	4776
PB.30440.1	ENST00000400248.7	0	1996
PB.30440.1	ENST00000642696.1	256	1996
PB.30440.1	ENST00000651528.2	256	1996
PB.30440.1	PB.3836.1	256	1996
PB.30440.1	ENST00000400249.7	256	1993
PB.30440.1	ENST00000645711.1	256	1989
PB.60652.1	ENST00000651528.2	0	1593
PB.60652.1	PB.3836.1	256	1593
PB.60652.1	ENST00000400248.7	256	1593
PB.60652.1	PB.3836.3	256	1593
PB.60652.1	ENST00000400249.7	256	1590
PB.60652.1	ENST00000645711.1	256	1586
PB.37891.2	ENST00000248975.6	0	1602
PB.37891.2	PB.45443.1	256	1602
PB.37891.2	PB.52964.1	256	1464
PB.37891.2	ENST00000397492.1	256	1526
PB.37892.1	ENST00000216038.6	0	1823
PB.37892.1	PB.30441.1	256	1823
PB.37892.1	PB.143869.1	256	938
PB.37892.1	PB.88809.1	256	1419
PB.157468.1	PB.88809.1	0	893
PB.124806.1	PB.30441.1	0	330
PB.124806.1	PB.88809.1	256	330
PB.124806.1	ENST00000216038.6	256	330
PB.124806.1	PB.143869.1	256	330
PB.23049.1	PB.23049.3	0	2004
PB.23049.1	ENST00000266087.12	256	1912
PB.23049.1	PB.37893.2	256	1746
PB.23049.1	ENST00000397426.5	256	1746
PB.23049.1	PB.52965.1	256	1702
PB.23049.1	PB.45444.2	256	1597
PB.30442.1	PB.23049.3	0	2039
PB.30442.1	ENST00000266087.12	256	1949
PB.30442.1	ENST00000397426.5	256	1746
PB.30442.1	PB.37893.2	256	1746
PB.30442.1	PB.52965.1	256	1702
PB.30442.1	PB.45444.4	256	1644
PB.60655.1	PB.52965.2	0	1451
PB.60655.1	PB.60655.4	256	1451
PB.60655.1	PB.45444.2	256	1451
PB.60655.1	PB.23049.3	256	1451
PB.60655.1	ENST00000397426.5	256	1451
PB.60655.1	ENST00000266087.12	256	1451
PB.60655.2	PB.45444.2	0	1452
PB.60655.2	ENST00000266087.12	256	1452
PB.60655.2	ENST00000397426.5	256	1452
PB.60655.2	PB.60655.4	256	1452
PB.60655.2	PB.52965.2	256	1451
PB.60655.2	PB.37893.2	256	1451
PB.88810.1	ENST00000266085.7	0	4087
PB.88810.1	PB.37894.3	256	3817
PB.15750.1	ENST00000266085.7	0	2292
PB.15750.1	PB.23050.1	256	2292
PB.157470.1	ENST00000610186.6	0	2518
PB.157470.1	ENST00000608642.6	256	2301
PB.157470.1	ENST00000609799.6	256	2300
PB.143871.1	ENST00000674780.1	0	2811
PB.143871.1	ENST00000674999.1	256	2811
PB.143871.1	ENST00000413114.6	256	2811
PB.143871.1	ENST00000397394.8	256	2811
PB.143871.1	ENST00000676070.1	256	2811
PB.143871.1	ENST00000675416.1	256	2811
PB.37895.1	ENST00000674668.1	0	1907
PB.37895.1	ENST00000675416.1	256	1907
PB.37895.1	ENST00000402320.6	256	1907
PB.37895.1	ENST00000676370.1	256	1907
PB.37895.1	ENST00000676070.1	256	1907
PB.37895.1	ENST00000413114.6	256	1907
PB.83172.1	PB.88811.1	0	874
PB.83172.1	ENST00000216106.6	256	807
PB.68267.1	ENST00000216106.6	0	1152
PB.68267.1	PB.88811.1	256	992
PB.75737.3	PB.88811.1	0	1192
PB.75737.3	ENST00000216106.6	256	1133
PB.15751.1	ENST00000411850.5	0	2267
PB.15751.1	PB.164580.1	256	2232
PB.15751.1	ENST00000449058.7	256	2218
PB.15751.1	PB.15751.3	256	2155
PB.15751.1	PB.23052.2	256	2138
PB.15751.1	ENST00000447733.5	256	2127
PB.157471.1	ENST00000411850.5	0	2238
PB.157471.1	PB.164580.1	256	2212
PB.157471.1	ENST00000449058.7	256	2198
PB.157471.1	PB.15751.3	256	2057
PB.157471.1	PB.23052.2	256	2118
PB.157471.1	ENST00000447733.5	256	2107
PB.157471.2	PB.164580.1	0	2037
PB.157471.2	ENST00000411850.5	256	2043
PB.157471.2	ENST00000449058.7	256	2023
PB.157471.2	PB.15751.3	256	1871
PB.157471.2	PB.23052.2	256	1938
PB.157471.2	ENST00000447733.5	256	1926
PB.15751.4	PB.164580.1	0	2237
PB.15751.4	ENST00000411850.5	256	2242
PB.15751.4	ENST00000449058.7	256	2223
PB.15751.4	PB.15751.3	256	2096
PB.15751.4	PB.23052.2	256	2138
PB.15751.4	ENST00000447733.5	256	2126
PB.23052.1	ENST00000411850.5	0	991
PB.23052.1	PB.164580.1	256	990
PB.23052.1	ENST00000449058.7	256	969
PB.23052.1	PB.15751.3	256	807
PB.23052.1	PB.23052.2	256	883
PB.23052.1	ENST00000447733.5	256	883
PB.164580.2	PB.164580.1	0	2149
PB.164580.2	ENST00000411850.5	256	2163
PB.164580.2	ENST00000449058.7	256	2146
PB.164580.2	PB.23052.2	256	2113
PB.164580.2	ENST00000447733.5	256	2114
PB.164580.2	PB.15751.3	256	2044
PB.45447.2	PB.15751.3	0	1186
PB.45447.2	PB.164580.1	256	1081
PB.45447.2	ENST00000411850.5	256	1081
PB.45447.2	ENST00000449058.7	256	1075
PB.45447.2	ENST00000447733.5	256	1008
PB.45447.2	PB.23052.2	256	1008
PB.30447.1	ENST00000411850.5	0	2090
PB.30447.1	ENST00000447733.5	256	2090
PB.30447.1	PB.23052.2	256	2068
PB.30447.1	ENST00000449058.7	256	2062
PB.30447.1	PB.164580.1	256	2055
PB.30447.1	PB.15751.3	256	2028
PB.75740.1	ENST00000447733.5	0	1209
PB.75740.1	ENST00000411850.5	256	1209
PB.75740.1	ENST00000449058.7	256	1194
PB.75740.1	PB.52969.1	256	1194
PB.75740.1	ENST00000425375.5	256	1194
PB.75740.1	PB.164580.1	256	1191
PB.164581.1	ENST00000216122.9	0	2181
PB.164581.1	PB.157472.2	256	2179
PB.164581.1	PB.130886.1	256	2178
PB.164581.1	PB.164581.4	256	2073
PB.164581.1	PB.3838.1	256	2050
PB.164581.1	PB.8685.2	256	2048
PB.124809.1	ENST00000216122.9	0	2180
PB.124809.1	PB.130886.1	256	2178
PB.124809.1	PB.157472.2	256	2178
PB.124809.1	PB.164581.4	256	2072
PB.124809.1	PB.3838.1	256	2050
PB.124809.1	PB.8685.2	256	2048
PB.88812.1	PB.3838.2	0	2928
PB.164581.2	ENST00000216122.9	0	2316
PB.164581.2	PB.157472.2	256	2314
PB.164581.2	PB.164581.4	256	2208
PB.164581.2	ENST00000382011.9	256	2035
PB.164581.2	PB.3838.2	256	2075
PB.164581.2	PB.130886.1	256	1966
PB.143873.2	ENST00000216122.9	0	2180
PB.143873.2	PB.157472.2	256	2178
PB.143873.2	PB.130886.1	256	2178
PB.143873.2	PB.164581.4	256	2072
PB.143873.2	PB.3838.1	256	2050
PB.143873.2	PB.8685.2	256	2048
PB.150550.1	PB.8685.2	0	1044
PB.150550.1	PB.157472.2	256	2350
PB.150550.1	ENST00000216122.9	256	2350
PB.150550.1	PB.164581.4	256	2244
PB.150550.1	ENST00000382011.9	256	2066
PB.150550.1	PB.130886.1	256	2002
PB.157472.3	ENST00000216122.9	0	2473
PB.157472.3	PB.157472.2	256	2473
PB.157472.3	PB.164581.4	256	2367
PB.157472.3	ENST00000382011.9	256	2189
PB.157472.3	PB.3838.2	256	2234
PB.157472.3	PB.130886.1	256	2125
PB.164581.3	PB.157472.2	0	2402
PB.164581.3	ENST00000216122.9	256	2402
PB.164581.3	PB.164581.4	256	2296
PB.164581.3	ENST00000382011.9	256	2118
PB.164581.3	PB.3838.2	256	2271
PB.164581.3	PB.130886.1	256	2054
PB.111622.1	PB.45448.1	0	403
PB.111622.1	PB.164581.4	256	403
PB.111622.1	PB.68269.1	256	403
PB.111622.1	PB.96152.1	256	403
PB.111622.1	PB.3838.2	256	403
PB.111622.1	PB.60660.1	256	403
PB.143874.1	ENST00000216127.5	0	2778
PB.83174.2	PB.83174.1	0	901
PB.83174.2	ENST00000397326.7	256	901
PB.83174.2	ENST00000397328.5	256	901
PB.83174.2	ENST00000401702.5	256	901
PB.83174.2	ENST00000359787.5	256	901
PB.143875.1	PB.130888.1	0	2841
PB.143875.1	ENST00000409652.5	256	2798
PB.8687.2	ENST00000438146.7	0	4250
PB.8687.2	ENST00000405409.6	256	4250
PB.52972.1	ENST00000438146.7	0	1714
PB.52972.1	ENST00000449924.6	256	1413
PB.52972.1	PB.137362.1	256	1371
PB.68270.6	ENST00000405409.6	0	1363
PB.68270.6	PB.137362.1	256	1309
PB.68270.6	ENST00000449924.6	256	1279
PB.68270.6	PB.60662.1	256	1279
PB.68270.6	ENST00000262829.11	256	1175
PB.68270.6	ENST00000416721.6	256	1148
PB.75743.2	ENST00000438146.7	0	1114
PB.75743.2	ENST00000414461.6	256	1165
PB.75743.2	ENST00000405409.6	256	1138
PB.75743.2	PB.60662.1	256	1099
PB.75743.2	ENST00000449924.6	256	1099
PB.75743.2	PB.137362.1	256	1057
PB.68270.2	PB.137362.1	0	1374
PB.68270.2	PB.60662.1	256	1344
PB.68270.2	ENST00000449924.6	256	1321
PB.68270.2	ENST00000405409.6	256	1282
PB.68270.2	ENST00000262829.11	256	1217
PB.68270.2	ENST00000359369.8	256	1133
PB.75743.1	PB.137362.1	0	1205
PB.75743.1	ENST00000397303.6	256	1192
PB.75743.1	ENST00000449924.6	256	1175
PB.75743.1	PB.60662.1	256	1175
PB.75743.1	ENST00000438146.7	256	1163
PB.75743.1	ENST00000405409.6	256	1087
PB.68270.5	PB.137362.1	0	1241
PB.68270.5	PB.60662.1	256	1238
PB.68270.5	ENST00000405409.6	256	1165
PB.68270.5	ENST00000449924.6	256	1178
PB.68270.5	ENST00000416721.6	256	1042
PB.68270.5	ENST00000262829.11	256	1115
PB.68270.3	ENST00000449924.6	0	1217
PB.68270.3	PB.60662.1	256	1217
PB.68270.3	ENST00000438146.7	256	1205
PB.68270.3	PB.137362.1	256	1175
PB.68270.3	ENST00000397303.6	256	1162
PB.68270.3	ENST00000359369.8	256	1117
PB.68270.1	ENST00000438146.7	0	1372
PB.68270.1	ENST00000359369.8	256	1117
PB.68270.1	ENST00000405409.6	256	1155
PB.68270.1	ENST00000414461.6	256	1137
PB.60662.3	ENST00000438146.7	0	1495
PB.52972.3	ENST00000438146.7	0	646
PB.15756.2	PB.15756.1	0	2182
PB.15756.2	PB.30448.1	256	1954
PB.15756.2	ENST00000397293.6	256	1953
PB.15756.2	PB.23054.1	256	1953
PB.15756.2	ENST00000349314.6	256	1856
PB.15756.2	PB.37900.1	256	1856
PB.23054.2	PB.30448.1	0	1954
PB.23054.2	PB.15756.1	256	1954
PB.23054.2	PB.23054.1	256	1953
PB.23054.2	ENST00000397293.6	256	1953
PB.23054.2	ENST00000361710.6	256	1856
PB.23054.2	ENST00000349314.6	256	1856
PB.37900.2	ENST00000397293.6	0	1858
PB.37900.2	PB.15756.1	256	1858
PB.37900.2	PB.30448.1	256	1858
PB.37900.2	PB.23054.1	256	1858
PB.37900.2	ENST00000397287.6	256	1856
PB.37900.2	ENST00000349314.6	256	1856
PB.157473.2	ENST00000249066.10	0	2422
PB.157473.2	ENST00000358502.10	256	2385
PB.157473.2	PB.45451.1	256	2006
PB.150553.1	ENST00000249066.10	0	1929
PB.150553.1	ENST00000358502.10	256	1929
PB.150553.1	PB.124811.1	256	1929
PB.150553.1	PB.45451.1	256	1929
PB.150553.1	PB.52973.1	256	1685
PB.23056.2	PB.124811.1	0	1928
PB.23056.2	ENST00000249066.10	256	1927
PB.23056.2	ENST00000358502.10	256	1927
PB.23056.2	PB.45451.1	256	1927
PB.23056.2	PB.52973.1	256	1683
PB.164585.1	PB.143876.1	0	1838
PB.164585.1	ENST00000422706.5	256	1802
PB.164585.1	ENST00000397278.8	256	1805
PB.164585.1	ENST00000426053.5	256	1733
PB.164585.1	PB.143876.2	256	1740
PB.164585.1	ENST00000319136.8	256	1716
PB.23057.1	PB.143876.1	0	1402
PB.23057.1	ENST00000422706.5	256	1360
PB.23057.1	ENST00000397278.8	256	1370
PB.23057.1	ENST00000426053.5	256	1291
PB.23057.1	PB.143876.2	256	1304
PB.23057.1	ENST00000319136.8	256	1280
PB.30450.1	PB.143876.1	0	1180
PB.30450.1	ENST00000422706.5	256	1125
PB.30450.1	ENST00000397278.8	256	1147
PB.30450.1	PB.143876.2	256	1082
PB.30450.1	ENST00000426053.5	256	1056
PB.30450.1	ENST00000319136.8	256	1058
PB.23057.3	ENST00000422706.5	0	1441
PB.23057.3	PB.143876.2	256	1408
PB.23057.3	PB.143876.1	256	1336
PB.23057.3	ENST00000397278.8	256	1305
PB.23057.3	ENST00000426053.5	256	1203
PB.23057.3	ENST00000319136.8	256	1280
PB.15757.1	PB.143876.1	0	1172
PB.15757.1	ENST00000397278.8	256	1155
PB.15757.1	ENST00000422706.5	256	1107
PB.15757.1	PB.143876.2	256	1090
PB.15757.1	ENST00000426053.5	256	1077
PB.15757.1	ENST00000319136.8	256	1075
PB.30450.2	PB.143876.1	0	1208
PB.30450.2	ENST00000397278.8	256	1205
PB.30450.2	ENST00000422706.5	256	1150
PB.30450.2	PB.143876.2	256	1138
PB.30450.2	ENST00000426053.5	256	1081
PB.30450.2	ENST00000319136.8	256	1114
PB.30450.3	ENST00000426053.5	0	1319
PB.30450.3	PB.143876.1	256	1239
PB.30450.3	ENST00000397278.8	256	1237
PB.30450.3	ENST00000422706.5	256	1174
PB.30450.3	PB.143876.2	256	1172
PB.30450.3	ENST00000319136.8	256	1148
PB.37902.1	PB.143876.2	0	1966
PB.37902.1	ENST00000319136.8	256	1966
PB.37902.1	PB.143876.1	256	1966
PB.37902.1	ENST00000397278.8	256	1966
PB.37902.1	ENST00000426053.5	256	1966
PB.37902.1	ENST00000422706.5	256	1966
PB.23058.1	ENST00000216181.11	0	1977
PB.23058.1	PB.3841.13	256	1976
PB.23058.1	PB.164586.2	256	1619
PB.23058.1	PB.124812.3	256	1615
PB.23058.1	PB.23058.4	256	1614
PB.23058.1	PB.130890.6	256	1614
PB.3841.11	ENST00000216181.11	0	6783
PB.3841.11	PB.3841.13	256	6782
PB.3841.12	ENST00000216181.11	0	4881
PB.3841.12	PB.3841.13	256	4880
PB.3841.12	PB.8688.6	256	4516
PB.3841.12	PB.88814.4	256	4057
PB.3841.12	PB.88814.5	256	3917
PB.3841.21	PB.3841.13	0	4393
PB.3841.21	ENST00000216181.11	256	4393
PB.3841.15	ENST00000216181.11	0	7338
PB.3841.15	PB.3841.13	256	7338
PB.3841.16	ENST00000216181.11	0	6877
PB.3841.16	PB.3841.13	256	6877
PB.3841.14	PB.3841.13	0	7416
PB.3841.14	ENST00000216181.11	256	7377
PB.130890.4	PB.3841.13	0	2873
PB.130890.4	ENST00000216181.11	256	2873
PB.130890.4	PB.8688.6	256	2682
PB.130890.4	PB.88814.4	256	2682
PB.130890.4	PB.88814.5	256	2682
PB.130890.4	PB.124812.3	256	2682
PB.3841.24	ENST00000216181.11	0	5804
PB.3841.24	PB.3841.13	256	5804
PB.3841.24	PB.8688.6	256	4749
PB.130890.7	PB.3841.13	0	-311
PB.130890.7	ENST00000216181.11	256	-311
PB.60665.1	PB.45454.1	0	1025
PB.68273.2	ENST00000216185.7	0	1194
PB.68273.2	PB.45454.1	256	1132
PB.68273.2	ENST00000416967.1	256	1073
PB.103757.1	ENST00000216185.7	0	463
PB.103757.1	PB.45454.1	256	391
PB.103757.1	ENST00000416967.1	256	341
PB.96156.1	ENST00000216185.7	0	585
PB.96156.1	PB.45454.1	256	511
PB.96156.1	ENST00000416967.1	256	461
PB.75746.2	ENST00000416967.1	0	1174
PB.75746.2	ENST00000216185.7	256	1172
PB.75746.2	PB.45454.1	256	1172
PB.83180.2	ENST00000216185.7	0	1064
PB.83180.2	PB.45454.1	256	1064
PB.83180.2	ENST00000416967.1	256	1064
PB.96156.3	ENST00000416967.1	0	530
PB.96156.3	PB.45454.1	256	461
PB.96156.3	ENST00000216185.7	256	461
PB.96156.5	PB.83180.3	0	691
PB.96156.5	ENST00000216185.7	256	691
PB.96156.5	PB.45454.1	256	639
PB.96156.5	PB.83180.4	256	639
PB.96156.5	ENST00000416967.1	256	589
PB.60665.2	PB.45454.1	0	1153
PB.52975.3	PB.45454.1	0	782
PB.8689.1	ENST00000397224.9	0	3672
PB.8689.1	ENST00000216187.10	256	3408
PB.8689.1	PB.8689.3	256	3408
PB.8689.2	ENST00000397224.9	0	2836
PB.8689.2	PB.8689.3	256	3597
PB.8689.2	ENST00000216187.10	256	3191
PB.8689.2	PB.137366.1	256	3042
PB.8689.2	PB.137366.2	256	3032
PB.88815.1	ENST00000397224.9	0	2890
PB.88815.1	ENST00000216187.10	256	3310
PB.88815.1	PB.8689.3	256	3203
PB.88815.1	PB.137366.1	256	3187
PB.88815.1	PB.137366.2	256	3032
PB.88815.2	ENST00000397224.9	0	2836
PB.88815.2	ENST00000216187.10	256	3298
PB.88815.2	PB.137366.1	256	3191
PB.88815.2	PB.8689.3	256	3191
PB.88815.2	PB.137366.2	256	3032
PB.88815.3	ENST00000397224.9	0	2866
PB.88815.3	PB.8689.3	256	3189
PB.88815.3	ENST00000216187.10	256	3189
PB.88815.3	PB.137366.2	256	3093
PB.88815.3	PB.137366.1	256	3040
PB.164587.1	ENST00000397224.9	0	1314
PB.124813.1	ENST00000216187.10	0	3389
PB.124813.1	PB.8689.3	256	3282
PB.124813.1	ENST00000397224.9	256	3280
PB.124813.1	PB.137366.1	256	3197
PB.124813.1	PB.137366.2	256	3032
PB.124813.2	ENST00000397224.9	0	3271
PB.124813.2	PB.8689.3	256	3241
PB.124813.2	ENST00000216187.10	256	3241
PB.137366.3	PB.8689.3	0	2867
PB.137366.3	PB.137366.1	256	2464
PB.137366.3	ENST00000216187.10	256	2464
PB.137366.3	ENST00000397224.9	256	2462
PB.137366.3	PB.137366.2	256	2462
PB.143879.2	PB.137366.1	0	2581
PB.143879.2	ENST00000216187.10	256	2563
PB.143879.2	PB.8689.3	256	2456
PB.143879.2	PB.137366.2	256	2454
PB.143879.2	ENST00000397224.9	256	2454
PB.15760.1	PB.8689.3	0	1286
PB.124813.4	PB.8689.3	0	937
PB.52976.2	PB.37907.1	0	1535
PB.52976.2	PB.30454.1	256	1505
PB.52976.2	ENST00000216190.13	256	1505
PB.52976.2	PB.37907.2	256	1418
PB.52976.2	PB.164588.1	256	987
PB.52976.2	ENST00000405442.5	256	1415
PB.37907.3	ENST00000216190.13	0	1790
PB.37907.3	PB.37907.1	256	1790
PB.37907.3	PB.37907.2	256	1702
PB.37907.3	PB.52976.4	256	1747
PB.37907.3	ENST00000405442.5	256	1747
PB.37907.3	PB.30454.1	256	1644
PB.30454.2	ENST00000216190.13	0	1791
PB.30454.2	PB.37907.1	256	1791
PB.30454.2	PB.37907.2	256	1703
PB.30454.2	PB.52976.4	256	1747
PB.30454.2	ENST00000405442.5	256	1746
PB.30454.2	PB.30454.1	256	1645
PB.45456.2	PB.37907.1	0	1557
PB.45456.2	ENST00000216190.13	256	1556
PB.45456.2	PB.37907.2	256	1469
PB.45456.2	PB.164588.1	256	1037
PB.45456.2	PB.30454.1	256	1410
PB.45456.2	PB.52976.3	256	1563
PB.45456.1	PB.37907.1	0	1668
PB.45456.1	ENST00000216190.13	256	1646
PB.45456.1	PB.37907.2	256	1559
PB.45456.1	PB.164588.1	256	1128
PB.45456.1	PB.30454.1	256	1500
PB.45456.1	PB.52976.3	256	1410
PB.30454.3	ENST00000405442.5	0	1776
PB.30454.3	ENST00000216190.13	256	1788
PB.30454.3	PB.37907.1	256	1788
PB.30454.3	PB.37907.2	256	1700
PB.30454.3	PB.52976.4	256	1746
PB.30454.3	PB.30454.1	256	1643
PB.83182.1	PB.37907.1	0	266
PB.83182.1	PB.124814.1	256	256
PB.83182.1	PB.52976.3	256	250
PB.83182.1	PB.130892.1	256	247
PB.83182.1	PB.164588.1	256	228
PB.83182.1	PB.37907.2	256	227
PB.88816.1		4	0
PB.96158.1	PB.83183.1	0	824
PB.96158.1	ENST00000433985.7	256	822
PB.96158.1	ENST00000340630.9	256	809
PB.96158.1	PB.3843.1	256	766
PB.96158.1	PB.23060.1	256	589
PB.75748.1	ENST00000340630.9	0	935
PB.75748.1	PB.83183.1	256	931
PB.75748.1	ENST00000433985.7	256	929
PB.75748.1	PB.23060.1	256	455
PB.103761.1	ENST00000216200.9	0	545
PB.103761.1	ENST00000417718.7	256	530
PB.68275.2	ENST00000248899.11	0	1182
PB.68275.2	PB.68275.1	256	1182
PB.68275.2	ENST00000650698.1	256	1180
PB.68275.2	ENST00000650827.1	256	1176
PB.68275.2	PB.52978.1	256	907
PB.68275.2	ENST00000397147.7	256	907
PB.52978.2	ENST00000397147.7	0	1418
PB.52978.2	PB.52978.1	256	1418
PB.52978.2	PB.88817.1	256	1180
PB.3844.2	PB.3844.1	0	4819
PB.3844.2	ENST00000403662.8	256	4811
PB.3844.2	ENST00000262825.9	256	3264
PB.8690.1	PB.3844.1	0	4670
PB.8690.1	ENST00000403662.8	256	4670
PB.8690.1	ENST00000262825.9	256	3132
PB.75750.3	ENST00000403892.7	0	1078
PB.75750.3	ENST00000622841.1	256	1077
PB.75750.3	ENST00000249042.8	256	1076
PB.75750.3	PB.75750.1	256	1076
PB.68276.1	ENST00000401419.7	0	1177
PB.68276.1	ENST00000341116.7	256	1102
PB.68276.1	ENST00000397225.2	256	1102
PB.68276.1	ENST00000429360.6	256	1097
PB.68276.1	ENST00000404802.7	256	1077
PB.68276.1	ENST00000404393.5	256	1079
PB.75751.1	ENST00000404393.5	0	1203
PB.75751.1	ENST00000397225.2	256	1124
PB.75751.1	ENST00000341116.7	256	1123
PB.75751.1	ENST00000401419.7	256	1120
PB.75751.1	ENST00000429360.6	256	1118
PB.75751.1	ENST00000404802.7	256	1098
PB.103763.1	PB.96160.1	0	598
PB.103763.1	ENST00000397225.2	256	598
PB.103763.1	ENST00000429360.6	256	598
PB.103763.1	ENST00000341116.7	256	598
PB.103763.1	ENST00000401419.7	256	587
PB.103763.1	ENST00000404393.5	256	582
PB.83184.1	ENST00000397225.2	0	1135
PB.83184.1	ENST00000341116.7	256	1133
PB.83184.1	ENST00000429360.6	256	1129
PB.83184.1	ENST00000401419.7	256	1115
PB.83184.1	ENST00000404802.7	256	1108
PB.83184.1	ENST00000404393.5	256	958
PB.68276.4	ENST00000429360.6	0	1066
PB.68276.4	ENST00000397225.2	256	1001
PB.68276.4	ENST00000341116.7	256	1001
PB.68276.4	ENST00000401419.7	256	990
PB.68276.4	ENST00000404802.7	256	983
PB.68276.4	ENST00000404393.5	256	984
PB.68276.5	ENST00000429360.6	0	1157
PB.68276.5	ENST00000397225.2	256	1100
PB.68276.5	ENST00000341116.7	256	1100
PB.68276.5	ENST00000401419.7	256	1083
PB.68276.5	ENST00000404802.7	256	1076
PB.68276.5	ENST00000404393.5	256	1077
PB.15761.1	PB.130894.1	0	1382
PB.15761.1	PB.143880.1	256	793
PB.60667.1	PB.52979.1	0	1472
PB.60667.1	ENST00000403888.7	256	1391
PB.60667.1	ENST00000402077.7	256	1463
PB.60667.1	ENST00000610767.4	256	1384
PB.60667.1	PB.60667.3	256	1378
PB.60667.1	PB.60667.2	256	1270
PB.30456.1	PB.130894.1	0	989
PB.30456.1	PB.143880.1	256	970
PB.30456.1	ENST00000403888.7	256	1365
PB.30456.1	ENST00000402077.7	256	1221
PB.30456.1	PB.52979.1	256	1221
PB.23061.1	PB.137368.1	0	2168
PB.23061.1	ENST00000676104.1	256	2168
PB.23061.1	ENST00000346753.9	256	2168
PB.23061.1	ENST00000406725.6	256	2168
PB.23061.1	ENST00000381792.6	256	2076
PB.23061.1	ENST00000406856.7	256	2076
PB.150558.2	PB.150558.1	0	2569
PB.150558.2	PB.124816.1	256	2569
PB.150558.2	PB.137369.1	256	2569
PB.150558.2	ENST00000337843.7	256	2569
PB.150558.2	PB.3845.1	256	2564
PB.130896.1	ENST00000337843.7	0	2804
PB.130896.1	PB.137369.1	256	2804
PB.130896.1	PB.124816.1	256	2804
PB.130896.1	PB.150558.1	256	2725
PB.130896.1	PB.3845.1	256	2564
PB.137369.2	PB.124816.1	0	2804
PB.137369.2	PB.137369.1	256	2804
PB.137369.2	ENST00000337843.7	256	2804
PB.137369.2	PB.150558.1	256	2725
PB.137369.2	PB.3845.1	256	2564
PB.75752.1	ENST00000249071.11	0	1255
PB.75752.1	PB.75752.2	256	1178
PB.75752.1	PB.150560.1	256	1062
PB.75752.1	PB.83185.1	256	1062
PB.75752.1	PB.15763.1	256	1060
PB.52981.1	PB.75752.2	0	1242
PB.52981.1	ENST00000249071.11	256	1242
PB.52981.1	PB.15763.1	256	1123
PB.52981.1	PB.150560.1	256	1063
PB.157476.1	PB.137370.1	0	332
PB.157476.1	ENST00000402997.5	256	330
PB.157476.1	ENST00000405206.3	256	318
PB.157476.1	ENST00000248901.11	256	297
PB.8693.1	PB.68278.2	0	1106
PB.8693.1	ENST00000356998.8	256	1086
PB.8693.1	PB.37910.2	256	1081
PB.8693.1	PB.30457.1	256	992
PB.8693.1	ENST00000416983.7	256	992
PB.68278.1	PB.68278.2	0	1243
PB.68278.1	ENST00000356998.8	256	1106
PB.68278.1	PB.37910.2	256	1101
PB.68278.1	PB.30457.1	256	985
PB.68278.1	ENST00000416983.7	256	977
PB.30457.2	ENST00000356998.8	0	1875
PB.30457.2	PB.37910.2	256	1870
PB.30457.2	PB.30457.1	256	1768
PB.30457.2	ENST00000416983.7	256	1746
PB.37910.1	ENST00000356998.8	0	1715
PB.37910.1	PB.37910.2	256	1710
PB.37910.1	PB.30457.1	256	1608
PB.37910.1	ENST00000416983.7	256	1586
PB.45460.1	ENST00000356998.8	0	1608
PB.45460.1	PB.37910.2	256	1608
PB.45460.1	PB.30457.1	256	1560
PB.45460.1	ENST00000416983.7	256	1559
PB.15764.1	ENST00000356998.8	0	1818
PB.15764.1	PB.37910.2	256	1815
PB.15764.1	PB.30457.1	256	1694
PB.15764.1	ENST00000416983.7	256	1686
PB.8694.1	ENST00000403299.5	0	3741
PB.8694.1	PB.88819.2	256	3740
PB.8694.1	ENST00000251973.10	256	3702
PB.124817.1	PB.88819.2	0	3197
PB.124817.1	ENST00000403299.5	256	3197
PB.124817.1	ENST00000251973.10	256	3197
PB.124817.1	ENST00000406271.7	256	2986
PB.124817.1	PB.157477.1	256	2574
PB.130897.1	PB.88819.2	0	3459
PB.130897.1	ENST00000251973.10	256	3459
PB.130897.1	ENST00000403299.5	256	3459
PB.130897.1	ENST00000406271.7	256	2986
PB.137371.1	ENST00000251973.10	0	2988
PB.137371.1	PB.88819.2	256	2988
PB.137371.1	ENST00000403299.5	256	2988
PB.137371.1	ENST00000406271.7	256	2986
PB.137371.1	PB.157477.1	256	2573
PB.137371.3	ENST00000251973.10	0	3128
PB.137371.3	PB.88819.2	256	3128
PB.137371.3	ENST00000403299.5	256	3128
PB.137371.3	ENST00000406271.7	256	2985
PB.137371.3	PB.157477.1	256	2572
PB.124817.2	ENST00000403299.5	0	3592
PB.124817.2	ENST00000251973.10	256	3592
PB.124817.2	PB.88819.2	256	3592
PB.124817.2	ENST00000406271.7	256	2985
PB.52983.1	PB.23065.1	0	1387
PB.52983.1	ENST00000249014.5	256	1387
PB.52983.1	PB.37912.3	256	1387
PB.52983.1	PB.124818.1	256	1295
PB.37912.1	ENST00000249014.5	0	1625
PB.37912.1	PB.23065.1	256	1621
PB.37912.1	PB.124818.1	256	328
PB.37912.1	PB.37912.3	256	1359
PB.37912.2	ENST00000249014.5	0	1506
PB.37912.2	PB.23065.1	256	1502
PB.37912.2	PB.124818.1	256	208
PB.37912.2	PB.37912.3	256	1240
PB.45462.1	ENST00000249014.5	0	1344
PB.45462.1	PB.23065.1	256	1340
PB.45462.1	PB.124818.1	256	37
PB.45462.1	PB.37912.3	256	1078
PB.15766.2	ENST00000249014.5	0	2037
PB.15766.2	PB.23065.1	256	2037
PB.15766.2	PB.124818.1	256	716
PB.15766.2	PB.37912.3	256	1877
PB.30458.1	ENST00000249014.5	0	2024
PB.30458.1	PB.23065.1	256	2024
PB.30458.1	PB.124818.1	256	699
PB.30458.1	PB.37912.3	256	1758
PB.52983.2	ENST00000249014.5	0	1354
PB.52983.2	PB.23065.1	256	1354
PB.52983.2	PB.124818.1	256	33
PB.52983.2	PB.37912.3	256	1238
PB.150561.1	ENST00000343632.9	0	2468
PB.150561.1	PB.143883.7	256	2464
PB.150561.1	PB.143883.3	256	2354
PB.150561.1	ENST00000406772.5	256	2397
PB.150561.1	PB.150561.4	256	2361
PB.150561.1	PB.157478.1	256	2402
PB.143883.2	ENST00000343632.9	0	2651
PB.143883.2	PB.143883.7	256	2649
PB.143883.2	PB.143883.3	256	2540
PB.143883.2	ENST00000406772.5	256	2581
PB.143883.2	PB.150561.4	256	2544
PB.143883.2	PB.157478.3	256	2421
PB.130898.1	ENST00000343632.9	0	2233
PB.130898.1	PB.143883.7	256	2231
PB.130898.1	PB.143883.3	256	2121
PB.130898.1	ENST00000406772.5	256	2163
PB.130898.1	PB.150561.4	256	2126
PB.130898.1	PB.157478.3	256	2003
PB.143883.4	PB.157478.1	0	2233
PB.143883.4	ENST00000325180.12	256	2224
PB.143883.4	ENST00000343632.9	256	1948
PB.143883.4	PB.143883.7	256	1945
PB.143883.4	PB.143883.3	256	1835
PB.143883.4	ENST00000406772.5	256	1878
PB.143883.5	ENST00000343632.9	0	2665
PB.143883.5	PB.143883.7	256	2663
PB.143883.5	PB.143883.3	256	2552
PB.143883.5	ENST00000406772.5	256	2596
PB.143883.5	PB.150561.4	256	2559
PB.143883.5	PB.157478.3	256	2436
PB.60670.1	PB.8695.1	0	1441
PB.60670.1	PB.52985.1	256	1441
PB.60670.1	PB.157478.3	256	1441
PB.60670.1	ENST00000325180.12	256	1441
PB.60670.1	PB.37913.1	256	1441
PB.60670.1	PB.143883.3	256	1438
PB.143883.8	ENST00000406772.5	0	2800
PB.143883.8	ENST00000343632.9	256	2727
PB.143883.8	PB.143883.7	256	2727
PB.143883.8	PB.143883.3	256	2616
PB.143883.8	PB.150561.4	256	2690
PB.143883.8	PB.157478.3	256	2567
PB.137372.3	ENST00000406772.5	0	2861
PB.137372.3	ENST00000343632.9	256	2730
PB.137372.3	PB.143883.7	256	2728
PB.137372.3	PB.143883.3	256	2616
PB.137372.3	PB.150561.4	256	2693
PB.137372.3	PB.157478.3	256	2569
PB.68280.2	PB.8695.1	0	1287
PB.52984.1	PB.8695.1	0	1286
PB.52984.1	ENST00000406772.5	2048	317
PB.130898.3	ENST00000406772.5	0	3168
PB.130898.3	ENST00000343632.9	256	2724
PB.130898.3	PB.143883.7	256	2724
PB.130898.3	PB.143883.3	256	2614
PB.130898.3	PB.150561.4	256	2687
PB.130898.3	PB.157478.3	256	2564
PB.143883.9	ENST00000343632.9	0	2731
PB.143883.9	ENST00000406772.5	256	2729
PB.143883.9	PB.143883.7	256	2729
PB.143883.9	PB.143883.3	256	2617
PB.143883.9	PB.150561.4	256	2693
PB.143883.9	PB.157478.3	256	2569
PB.157478.2	ENST00000325180.12	0	2470
PB.157478.2	PB.157478.1	256	2467
PB.157478.2	ENST00000343632.9	256	2183
PB.157478.2	ENST00000406772.5	256	2181
PB.157478.2	PB.143883.7	256	2181
PB.157478.2	PB.143883.3	256	2069
PB.150561.2	ENST00000343632.9	0	2399
PB.150561.2	ENST00000406772.5	256	2397
PB.150561.2	PB.143883.7	256	2397
PB.150561.2	PB.143883.3	256	2285
PB.150561.2	PB.150561.4	256	2361
PB.150561.2	PB.157478.1	256	2333
PB.150561.3	ENST00000406772.5	0	2624
PB.150561.3	ENST00000343632.9	256	2623
PB.150561.3	PB.143883.7	256	2622
PB.150561.3	PB.143883.3	256	2510
PB.150561.3	PB.150561.4	256	2586
PB.150561.3	PB.157478.3	256	2463
PB.143883.10	ENST00000406772.5	0	2884
PB.143883.10	PB.143883.7	256	2725
PB.143883.10	ENST00000343632.9	256	2725
PB.143883.10	PB.143883.3	256	2615
PB.143883.10	PB.150561.4	256	2688
PB.143883.10	PB.157478.3	256	2565
PB.143883.11	ENST00000406772.5	0	2688
PB.143883.11	ENST00000343632.9	256	2688
PB.143883.11	PB.143883.7	256	2686
PB.143883.11	PB.143883.3	256	2574
PB.143883.11	PB.150561.4	256	2651
PB.143883.11	PB.157478.3	256	2527
PB.157478.4	ENST00000343632.9	0	2471
PB.157478.4	PB.157478.3	256	2471
PB.157478.4	ENST00000406772.5	256	2471
PB.157478.4	PB.150561.4	256	2471
PB.157478.4	PB.143883.7	256	2470
PB.157478.4	PB.143883.3	256	2358
PB.23066.1	PB.143883.7	0	2163
PB.23066.1	PB.157478.3	256	2163
PB.23066.1	ENST00000406772.5	256	2163
PB.23066.1	ENST00000343632.9	256	2163
PB.23066.1	PB.15767.2	256	2163
PB.23066.1	PB.150561.4	256	2163
PB.30460.2	PB.30460.1	0	1939
PB.30460.2	ENST00000343632.9	256	1939
PB.30460.2	PB.143883.7	256	1939
PB.30460.2	PB.15767.2	256	1939
PB.30460.2	PB.157478.3	256	1939
PB.30460.2	PB.143883.3	256	1939
PB.37914.1	PB.157479.1	0	1863
PB.37914.1	ENST00000649765.2	256	1812
PB.37914.1	PB.157479.2	256	1716
PB.37914.1	PB.164590.1	256	1635
PB.157479.3	ENST00000649765.2	0	2502
PB.157479.3	PB.157479.1	256	2502
PB.157479.3	PB.157479.2	256	2389
PB.157479.3	PB.164590.1	256	2331
PB.37914.2	PB.157479.1	0	1838
PB.37914.2	ENST00000649765.2	256	1838
PB.37914.2	PB.157479.2	256	1726
PB.37914.2	PB.164590.1	256	1682
PB.118958.1	ENST00000215909.10	0	287
PB.118958.1	PB.103767.2	256	287
PB.60672.1	ENST00000359114.9	0	1385
PB.60672.1	PB.130900.1	256	958
PB.60672.1	PB.83189.1	256	1144
PB.103768.1	PB.83189.2	0	490
PB.103768.1	ENST00000611699.1	256	490
PB.83189.3	PB.83189.2	0	774
PB.83189.3	ENST00000611699.1	256	771
PB.83189.3	PB.83189.1	256	760
PB.83189.3	ENST00000359114.9	256	760
PB.83189.3	PB.130900.1	256	509
PB.23067.1	PB.157480.3	0	2065
PB.23067.1	ENST00000644935.1	256	2065
PB.23067.1	PB.157480.2	256	2062
PB.23067.1	PB.124820.1	256	1019
PB.23067.1	ENST00000403663.6	256	1696
PB.45464.1	PB.157480.3	0	1715
PB.45464.1	ENST00000644935.1	256	1715
PB.45464.1	PB.157480.2	256	1714
PB.45464.1	PB.124820.1	256	671
PB.157480.1	PB.157480.2	0	2413
PB.157480.1	PB.124820.1	256	1332
PB.157480.1	ENST00000644935.1	256	2344
PB.157480.1	PB.157480.3	256	2343
PB.157480.1	ENST00000403663.6	256	2009
PB.143885.1	ENST00000407319.7	0	1849
PB.130901.1	PB.124820.1	0	3011
PB.143885.2	ENST00000407319.7	0	935
PB.15768.3	PB.124820.1	0	2225
PB.52989.2	ENST00000248924.11	0	1260
PB.52989.2	PB.60675.3	256	1258
PB.52989.2	PB.60675.2	256	1210
PB.52989.2	PB.52989.1	256	1115
PB.52989.2	PB.52989.3	256	1164
PB.52989.2	PB.60675.1	256	1108
PB.15770.1	PB.60675.2	0	225
PB.15770.1	PB.52989.3	256	225
PB.15770.1	ENST00000248924.11	256	225
PB.15770.1	PB.60675.3	256	225
PB.15770.1	PB.52989.1	256	225
PB.15770.1	ENST00000323205.10	256	225
PB.75757.1	PB.60675.3	0	1171
PB.75757.1	ENST00000248924.11	256	1171
PB.75757.1	PB.60675.2	256	1103
PB.75757.1	PB.52989.1	256	1008
PB.75757.1	PB.60675.1	256	1001
PB.75757.1	PB.52989.3	256	1113
PB.68285.1	PB.52989.1	0	1251
PB.68285.1	ENST00000248924.11	256	951
PB.68285.1	PB.60675.3	256	951
PB.68285.1	PB.60675.2	256	883
PB.68285.1	PB.52989.3	256	922
PB.45466.1	ENST00000215941.9	0	1664
PB.45466.1	PB.23069.2	256	1563
PB.45466.1	PB.60676.1	256	1535
PB.37920.1	ENST00000215941.9	0	1924
PB.37920.1	PB.23069.2	256	1823
PB.30463.1	ENST00000215941.9	0	1830
PB.30463.1	PB.23069.2	256	1728
PB.164592.1	ENST00000215941.9	0	1664
PB.164592.1	PB.23069.2	256	1563
PB.164592.1	PB.60676.1	256	1535
PB.15771.1	PB.23069.2	0	2070
PB.15771.1	ENST00000215941.9	256	1898
PB.30463.2	ENST00000215941.9	0	1862
PB.30463.2	PB.23069.2	256	1754
PB.30464.2	ENST00000412331.6	0	1826
PB.30464.2	ENST00000624234.3	256	1826
PB.30464.2	PB.37921.1	256	1824
PB.30464.2	ENST00000652021.1	256	1815
PB.30464.2	PB.45467.1	256	1631
PB.30464.2	PB.45467.4	256	1628
PB.23070.1	ENST00000624234.3	0	1663
PB.23070.1	ENST00000412331.6	256	1663
PB.23070.1	PB.37921.1	256	1663
PB.23070.1	ENST00000652021.1	256	1661
PB.23070.1	PB.45467.1	256	1477
PB.23070.1	PB.45467.4	256	1474
PB.45467.2	PB.37921.1	0	1640
PB.45467.2	ENST00000412331.6	256	1640
PB.45467.2	ENST00000624234.3	256	1640
PB.45467.2	ENST00000652021.1	256	1638
PB.45467.2	PB.45467.1	256	1454
PB.45467.2	PB.45467.4	256	1451
PB.45467.3	ENST00000412331.6	0	1602
PB.45467.3	ENST00000624234.3	256	1602
PB.45467.3	PB.37921.1	256	1602
PB.45467.3	ENST00000652021.1	256	1600
PB.45467.3	PB.45467.1	256	1416
PB.45467.3	PB.45467.4	256	1413
PB.30464.3	ENST00000412331.6	0	1742
PB.30464.3	ENST00000624234.3	256	1742
PB.30464.3	PB.37921.1	256	1742
PB.30464.3	ENST00000652021.1	256	1742
PB.30464.3	PB.45467.1	256	1556
PB.30464.3	PB.45467.4	256	1606
PB.68286.1	ENST00000652021.1	0	1216
PB.68286.1	ENST00000412331.6	256	1216
PB.68286.1	ENST00000624234.3	256	1216
PB.68286.1	PB.37921.1	256	1216
PB.68286.1	PB.45467.4	256	1216
PB.68286.1	PB.45467.1	256	1030
PB.150565.2		4	0
PB.83194.1	PB.52991.1	0	1049
PB.83194.1	PB.37922.1	256	1049
PB.83194.1	PB.150566.1	256	1049
PB.83194.1	ENST00000215957.10	256	1049
PB.83194.1	PB.88820.1	256	1048
PB.83194.1	PB.88820.2	256	1040
PB.111638.1	ENST00000442738.7	0	439
PB.111638.1	PB.103772.1	256	365
PB.111638.1	ENST00000470701.1	256	332
PB.111638.1	PB.111638.2	256	356
PB.150567.1	ENST00000360880.6	0	2607
PB.150567.1	PB.150567.3	256	2595
PB.150567.1	ENST00000396884.8	256	2595
PB.150567.1	PB.164593.1	256	2441
PB.30467.1	PB.164593.1	0	2041
PB.30467.1	ENST00000360880.6	256	2038
PB.30467.1	PB.37923.1	256	2031
PB.30467.1	ENST00000396884.8	256	2026
PB.30467.1	PB.150567.3	256	2026
PB.150567.2	ENST00000360880.6	0	2605
PB.150567.2	ENST00000396884.8	256	2593
PB.150567.2	PB.150567.3	256	2593
PB.150567.2	PB.164593.1	256	2439
PB.150567.2	PB.37923.1	256	2100
PB.68287.1	PB.164593.1	0	1430
PB.68287.1	ENST00000360880.6	256	1427
PB.68287.1	PB.37923.1	256	1420
PB.68287.1	PB.150567.3	256	1415
PB.68287.1	ENST00000396884.8	256	1415
PB.23072.2	PB.37923.1	0	2056
PB.23072.2	PB.150567.3	256	2056
PB.23072.2	ENST00000360880.6	256	2056
PB.23072.2	ENST00000396884.8	256	2056
PB.23072.2	PB.164593.1	256	2056
PB.150567.4	ENST00000396884.8	0	2586
PB.150567.4	PB.150567.3	256	2586
PB.150567.4	ENST00000360880.6	256	2487
PB.150567.4	PB.164593.1	256	2274
PB.83198.1		4	0
PB.96170.1		4	0
PB.37924.1	ENST00000404072.7	0	1873
PB.37924.1	PB.37924.2	256	1873
PB.37924.1	PB.23075.1	256	1872
PB.37924.1	ENST00000356976.8	256	1872
PB.37924.1	PB.157482.1	256	1363
PB.37924.1	PB.30469.1	256	1738
PB.164594.1	PB.23075.1	0	1701
PB.164594.1	ENST00000356976.8	256	1696
PB.164594.1	PB.157482.1	256	1193
PB.164594.1	PB.30469.1	256	1563
PB.164594.1	PB.37924.2	256	1518
PB.164594.1	ENST00000404072.7	256	1512
PB.83199.1	PB.23076.1	0	983
PB.83199.1	ENST00000381669.8	256	969
PB.124821.1	ENST00000663895.1	0	1176
PB.124821.1	ENST00000332509.8	256	1176
PB.124821.1	PB.137374.1	256	1176
PB.124821.1	PB.137374.2	256	1659
PB.124821.1	PB.137374.3	256	1658
PB.124821.1	ENST00000402064.5	256	1655
PB.130903.1	ENST00000332509.8	0	3257
PB.130903.1	PB.137374.1	256	3132
PB.130903.1	ENST00000663895.1	256	3129
PB.130903.1	PB.137374.3	256	2899
PB.130903.1	ENST00000335539.7	256	2860
PB.130903.1	PB.137374.2	256	2782
PB.88822.1	ENST00000332509.8	0	2441
PB.88822.1	ENST00000663895.1	256	2327
PB.88822.1	PB.137374.1	256	2326
PB.88822.1	PB.137374.3	256	2117
PB.88822.1	ENST00000335539.7	256	2077
PB.88822.1	PB.137374.2	256	2002
PB.88822.4	ENST00000332509.8	0	2266
PB.88822.4	ENST00000663895.1	256	2210
PB.88822.4	PB.137374.1	256	2209
PB.88822.4	ENST00000335539.7	256	1942
PB.88822.4	PB.137374.3	256	1942
PB.88822.4	ENST00000402064.5	256	1885
PB.88822.2	ENST00000332509.8	0	2316
PB.88822.2	PB.137374.1	256	2174
PB.88822.2	ENST00000663895.1	256	2169
PB.88822.2	PB.137374.3	256	1978
PB.88822.2	ENST00000335539.7	256	1938
PB.88822.2	ENST00000402064.5	256	1850
PB.88822.3	ENST00000332509.8	0	2541
PB.88822.3	ENST00000663895.1	256	2401
PB.88822.3	PB.137374.1	256	2400
PB.88822.3	PB.137374.3	256	2191
PB.88822.3	ENST00000335539.7	256	2151
PB.88822.3	PB.137374.2	256	2076
PB.45470.1	PB.124822.2	0	1192
PB.45470.1	ENST00000361906.8	256	1168
PB.45470.1	ENST00000361684.8	256	1041
PB.124822.1	PB.124822.2	0	3526
PB.124822.1	ENST00000361906.8	256	3525
PB.124822.1	ENST00000361684.8	256	3365
PB.124822.1	PB.130904.1	256	3291
PB.124822.1	PB.137375.1	256	3085
PB.124822.1	PB.143889.2	256	2882
PB.124822.3	PB.124822.2	0	3553
PB.124822.3	ENST00000361906.8	256	3540
PB.124822.3	ENST00000361684.8	256	3380
PB.124822.3	PB.130904.1	256	3306
PB.124822.3	PB.137375.1	256	3100
PB.124822.3	PB.143889.2	256	2897
PB.60681.2	PB.45470.2	0	1051
PB.60681.2	ENST00000361906.8	256	1051
PB.60681.2	PB.150568.1	256	1051
PB.60681.2	PB.137375.1	256	1051
PB.60681.2	PB.124822.2	256	1051
PB.60681.2	PB.130904.1	256	1051
PB.124822.4	PB.124822.2	0	3488
PB.124822.4	ENST00000361906.8	256	3488
PB.124822.4	ENST00000361684.8	256	3427
PB.124822.4	PB.130904.1	256	3345
PB.124822.4	PB.137375.1	256	3140
PB.124822.4	PB.143889.2	256	2944
PB.124822.5	PB.124822.2	0	3473
PB.124822.5	ENST00000361906.8	256	3472
PB.124822.5	ENST00000361684.8	256	3336
PB.124822.5	PB.130904.1	256	3239
PB.124822.5	PB.137375.1	256	3034
PB.124822.5	PB.143889.2	256	2944
PB.130904.2	ENST00000361906.8	0	3199
PB.130904.2	PB.124822.2	256	3199
PB.130904.2	ENST00000361684.8	256	3069
PB.130904.2	PB.130904.1	256	3020
PB.130904.2	PB.137375.1	256	3020
PB.130904.2	PB.143889.2	256	2944
PB.124822.6	PB.124822.2	0	3429
PB.124822.6	ENST00000361906.8	256	3429
PB.124822.6	ENST00000361684.8	256	3305
PB.124822.6	PB.130904.1	256	3199
PB.124822.6	PB.137375.1	256	3012
PB.124822.6	PB.143889.2	256	2944
PB.124822.7	PB.124822.2	0	3372
PB.124822.7	ENST00000361906.8	256	3372
PB.124822.7	ENST00000361684.8	256	3248
PB.124822.7	PB.130904.1	256	3142
PB.124822.7	PB.137375.1	256	2937
PB.124822.7	PB.143889.2	256	2766
PB.124822.8	ENST00000361906.8	0	3419
PB.124822.8	PB.124822.2	256	3419
PB.124822.8	ENST00000361684.8	256	3297
PB.124822.8	PB.130904.1	256	3191
PB.124822.8	PB.137375.1	256	2986
PB.124822.8	PB.143889.2	256	2816
PB.60681.4	PB.124822.2	0	713
PB.60681.4	ENST00000361906.8	256	711
PB.60681.4	ENST00000361684.8	256	584
PB.150569.1	PB.143890.1	0	1297
PB.150569.1	PB.150569.2	256	1297
PB.150569.1	ENST00000403904.5	256	1296
PB.150569.1	PB.68293.3	256	1296
PB.150569.1	PB.150569.3	256	1296
PB.150569.1	ENST00000359867.7	256	1295
PB.157483.1	PB.150569.3	0	1404
PB.3846.1	PB.124823.2	0	2072
PB.3846.1	PB.37927.1	256	1874
PB.3846.1	PB.150569.2	2048	333
PB.3846.1	ENST00000359867.7	256	333
PB.3846.1	PB.143890.1	256	333
PB.3846.1	PB.30471.1	256	333
PB.3846.1	PB.45471.1	256	333
PB.15774.3	PB.150569.3	0	1185
PB.15774.3	PB.143890.1	256	1611
PB.15774.3	PB.150569.2	256	1519
PB.23078.2	ENST00000403904.5	0	1274
PB.23078.2	ENST00000396832.6	256	1274
PB.23078.2	PB.150569.3	256	1274
PB.23078.2	PB.68293.3	256	1274
PB.23078.2	PB.150569.2	256	1231
PB.23078.2	ENST00000359867.7	256	1230
PB.30471.2	PB.150569.3	0	1242
PB.45471.3	PB.150569.3	0	1403
PB.137376.1	PB.150569.3	0	1437
PB.124823.1	PB.150569.3	0	1873
PB.75763.6	PB.124823.2	0	802
PB.83203.3	PB.124823.2	0	637
PB.52994.1	ENST00000443658.5	0	420
PB.52994.1	ENST00000428294.5	256	407
PB.52994.1	PB.130905.1	256	366
PB.150570.2		4	0
PB.83204.1	PB.164598.1	0	260
PB.83204.2	PB.164598.1	0	259
PB.83204.2	ENST00000443658.5	256	258
PB.83204.2	ENST00000428294.5	256	245
PB.45472.1	PB.164598.1	0	1484
PB.96174.1	ENST00000652019.1	0	770
PB.60684.1	ENST00000216014.9	0	1464
PB.60684.1	PB.45473.1	256	1458
PB.60684.1	PB.150571.1	256	398
PB.60684.1	PB.68294.1	256	1413
PB.60684.2	PB.45473.1	0	1399
PB.60684.2	ENST00000216014.9	256	1348
PB.60684.2	PB.150571.1	256	302
PB.45473.2	PB.45473.1	0	1614
PB.45473.2	ENST00000216014.9	256	1609
PB.45473.2	PB.150571.1	256	554
PB.45473.2	PB.68294.1	256	1362
PB.37932.1	ENST00000396821.8	0	1954
PB.37932.1	PB.157484.1	256	1953
PB.68296.1	ENST00000396821.8	0	1387
PB.68296.1	PB.157484.1	256	1387
PB.60686.1	PB.157484.1	0	1596
PB.60686.1	ENST00000396821.8	256	1596
PB.3848.1	PB.157484.1	0	-1472
PB.3848.1	ENST00000396821.8	256	-1472
PB.15775.1	PB.157484.1	0	2472
PB.15775.1	ENST00000396821.8	256	2472
PB.118974.1		4	0
PB.75766.1	ENST00000216029.7	0	1037
PB.75766.1	PB.75766.2	256	845
PB.75766.1	PB.83207.2	256	1035
PB.75766.1	ENST00000619293.1	256	1027
PB.75766.1	PB.75766.3	256	919
PB.83207.1	PB.75766.3	0	915
PB.83207.1	PB.75766.2	256	912
PB.83207.1	ENST00000216029.7	256	912
PB.83207.1	PB.83207.2	256	912
PB.83207.1	ENST00000619293.1	256	911
PB.75766.4	PB.75766.2	0	913
PB.75766.4	ENST00000216029.7	256	913
PB.75766.4	PB.83207.2	256	913
PB.75766.4	ENST00000619293.1	256	911
PB.75766.4	PB.75766.3	256	661
PB.60687.1	PB.75766.2	0	1169
PB.60687.1	ENST00000619293.1	256	1118
PB.60687.1	ENST00000216029.7	256	1030
PB.60687.1	PB.83207.2	256	1030
PB.60687.1	PB.75766.3	256	911
PB.68297.1	PB.75766.2	0	1173
PB.68297.1	ENST00000619293.1	256	1118
PB.68297.1	ENST00000216029.7	256	1036
PB.68297.1	PB.83207.2	256	1036
PB.68297.1	PB.75766.3	256	917
PB.124824.1	ENST00000216039.9	0	3568
PB.124824.1	ENST00000683374.1	256	3526
PB.137377.2	ENST00000216039.9	0	3030
PB.137377.2	ENST00000683374.1	256	3030
PB.137377.2	PB.164599.1	256	2488
PB.137377.1	ENST00000683374.1	0	3033
PB.137377.1	ENST00000216039.9	256	3033
PB.137377.1	PB.164599.1	256	2488
PB.8698.1	ENST00000216044.10	0	4624
PB.137379.2	PB.88825.1	0	3159
PB.137379.2	ENST00000405510.5	256	3159
PB.137379.2	PB.124826.2	256	3159
PB.137379.2	PB.88825.2	256	3159
PB.137379.2	PB.130909.1	256	3154
PB.137379.2	ENST00000405018.5	256	3151
PB.30476.1		4	0
PB.8699.1	ENST00000333039.4	0	4524
PB.157489.1	ENST00000216083.6	0	2515
PB.157489.1	ENST00000407418.8	256	2515
PB.157489.1	PB.137381.3	256	2429
PB.150578.3	ENST00000407418.8	0	2105
PB.150578.3	PB.137381.3	256	2027
PB.150578.3	ENST00000216083.6	256	1971
PB.137381.1	ENST00000407418.8	0	2929
PB.137381.1	PB.137381.3	256	2857
PB.137381.1	ENST00000216083.6	256	2795
PB.150578.1	ENST00000407418.8	0	2399
PB.150578.1	ENST00000216083.6	256	2399
PB.150578.1	PB.137381.3	256	2313
PB.143894.1	ENST00000407418.8	0	2473
PB.143894.1	PB.137381.3	256	2453
PB.143894.1	ENST00000216083.6	256	2400
PB.137381.4	PB.137381.3	0	3011
PB.137381.4	ENST00000407418.8	256	3011
PB.137381.4	ENST00000216083.6	256	2877
PB.137381.4	PB.150578.4	256	2031
PB.60693.1	ENST00000333467.4	0	1405
PB.60693.1	PB.60693.3	256	1379
PB.60693.1	ENST00000402182.7	256	1062
PB.75771.1	ENST00000333467.4	0	1310
PB.75771.1	PB.60693.3	256	1306
PB.75771.1	ENST00000402182.7	256	988
PB.75771.1	PB.83212.1	256	1077
PB.83213.1	PB.75772.1	0	1078
PB.83213.1	ENST00000361441.5	256	979
PB.96181.1	ENST00000361441.5	0	831
PB.96181.1	PB.75772.1	256	831
PB.15780.1	ENST00000361441.5	0	2015
PB.53005.1	ENST00000216099.13	0	1530
PB.53005.1	PB.164604.1	256	1504
PB.53005.1	ENST00000427494.6	256	1346
PB.30478.1	PB.23084.1	0	1821
PB.30478.1	ENST00000308521.10	256	1821
PB.68301.1	PB.60694.1	0	1307
PB.68301.1	ENST00000407997.4	256	1307
PB.150581.1		4	0
PB.164606.1	ENST00000331163.11	0	2294
PB.164606.1	PB.157490.1	256	2294
PB.150582.1	PB.157490.1	0	2293
PB.150582.1	ENST00000331163.11	256	2293
PB.164606.2	PB.157490.1	0	2399
PB.164606.2	ENST00000331163.11	256	2399
PB.75774.1	ENST00000216146.9	0	1128
PB.75774.1	ENST00000401609.5	256	1128
PB.75774.1	PB.68302.2	256	1127
PB.75774.1	PB.83216.4	256	1125
PB.75774.1	PB.60695.2	256	920
PB.75774.1	PB.45482.1	256	700
PB.83216.2	PB.68302.2	0	769
PB.83216.2	ENST00000216146.9	256	769
PB.83216.2	ENST00000401609.5	256	769
PB.83216.2	PB.60695.2	256	768
PB.83216.2	PB.37938.2	256	768
PB.83216.2	PB.45482.1	256	548
PB.103784.3	ENST00000216146.9	0	345
PB.103784.3	PB.60695.2	256	345
PB.103784.3	ENST00000401609.5	256	345
PB.103784.3	PB.68302.2	256	345
PB.111653.1	PB.68302.2	0	207
PB.111653.1	ENST00000216146.9	256	207
PB.111653.1	PB.60695.2	256	207
PB.111653.1	ENST00000401609.5	256	207
PB.111653.1	PB.75774.2	256	207
PB.111653.1	PB.68302.1	256	207
PB.111653.2	PB.164607.2	0	224
PB.111653.2	PB.130912.1	256	224
PB.111653.2	PB.137383.1	256	224
PB.111653.2	PB.164607.1	256	224
PB.111653.2	PB.37938.1	256	224
PB.111653.2	PB.75774.2	256	224
PB.53007.1	PB.60695.2	0	1445
PB.53007.1	PB.143896.1	256	981
PB.53007.1	PB.45482.1	256	1225
PB.53007.1	PB.45482.2	256	1130
PB.53007.1	PB.37938.2	256	1083
PB.53007.1	PB.37938.1	256	1027
PB.60695.3	ENST00000401609.5	0	1266
PB.60695.3	PB.68302.2	256	1265
PB.60695.3	ENST00000216146.9	256	1265
PB.60695.3	PB.60695.2	256	1059
PB.60695.3	PB.143896.1	256	621
PB.60695.3	PB.45482.1	256	839
PB.75774.5	ENST00000216146.9	0	1073
PB.75774.5	PB.68302.2	256	1073
PB.75774.5	ENST00000401609.5	256	1045
PB.75774.5	PB.60695.2	256	867
PB.75774.5	PB.45482.1	256	739
PB.75774.5	PB.75774.2	256	961
PB.75774.6	PB.83216.4	0	1071
PB.75774.6	ENST00000216146.9	256	1071
PB.75774.6	PB.68302.2	256	1071
PB.75774.6	ENST00000401609.5	256	1071
PB.75774.6	PB.60695.2	256	903
PB.75774.6	PB.45482.1	256	683
PB.75774.7	ENST00000216146.9	0	1013
PB.75774.7	PB.68302.2	256	1013
PB.75774.7	ENST00000401609.5	256	985
PB.75774.7	PB.60695.2	256	807
PB.75774.7	PB.75774.2	256	914
PB.75774.7	PB.68302.1	256	708
PB.83216.3	ENST00000216146.9	0	941
PB.83216.3	PB.68302.2	256	941
PB.83216.3	ENST00000401609.5	256	913
PB.83216.3	PB.60695.2	256	766
PB.83216.3	PB.37938.2	256	766
PB.83216.3	PB.45482.1	256	546
PB.83216.5	PB.68302.2	0	870
PB.83216.5	ENST00000216146.9	256	870
PB.83216.5	ENST00000401609.5	256	857
PB.83216.5	PB.60695.2	256	759
PB.83216.5	PB.37938.2	256	759
PB.83216.5	PB.45482.1	256	539
PB.83216.6	PB.68302.2	0	835
PB.83216.6	ENST00000216146.9	256	835
PB.83216.6	ENST00000401609.5	256	807
PB.83216.6	PB.60695.2	256	629
PB.83216.6	PB.45482.1	256	409
PB.83216.6	PB.37938.2	256	445
PB.83216.7	PB.68302.2	0	706
PB.83216.7	ENST00000401609.5	256	706
PB.83216.7	PB.37938.2	256	706
PB.83216.7	PB.60695.2	256	706
PB.83216.7	ENST00000216146.9	256	706
PB.83216.7	PB.45482.1	256	486
PB.96183.2	ENST00000401609.5	0	596
PB.96183.2	PB.68302.2	256	596
PB.96183.2	PB.37938.2	256	596
PB.96183.2	ENST00000216146.9	256	596
PB.96183.2	PB.60695.2	256	596
PB.96183.2	PB.45482.1	256	376
PB.96183.3	ENST00000401609.5	0	670
PB.96183.3	PB.60695.2	256	670
PB.96183.3	ENST00000216146.9	256	670
PB.96183.3	PB.143896.1	256	670
PB.96183.3	PB.103784.1	256	670
PB.96183.3	PB.68302.2	256	670
PB.37938.3	PB.68302.2	0	1265
PB.37938.3	ENST00000401609.5	256	1265
PB.37938.3	ENST00000216146.9	256	1265
PB.37938.3	PB.60695.2	256	1059
PB.37938.3	PB.45482.1	256	839
PB.37938.3	PB.143896.1	256	903
PB.83216.9	ENST00000216146.9	0	765
PB.83216.9	PB.68302.2	256	765
PB.83216.9	PB.60695.2	256	765
PB.83216.9	PB.37938.2	256	765
PB.83216.9	ENST00000401609.5	256	765
PB.83216.9	PB.45482.1	256	547
PB.96183.4	PB.83216.4	0	755
PB.96183.4	PB.68302.2	256	755
PB.96183.4	PB.96183.1	256	755
PB.96183.4	ENST00000216146.9	256	755
PB.96183.4	PB.60695.2	256	755
PB.96183.4	ENST00000401609.5	256	755
PB.96184.1	ENST00000318801.8	0	725
PB.96184.1	PB.96184.2	256	690
PB.88828.2	PB.8702.1	0	4029
PB.88828.2	ENST00000328933.10	256	3997
PB.130913.1	PB.130913.2	0	3057
PB.130913.1	ENST00000216160.11	256	3048
PB.130913.1	PB.3851.1	256	1195
PB.130913.1	PB.130913.3	256	2992
PB.130913.1	PB.143897.1	256	2773
PB.130913.1	PB.150585.1	256	2530
PB.37939.1	PB.150585.1	0	1819
PB.37939.1	PB.130913.2	256	1819
PB.37939.1	PB.15785.1	256	1819
PB.37939.1	PB.30479.1	256	1819
PB.37939.1	PB.3851.1	256	1818
PB.37939.1	PB.130913.3	256	1818
PB.124831.1	ENST00000404569.5	0	3581
PB.124831.1	PB.8703.1	256	3413
PB.124831.1	ENST00000325301.7	256	3301
PB.124831.1	PB.130914.1	256	2936
PB.3852.3	ENST00000325301.7	0	5483
PB.3852.3	PB.8703.1	256	4430
PB.130914.4	ENST00000325301.7	0	3181
PB.130914.4	PB.130914.1	256	3181
PB.130914.4	ENST00000404569.5	256	3005
PB.130914.4	PB.8703.1	256	2983
PB.103787.1	PB.96186.1	0	595
PB.103787.1	ENST00000334678.8	256	589
PB.103787.1	PB.83218.1	256	362
PB.68307.1	ENST00000344138.9	0	1317
PB.68307.1	PB.68307.2	256	1242
PB.68307.1	PB.130916.3	256	1119
PB.124833.2	ENST00000344138.9	0	3265
PB.124833.2	PB.130916.3	256	3265
PB.124833.3	PB.130916.3	0	3311
PB.124833.3	ENST00000344138.9	256	3173
PB.3853.2	ENST00000454349.7	0	5867
PB.3853.2	PB.3853.1	256	5720
PB.3853.2	ENST00000335727.13	256	5703
PB.118986.1	PB.3853.1	0	257
PB.118986.1	ENST00000454349.7	256	257
PB.118986.1	ENST00000335727.13	256	242
PB.118986.1	PB.83219.1	256	214
PB.8705.1	ENST00000454349.7	0	4369
PB.8705.1	PB.3853.1	256	4222
PB.8705.1	ENST00000335727.13	256	4222
PB.111658.1	ENST00000335727.13	0	492
PB.111658.1	ENST00000301923.13	256	492
PB.111658.1	ENST00000454349.7	256	492
PB.111659.1	ENST00000301923.13	0	420
PB.111659.1	ENST00000335727.13	256	420
PB.111659.1	ENST00000454349.7	256	420
PB.8706.1	PB.111660.1	0	428
PB.8706.1	ENST00000625194.4	256	403
PB.8706.1	ENST00000623063.3	256	403
PB.8706.1	ENST00000637666.2	256	403
PB.8706.1	ENST00000636714.1	256	403
PB.8706.1	PB.60699.1	256	402
PB.68309.1	ENST00000623063.3	0	1175
PB.68309.1	PB.45484.2	256	1160
PB.68309.1	ENST00000625194.4	256	1107
PB.68309.1	ENST00000636714.1	256	1106
PB.68309.1	ENST00000680378.1	256	1023
PB.68309.1	PB.45484.1	256	913
PB.60699.3	ENST00000625194.4	0	1523
PB.60699.3	ENST00000623063.3	256	1463
PB.60699.3	PB.45484.2	256	1459
PB.60699.3	PB.45484.1	256	1212
PB.60699.3	ENST00000636714.1	256	1408
PB.60699.3	ENST00000680378.1	256	1322
PB.60699.4	PB.45484.1	0	1389
PB.60699.4	ENST00000342312.9	256	1034
PB.60699.4	PB.68309.2	256	1033
PB.60699.4	ENST00000625194.4	256	975
PB.60699.4	ENST00000623063.3	256	915
PB.60699.4	PB.45484.2	256	913
PB.3854.1	PB.45484.2	0	971
PB.3854.1	ENST00000623063.3	256	971
PB.3854.1	PB.75777.1	256	971
PB.3854.1	ENST00000625194.4	256	903
PB.3854.1	ENST00000680378.1	256	926
PB.3854.1	PB.45484.1	256	834
PB.3854.1	PB.111660.1	2048	245
PB.137387.1	PB.137387.7	0	2920
PB.137387.1	PB.137387.5	256	2880
PB.137387.1	PB.137387.3	256	2811
PB.137387.1	PB.137387.2	256	2745
PB.137387.1	PB.130917.1	256	2655
PB.137387.1	PB.143901.4	256	2724
PB.150586.1	ENST00000248929.14	0	2595
PB.150586.1	PB.150586.6	256	2573
PB.150586.1	PB.137387.7	256	2335
PB.150586.1	PB.143901.2	256	2413
PB.150586.1	PB.143901.3	256	2483
PB.150586.1	PB.137387.5	256	2295
PB.143901.1	PB.137387.7	0	2633
PB.143901.1	PB.137387.3	256	2530
PB.143901.1	PB.137387.2	256	2464
PB.143901.1	PB.137387.5	256	2593
PB.143901.1	ENST00000248929.14	256	2723
PB.143901.1	PB.143901.3	256	2612
PB.150586.2	PB.150586.4	0	2560
PB.150586.2	ENST00000248929.14	256	2464
PB.150586.2	PB.150586.3	256	2451
PB.150586.2	PB.150586.6	256	2437
PB.150586.2	PB.143901.2	256	2282
PB.150586.2	PB.143901.3	256	2347
PB.137387.8	PB.137387.7	0	2944
PB.137387.8	PB.137387.5	256	2898
PB.137387.8	PB.137387.3	256	2828
PB.137387.8	PB.137387.2	256	2762
PB.137387.8	PB.130917.1	256	2679
PB.137387.8	PB.143901.4	256	2752
PB.157495.1	ENST00000248929.14	0	2366
PB.157495.1	PB.143901.2	256	2366
PB.157495.1	PB.150586.6	256	2357
PB.157495.1	PB.143901.3	256	2256
PB.157495.1	PB.137387.7	256	2182
PB.157495.1	PB.137387.2	256	2182
PB.157495.2	PB.143901.3	0	2446
PB.157495.2	PB.137387.4	256	2291
PB.157495.2	ENST00000248929.14	256	2252
PB.157495.2	PB.143901.2	256	2252
PB.157495.2	PB.130917.1	256	2107
PB.157495.2	PB.137387.7	256	2068
PB.150586.5	ENST00000248929.14	0	2629
PB.150586.5	PB.150586.6	256	2626
PB.150586.5	PB.143901.3	256	2519
PB.150586.5	PB.143901.2	256	2447
PB.150586.5	PB.137387.7	256	2372
PB.150586.5	PB.137387.4	256	2364
PB.157495.3	PB.150586.4	0	2492
PB.157495.3	PB.143901.4	256	2245
PB.157495.3	PB.150586.3	256	2382
PB.157495.3	ENST00000248929.14	256	2383
PB.157495.3	PB.150586.6	256	2381
PB.157495.3	PB.143901.3	256	2272
PB.143901.9	PB.143901.4	0	2781
PB.143901.9	PB.143901.6	256	2742
PB.143901.9	PB.137387.7	256	2679
PB.143901.9	PB.137387.6	256	2600
PB.143901.9	PB.137387.5	256	2633
PB.143901.9	PB.137387.3	256	2556
PB.8707.1	PB.8707.2	0	4122
PB.8707.1	ENST00000402042.7	256	4193
PB.8707.1	ENST00000355630.10	256	4032
PB.8707.1	PB.8707.3	256	4011
PB.8707.1	ENST00000651595.2	256	3991
PB.8707.1	ENST00000396617.7	256	3991
PB.75778.1	ENST00000402042.7	0	1236
PB.75778.1	ENST00000652095.2	256	1236
PB.75778.1	ENST00000396617.7	256	1236
PB.75778.1	ENST00000614754.4	256	1236
PB.75778.1	ENST00000355630.10	256	1236
PB.75778.1	PB.8707.2	256	1236
PB.53014.1	PB.8707.3	0	1706
PB.53014.1	ENST00000355630.10	256	1706
PB.53014.1	PB.8707.2	256	1706
PB.53014.1	ENST00000402042.7	256	1706
PB.53014.1	ENST00000652095.2	256	1706
PB.53014.1	ENST00000620651.4	256	1706
PB.37943.1	ENST00000652095.2	0	1947
PB.37943.1	PB.88831.2	256	1947
PB.37943.1	PB.8707.3	256	1947
PB.37943.1	ENST00000407029.7	256	1947
PB.37943.1	ENST00000620651.4	256	1947
PB.37943.1	ENST00000402042.7	256	1947
PB.143902.1	PB.8707.3	0	3009
PB.143902.1	PB.88831.2	256	3009
PB.143902.1	ENST00000407029.7	256	3009
PB.143902.1	ENST00000620651.4	256	3009
PB.143902.1	ENST00000652095.2	256	3009
PB.143902.1	PB.8707.2	256	3009
PB.130918.1	PB.88831.2	0	3450
PB.130918.1	ENST00000355630.10	256	3450
PB.130918.1	ENST00000407029.7	256	3450
PB.130918.1	ENST00000652095.2	256	3450
PB.130918.1	PB.8707.3	256	3450
PB.130918.1	PB.8707.2	256	3450
PB.45486.2	PB.8707.2	0	504
PB.45486.2	PB.8707.3	256	416
PB.45486.2	ENST00000355630.10	256	416
PB.45486.2	ENST00000402042.7	256	388
PB.45486.2	ENST00000396617.7	256	382
PB.45486.2	ENST00000651595.2	256	382
PB.60701.1	ENST00000355630.10	0	282
PB.60701.1	PB.8707.3	256	282
PB.60701.1	ENST00000402042.7	256	276
PB.60701.1	PB.83222.1	256	272
PB.60701.1	ENST00000651595.2	256	270
PB.60701.1	ENST00000396617.7	256	270
PB.23089.1	ENST00000544408.5	0	1785
PB.23089.1	ENST00000435456.7	256	1806
PB.45487.2	ENST00000435456.7	0	1624
PB.45487.2	PB.45487.1	256	1624
PB.45487.2	PB.53015.2	256	1432
PB.45487.2	PB.60702.1	256	1337
PB.45487.2	ENST00000544408.5	256	1337
PB.53015.3	PB.60702.1	0	1271
PB.53015.3	ENST00000544408.5	256	1271
PB.53015.3	PB.45487.1	256	1192
PB.53015.3	ENST00000402844.7	256	1192
PB.53015.3	ENST00000435456.7	256	1192
PB.53015.3	PB.53015.2	256	1026
PB.53015.1	PB.45487.1	0	1637
PB.53015.1	ENST00000435456.7	256	1620
PB.53015.1	PB.53015.2	256	1443
PB.53015.1	PB.60702.1	256	1337
PB.53015.1	ENST00000544408.5	256	1337
PB.53016.2	PB.45488.3	0	1522
PB.53016.2	ENST00000216218.8	256	1515
PB.53016.2	PB.150589.3	256	1308
PB.60703.3	PB.45488.3	0	1417
PB.60703.3	ENST00000216218.8	256	1417
PB.60703.3	PB.150589.3	256	1210
PB.37944.4	PB.45488.3	0	375
PB.37944.4	ENST00000216218.8	256	344
PB.75781.2	PB.68314.1	0	1170
PB.3856.1	ENST00000357137.9	0	3610
PB.15791.1	ENST00000357137.9	0	2058
PB.83226.1	PB.45489.1	0	875
PB.83226.1	ENST00000357137.9	256	826
PB.103793.1	ENST00000216225.9	0	348
PB.103793.1	PB.103793.2	256	344
PB.118993.1		4	0
PB.111664.1	ENST00000216225.9	0	324
PB.111664.1	PB.103793.2	256	312
PB.111664.2	ENST00000216225.9	0	426
PB.111664.2	PB.103793.2	256	425
PB.143905.1	PB.3857.1	0	263
PB.143905.1	ENST00000674155.1	256	263
PB.143905.1	ENST00000263253.9	256	263
PB.68316.1	ENST00000420537.1	0	224
PB.68316.2	ENST00000420537.1	0	227
PB.130921.2	ENST00000216237.10	0	3116
PB.130921.2	PB.124838.1	256	2608
PB.130921.2	PB.124838.3	256	2609
PB.130921.2	PB.137392.1	256	2821
PB.130921.2	PB.157501.1	256	2491
PB.124838.2	ENST00000216237.10	0	2833
PB.124838.2	PB.124838.1	256	2330
PB.124838.2	PB.124838.3	256	2327
PB.124838.2	PB.137392.1	256	2544
PB.137392.2	ENST00000216237.10	0	2929
PB.137392.2	PB.124838.1	256	2449
PB.137392.2	PB.124838.3	256	2422
PB.137392.2	PB.137392.1	256	2636
PB.137392.3	ENST00000216237.10	0	2966
PB.137392.3	PB.124838.1	256	2459
PB.137392.3	PB.124838.3	256	2460
PB.137392.3	PB.137392.1	256	2673
PB.137392.3	PB.157501.1	256	2565
PB.130921.3	PB.124838.3	0	2866
PB.130921.3	ENST00000216237.10	256	3057
PB.130921.3	PB.124838.1	256	2550
PB.130921.3	PB.137392.1	256	2764
PB.137392.4	ENST00000216237.10	0	2927
PB.137392.4	PB.124838.1	256	2419
PB.137392.4	PB.124838.3	256	2420
PB.137392.4	PB.137392.1	256	2632
PB.150592.1	ENST00000356244.8	0	2648
PB.150592.1	ENST00000405486.5	256	2645
PB.150592.1	PB.143907.4	256	2645
PB.150592.1	PB.88833.2	256	2642
PB.150592.1	ENST00000455915.6	256	2641
PB.150592.1	PB.137393.4	256	2535
PB.137393.2	ENST00000356244.8	0	2843
PB.137393.2	PB.8709.1	256	1651
PB.137393.2	PB.137393.4	256	2730
PB.137393.2	ENST00000455915.6	256	2921
PB.137393.2	PB.143907.4	256	2796
PB.137393.2	PB.88833.2	256	2794
PB.137393.1	ENST00000356244.8	0	2801
PB.137393.1	PB.137393.4	256	2688
PB.137393.1	ENST00000405486.5	256	2794
PB.137393.1	PB.143907.4	256	2794
PB.137393.1	PB.88833.2	256	2791
PB.137393.1	ENST00000455915.6	256	2790
PB.150592.3	ENST00000356244.8	0	2270
PB.150592.3	PB.143907.4	256	2269
PB.150592.3	ENST00000405486.5	256	2269
PB.150592.3	PB.88833.2	256	2266
PB.150592.3	PB.137393.4	256	2159
PB.150592.3	PB.143907.2	256	2143
PB.137393.5	ENST00000356244.8	0	2908
PB.137393.5	PB.8709.1	256	1700
PB.137393.5	PB.137393.4	256	2797
PB.137393.5	PB.143907.2	256	2619
PB.137393.5	PB.143907.4	256	2706
PB.137393.5	PB.88833.2	256	2703
PB.143907.3	ENST00000356244.8	0	2611
PB.143907.3	PB.8709.1	256	1406
PB.143907.3	PB.137393.4	256	2500
PB.143907.3	PB.143907.4	256	2409
PB.143907.3	PB.88833.2	256	2406
PB.143907.3	PB.143907.2	256	2411
PB.150592.4	ENST00000356244.8	0	2272
PB.150592.4	PB.157502.1	256	2272
PB.150592.4	ENST00000405486.5	256	2271
PB.150592.4	PB.143907.4	256	2271
PB.150592.4	ENST00000455915.6	256	2267
PB.150592.4	PB.137393.4	256	2161
PB.137393.3	ENST00000356244.8	0	2815
PB.137393.3	PB.137393.4	256	2704
PB.137393.3	PB.143907.4	256	2794
PB.137393.3	ENST00000405486.5	256	2794
PB.137393.3	PB.88833.2	256	2791
PB.137393.3	ENST00000455915.6	256	2790
PB.130923.3	ENST00000405486.5	0	3047
PB.130923.3	PB.88833.2	256	3045
PB.130923.3	PB.143907.4	256	2796
PB.130923.3	ENST00000356244.8	256	2796
PB.130923.3	ENST00000455915.6	256	2793
PB.130923.3	PB.137393.4	256	2685
PB.137393.6	ENST00000356244.8	0	2796
PB.137393.6	ENST00000405486.5	256	2794
PB.137393.6	PB.143907.4	256	2794
PB.137393.6	PB.88833.2	256	2792
PB.137393.6	ENST00000455915.6	256	2791
PB.137393.6	PB.137393.4	256	2685
PB.8709.2	PB.88833.2	0	3593
PB.8709.2	ENST00000405486.5	256	2565
PB.157503.1	ENST00000352645.5	0	1775
PB.157503.1	PB.3858.1	256	1725
PB.150593.1	ENST00000352645.5	0	1884
PB.150593.1	PB.3858.1	256	1855
PB.96191.1	PB.60707.2	0	423
PB.96191.1	ENST00000327492.4	256	422
PB.96191.1	PB.45493.1	256	419
PB.8711.2	ENST00000327492.4	0	3910
PB.143910.1	ENST00000676748.1	0	2580
PB.143910.1	PB.137396.1	256	2578
PB.143910.1	PB.157504.1	256	2578
PB.143910.1	ENST00000216254.9	256	2578
PB.143910.1	ENST00000677153.1	256	2578
PB.143910.1	ENST00000678788.1	256	2527
PB.103795.1	PB.83230.1	0	445
PB.103795.1	ENST00000216252.4	256	440
PB.103795.2	PB.83230.1	0	426
PB.103795.2	ENST00000216252.4	256	421
PB.130927.1	PB.137396.1	0	392
PB.150597.1	PB.124841.2	0	2019
PB.130927.2	PB.124841.2	0	2850
PB.130927.2	ENST00000216254.9	256	2085
PB.130927.2	PB.157504.1	256	2085
PB.130927.2	ENST00000678788.1	256	2055
PB.130927.2	ENST00000396512.3	256	1971
PB.130927.2	ENST00000678269.1	256	1971
PB.143910.5	ENST00000216254.9	0	2462
PB.143910.5	PB.157504.1	256	2462
PB.143910.5	ENST00000678788.1	256	2411
PB.143910.5	ENST00000396512.3	256	2348
PB.143910.5	ENST00000678269.1	256	2348
PB.143910.5	ENST00000676792.1	256	2300
PB.143910.3	PB.124841.2	0	2254
PB.143910.3	PB.157504.1	256	2487
PB.143910.3	ENST00000216254.9	256	2487
PB.143910.3	ENST00000678788.1	256	2457
PB.143910.3	ENST00000396512.3	256	2373
PB.143910.3	ENST00000678269.1	256	2373
PB.143910.4	ENST00000676792.1	0	2739
PB.143910.4	PB.157504.1	256	2666
PB.143910.4	ENST00000216254.9	256	2666
PB.143910.4	ENST00000677153.1	256	2665
PB.143910.4	PB.137396.1	256	2663
PB.143910.4	ENST00000678788.1	256	2615
PB.157504.3	ENST00000677153.1	0	2591
PB.157504.3	PB.137396.1	256	2591
PB.157504.3	ENST00000676748.1	256	2591
PB.157504.3	PB.157504.1	256	2591
PB.157504.3	ENST00000216254.9	256	2591
PB.157504.3	ENST00000678788.1	256	2540
PB.157504.5	ENST00000216254.9	0	2311
PB.157504.5	ENST00000678788.1	256	2326
PB.157504.5	PB.157504.1	256	2311
PB.157504.5	ENST00000396512.3	256	2197
PB.157504.5	ENST00000678269.1	256	2197
PB.157504.5	ENST00000677153.1	256	2249
PB.143910.6	ENST00000216254.9	0	2627
PB.143910.6	PB.157504.1	256	2626
PB.143910.6	ENST00000678788.1	256	2576
PB.143910.6	ENST00000678269.1	256	2513
PB.143910.6	ENST00000396512.3	256	2513
PB.143910.6	ENST00000677153.1	256	2565
PB.157504.4	ENST00000677532.1	0	2533
PB.157504.4	PB.137396.1	256	2532
PB.157504.4	ENST00000677153.1	256	2532
PB.157504.4	ENST00000676748.1	256	2532
PB.157504.4	ENST00000216254.9	256	2532
PB.157504.4	PB.157504.1	256	2531
PB.157504.2	ENST00000216254.9	0	2498
PB.157504.2	PB.157504.1	256	2497
PB.157504.2	ENST00000396512.3	256	2413
PB.157504.2	ENST00000678269.1	256	2413
PB.157504.2	ENST00000677153.1	256	2439
PB.157504.2	ENST00000678788.1	256	2498
PB.15798.2	ENST00000355209.9	0	208
PB.15798.2	ENST00000396504.6	256	-105
PB.53022.2	PB.60710.1	0	1273
PB.53022.2	ENST00000355209.9	256	1159
PB.53022.2	ENST00000337566.9	256	996
PB.53022.2	PB.60710.2	256	1064
PB.83232.1	ENST00000396504.6	0	1125
PB.83232.1	ENST00000355209.9	256	1084
PB.83232.1	PB.60710.2	256	1077
PB.83232.1	PB.60710.1	256	1003
PB.83232.1	ENST00000337566.9	256	877
PB.83232.1	PB.88838.1	256	952
PB.130928.1	ENST00000355209.9	0	577
PB.130928.1	ENST00000337566.9	256	569
PB.130928.1	PB.60710.1	256	555
PB.130928.1	PB.60710.2	256	489
PB.83233.1	PB.75788.2	0	1084
PB.83233.1	ENST00000216259.8	256	1083
PB.83233.1	PB.68322.1	256	827
PB.83233.1	PB.83233.2	256	870
PB.83233.1	PB.53023.1	256	670
PB.75788.1	PB.75788.2	0	1123
PB.75788.1	ENST00000216259.8	256	1122
PB.75788.1	PB.68322.1	256	876
PB.75788.1	PB.83233.2	256	909
PB.75788.1	PB.53023.1	256	828
PB.60711.1	PB.68322.1	0	1345
PB.60711.1	PB.53023.1	256	1157
PB.60711.1	PB.75788.2	256	874
PB.60711.1	ENST00000216259.8	256	873
PB.37952.1	PB.75788.2	0	1122
PB.37952.1	ENST00000216259.8	256	1121
PB.37952.1	PB.68322.1	256	875
PB.37952.1	PB.83233.2	256	908
PB.37952.1	PB.53023.1	256	828
PB.68322.2	PB.75788.2	0	1120
PB.68322.2	ENST00000216259.8	256	1120
PB.68322.2	PB.68322.1	256	872
PB.68322.2	PB.83233.2	256	909
PB.68322.2	PB.53023.1	256	828
PB.143911.1	ENST00000263256.7	0	2127
PB.130929.3	ENST00000263256.7	0	1728
PB.130929.3	ENST00000263256.7	2048	603
PB.53024.2	ENST00000263256.7	0	1627
PB.130929.1	ENST00000263256.7	0	2751
PB.130929.2	ENST00000263256.7	0	2577
PB.150599.1	ENST00000263256.7	0	1515
PB.130929.4	ENST00000263256.7	0	2802
PB.23096.1	ENST00000263256.7	0	1638
PB.157506.1	PB.96193.1	0	647
PB.157506.1	ENST00000263256.7	256	617
PB.53025.1	ENST00000359308.8	0	738
PB.23097.2	ENST00000360079.8	0	2057
PB.23097.2	PB.23097.1	256	2057
PB.23097.2	ENST00000405878.5	256	2008
PB.23097.2	PB.164619.1	256	2008
PB.23097.2	ENST00000359308.8	256	2008
PB.23097.2	PB.30492.1	256	1803
PB.30492.3	ENST00000360079.8	0	1771
PB.30492.3	PB.23097.1	256	1771
PB.30492.3	PB.164619.1	256	1722
PB.30492.3	ENST00000405878.5	256	1721
PB.30492.3	ENST00000359308.8	256	1721
PB.30492.3	PB.30492.1	256	1517
PB.75790.1	ENST00000405878.5	0	1216
PB.75790.1	PB.60713.1	256	1216
PB.75790.1	PB.68324.1	256	1216
PB.75790.1	ENST00000402580.7	256	1216
PB.75790.1	ENST00000360079.8	256	1216
PB.75790.1	ENST00000359308.8	256	1216
PB.23097.3	PB.23097.1	0	2068
PB.23097.3	PB.164619.1	256	2068
PB.23097.3	ENST00000405878.5	256	2068
PB.23097.3	ENST00000359308.8	256	2068
PB.23097.3	ENST00000360079.8	256	2068
PB.23097.3	PB.30492.1	256	1814
PB.23097.5	PB.164619.1	0	2024
PB.23097.5	ENST00000359308.8	256	2023
PB.23097.5	PB.23097.1	256	1974
PB.23097.5	ENST00000360079.8	256	1974
PB.23097.5	ENST00000405878.5	256	1973
PB.23097.5	PB.37954.1	256	1926
PB.103799.1		4	0
PB.157508.1	PB.103799.5	0	609
PB.157508.1	ENST00000469522.1	256	587
PB.15801.1	PB.3861.2	0	-359
PB.15801.1	ENST00000656592.1	256	-360
PB.15801.1	PB.3861.1	256	-471
PB.3861.3	PB.3861.2	0	4855
PB.3861.3	ENST00000656592.1	256	4855
PB.3861.3	PB.3861.1	256	4743
PB.3861.3	ENST00000668666.1	256	4473
PB.3861.3	ENST00000654032.1	256	4473
PB.3861.3	ENST00000664954.1	256	4114
PB.124842.1	ENST00000612482.4	0	2028
PB.124842.1	ENST00000361204.9	256	2118
PB.124842.1	PB.3863.5	256	2001
PB.124842.1	PB.150603.3	256	2774
PB.8715.1	ENST00000361204.9	0	4201
PB.8715.1	PB.8715.2	256	4194
PB.8715.1	ENST00000612482.4	256	4075
PB.8715.1	PB.3863.5	256	4058
PB.8715.1	PB.8715.6	256	3629
PB.8715.1	PB.88841.3	256	3936
PB.130931.1	PB.8715.6	0	2868
PB.3863.3	ENST00000361204.9	0	4759
PB.3863.3	ENST00000612482.4	256	4633
PB.3863.3	PB.3863.5	256	4623
PB.3863.3	PB.8715.2	256	3825
PB.130931.2	ENST00000361204.9	0	696
PB.130931.2	ENST00000612482.4	256	696
PB.130931.2	PB.8715.2	256	696
PB.130931.2	PB.3863.5	256	687
PB.130931.2	PB.8715.6	256	678
PB.8715.5	PB.8715.2	0	4042
PB.8715.5	ENST00000361204.9	256	4042
PB.8715.5	ENST00000612482.4	256	3916
PB.8715.5	PB.3863.5	256	3912
PB.8715.5	PB.8715.6	256	3483
PB.8715.5	PB.88841.3	256	3788
PB.3863.4	ENST00000361204.9	0	4947
PB.3863.4	ENST00000612482.4	256	4821
PB.3863.4	PB.3863.5	256	4817
PB.3863.4	PB.8715.2	256	4289
PB.3863.4	PB.8715.6	256	3729
PB.8715.4	ENST00000612482.4	0	3311
PB.8715.4	ENST00000361204.9	256	3410
PB.8715.4	PB.3863.5	256	3305
PB.88841.2	PB.3863.5	0	3408
PB.88841.2	ENST00000361204.9	256	3508
PB.88841.2	ENST00000612482.4	256	3408
PB.88841.2	PB.8715.2	256	3508
PB.88841.2	PB.8715.6	256	2979
PB.88841.2	PB.88841.3	256	3258
PB.88841.1	ENST00000361204.9	0	3888
PB.88841.1	PB.8715.2	256	3888
PB.88841.1	PB.3863.5	256	3762
PB.88841.1	ENST00000612482.4	256	3762
PB.88841.1	PB.8715.6	256	3333
PB.88841.1	PB.88841.3	256	3640
PB.3863.6	PB.8715.2	0	2915
PB.3863.6	ENST00000361204.9	256	2915
PB.3863.6	PB.3863.5	256	2789
PB.3863.6	ENST00000612482.4	256	2789
PB.3863.6	PB.8715.6	256	2362
PB.3863.6	PB.88841.3	256	2667
PB.8715.7	PB.8715.2	0	4048
PB.8715.7	ENST00000361204.9	256	4048
PB.8715.7	PB.88841.3	256	4034
PB.8715.7	ENST00000612482.4	256	3922
PB.8715.7	PB.3863.5	256	3922
PB.8715.7	PB.8715.6	256	3502
PB.8715.8	ENST00000612482.4	0	4044
PB.8715.8	ENST00000361204.9	256	4143
PB.8715.8	PB.3863.5	256	4042
PB.130931.5	ENST00000612482.4	0	3312
PB.130931.5	ENST00000361204.9	256	3310
PB.130931.5	PB.3863.5	256	3309
PB.130931.5	PB.150603.3	256	2774
PB.157512.1	PB.8715.6	0	335
PB.75795.1	PB.83240.1	0	918
PB.75795.1	ENST00000402338.5	256	871
PB.75795.1	ENST00000404067.5	256	656
PB.96200.3	ENST00000215980.10	0	800
PB.96200.3	PB.96200.1	256	800
PB.96200.3	PB.83240.1	256	798
PB.96200.3	ENST00000402338.5	256	798
PB.96200.3	ENST00000404067.5	256	588
PB.96200.3	ENST00000407253.7	256	586
PB.83240.2	PB.96200.1	0	818
PB.83240.2	ENST00000215980.10	256	818
PB.83240.2	PB.96200.2	256	608
PB.83240.2	ENST00000402338.5	256	687
PB.83240.2	PB.83240.1	256	687
PB.83240.2	ENST00000407253.7	256	589
PB.103802.1	PB.96200.1	0	518
PB.103802.1	ENST00000215980.10	256	518
PB.103802.1	ENST00000402338.5	256	404
PB.103802.1	PB.83240.1	256	404
PB.75795.2	PB.96200.4	0	327
PB.75795.2	PB.83240.1	256	324
PB.75795.2	ENST00000402420.1	256	313
PB.75795.2	ENST00000402338.5	256	277
PB.75795.2	ENST00000404067.5	256	272
PB.15805.1	ENST00000381348.4	0	1259
PB.53031.1	ENST00000381348.4	0	1262
PB.53033.1	ENST00000396398.8	0	1599
PB.53033.1	PB.23101.1	256	1459
PB.130932.1	ENST00000396398.8	0	3372
PB.130932.1	PB.130932.4	256	3201
PB.130932.1	PB.130932.3	256	2979
PB.130932.1	PB.137400.2	256	3109
PB.130932.1	PB.143914.1	256	2988
PB.124843.1	ENST00000396398.8	0	3499
PB.124843.1	PB.130932.3	256	2878
PB.124843.1	PB.130932.4	256	3039
PB.124843.1	PB.137400.2	256	2947
PB.124843.1	PB.143914.1	256	2826
PB.137400.1	ENST00000396398.8	0	2818
PB.137400.1	PB.143914.1	256	2818
PB.137400.1	PB.137400.2	256	2815
PB.137400.1	PB.130932.3	256	2810
PB.137400.1	PB.130932.4	256	2800
PB.137400.1	PB.164622.1	256	2468
PB.124843.3	ENST00000396398.8	0	3541
PB.124843.3	PB.130932.3	256	2924
PB.124843.3	PB.130932.4	256	3085
PB.124843.3	PB.137400.2	256	2993
PB.124843.3	PB.143914.1	256	2870
PB.130932.5	PB.130932.4	0	3218
PB.130932.5	ENST00000396398.8	256	3211
PB.130932.5	PB.137400.2	256	3093
PB.130932.5	PB.130932.3	256	2841
PB.130932.5	PB.143914.1	256	2967
PB.103804.2	ENST00000331479.4	0	513
PB.103804.2	PB.103804.1	256	513
PB.164624.1	PB.157513.1	0	2034
PB.164624.1	ENST00000332965.4	256	1949
PB.103805.1	ENST00000669665.1	0	537
PB.124845.1	ENST00000323013.7	0	3588
PB.15808.1	ENST00000323013.7	0	1961
PB.15808.1	PB.37959.2	256	1959
PB.15808.1	PB.150604.1	256	1737
PB.150604.2	ENST00000323013.7	0	2487
PB.150604.2	PB.150604.1	256	2344
PB.15808.2	PB.150604.3	0	1801
PB.23103.1	ENST00000327678.10	0	542
PB.23103.1	ENST00000340239.8	256	380
PB.68328.1	ENST00000327678.10	0	1284
PB.68328.1	ENST00000340239.8	256	1082
PB.157515.1	PB.164625.1	16	1447
PB.157515.1	PB.37960.1	272	1447
PB.157515.1	ENST00000357802.6	272	1447
PB.157515.1	ENST00000340239.8	2048	393
PB.157515.1	ENST00000327678.10	256	351
PB.68328.2	ENST00000327678.10	0	1226
PB.68328.2	ENST00000340239.8	256	1008
PB.68328.3	ENST00000327678.10	0	1176
PB.68328.3	ENST00000340239.8	256	946
PB.53035.1	PB.164625.1	0	885
PB.53035.1	ENST00000357802.6	256	883
PB.75797.1	ENST00000357802.6	0	673
PB.75797.1	PB.164625.1	256	673
PB.75797.1	PB.37960.3	256	670
PB.75797.1	ENST00000566851.5	256	617
PB.83241.1	ENST00000357802.6	0	926
PB.83241.1	PB.164625.1	256	907
PB.83241.1	PB.37960.3	256	904
PB.83241.1	ENST00000566851.5	256	833
PB.15809.2	PB.164625.1	0	675
PB.15809.2	ENST00000357802.6	256	675
PB.15809.2	PB.37960.3	256	672
PB.15809.2	ENST00000566851.5	256	619
PB.15809.2	PB.37960.1	256	584
PB.88846.1	PB.37960.3	0	1724
PB.88846.1	ENST00000323013.7	2048	440
PB.130933.1	PB.37960.3	0	820
PB.157517.1	PB.37960.3	0	1870
PB.164625.3	PB.37960.3	0	973
PB.130934.4	PB.124846.1	0	3168
PB.130934.4	ENST00000252115.10	256	3138
PB.130934.4	ENST00000451060.6	256	3090
PB.130934.4	ENST00000348657.6	256	2968
PB.130934.4	PB.130934.6	256	2944
PB.130934.4	PB.137402.1	256	2883
PB.130934.5	PB.124846.1	0	2843
PB.130934.5	ENST00000451060.6	256	2783
PB.130934.5	ENST00000252115.10	256	2798
PB.130934.5	ENST00000348657.6	256	2646
PB.130934.5	PB.130934.6	256	2604
PB.130934.5	PB.137402.1	256	2543
PB.130934.3	ENST00000451060.6	0	3203
PB.130934.3	PB.124846.1	256	3247
PB.130934.3	ENST00000252115.10	256	3202
PB.130934.3	ENST00000348657.6	256	3050
PB.130934.3	PB.130934.6	256	3008
PB.130934.3	PB.137402.1	256	2947
PB.88847.1	ENST00000252115.10	0	3277
PB.88847.1	PB.124846.1	256	3277
PB.88847.1	ENST00000451060.6	256	3200
PB.88847.1	PB.130934.6	256	3077
PB.88847.1	ENST00000348657.6	256	3077
PB.88847.1	PB.137402.1	256	3106
PB.130934.12	PB.130934.6	0	3127
PB.130934.12	ENST00000348657.6	256	3127
PB.130934.12	PB.124846.1	256	3014
PB.130934.12	ENST00000252115.10	256	3014
PB.130934.12	ENST00000451060.6	256	2963
PB.130934.12	PB.137402.1	256	2760
PB.137402.2	PB.130934.6	0	3055
PB.137402.2	ENST00000348657.6	256	3055
PB.137402.2	ENST00000252115.10	256	2942
PB.137402.2	PB.124846.1	256	2942
PB.137402.2	ENST00000451060.6	256	2891
PB.137402.2	PB.137402.1	256	2688
PB.130934.7	PB.124846.1	0	3049
PB.130934.7	ENST00000252115.10	256	3046
PB.130934.7	ENST00000451060.6	256	2972
PB.130934.7	ENST00000348657.6	256	2849
PB.130934.7	PB.130934.6	256	2849
PB.130934.7	PB.137402.1	256	2791
PB.130934.10	ENST00000348657.6	0	3186
PB.130934.10	PB.130934.6	256	3186
PB.130934.10	PB.124846.1	256	3073
PB.130934.10	ENST00000451060.6	256	3022
PB.130934.10	ENST00000252115.10	256	3069
PB.130934.10	PB.137402.1	256	2814
PB.130934.11	ENST00000348657.6	0	3118
PB.130934.11	PB.130934.6	256	3118
PB.130934.11	ENST00000451060.6	256	2954
PB.130934.11	PB.124846.1	256	3005
PB.130934.11	ENST00000252115.10	256	3001
PB.130934.11	PB.137402.1	256	2746
PB.130934.8	PB.124846.1	0	3272
PB.130934.8	ENST00000451060.6	256	3195
PB.130934.8	ENST00000252115.10	256	3227
PB.130934.8	ENST00000348657.6	256	3072
PB.130934.8	PB.130934.6	256	3034
PB.130934.8	PB.137402.1	256	2972
PB.68330.2	ENST00000348657.6	0	1075
PB.68330.2	ENST00000451060.6	256	918
PB.68330.2	PB.124846.1	256	959
PB.68330.2	PB.130934.6	256	1034
PB.68330.2	ENST00000252115.10	256	914
PB.68330.2	ENST00000617178.4	256	714
PB.124846.2	ENST00000451060.6	0	3205
PB.124846.2	ENST00000252115.10	256	3277
PB.124846.2	PB.124846.1	256	3277
PB.124846.2	ENST00000348657.6	256	3077
PB.124846.2	PB.130934.6	256	3077
PB.124846.2	PB.137402.1	256	3106
PB.130934.9	ENST00000252115.10	0	3226
PB.130934.9	PB.124846.1	256	3226
PB.130934.9	ENST00000451060.6	256	3149
PB.130934.9	PB.130934.6	256	3026
PB.130934.9	ENST00000348657.6	256	3026
PB.130934.9	PB.137402.1	256	3106
PB.124846.3	PB.124846.1	0	3315
PB.124846.3	ENST00000451060.6	256	3258
PB.124846.3	ENST00000252115.10	256	3270
PB.124846.3	ENST00000348657.6	256	3118
PB.124846.3	PB.130934.6	256	3077
PB.124846.3	PB.137402.1	256	3015
PB.130934.13	PB.124846.1	0	3305
PB.130934.13	ENST00000451060.6	256	3228
PB.130934.13	ENST00000252115.10	256	3270
PB.130934.13	ENST00000348657.6	256	3105
PB.130934.13	PB.130934.6	256	3077
PB.130934.13	PB.137402.1	256	3015
PB.45504.1	ENST00000352397.10	0	1568
PB.45504.1	PB.37962.1	256	1558
PB.45504.1	PB.23105.2	256	1317
PB.45504.1	PB.157518.1	256	832
PB.45504.1	ENST00000361740.8	256	1472
PB.45504.1	ENST00000407623.7	256	1435
PB.60721.2	ENST00000352397.10	0	1214
PB.60721.2	PB.37962.1	256	1214
PB.60721.2	PB.23105.2	256	973
PB.60721.2	ENST00000407623.7	256	1140
PB.60721.2	ENST00000407332.5	256	1140
PB.60721.2	ENST00000361740.8	256	1140
PB.60721.1	PB.37962.1	0	1400
PB.60721.1	ENST00000352397.10	256	1400
PB.60721.1	PB.23105.2	256	1159
PB.60721.1	PB.157518.1	256	670
PB.60721.1	ENST00000407623.7	256	1314
PB.60721.1	ENST00000361740.8	256	1314
PB.53037.1	PB.37962.1	0	1429
PB.53037.1	ENST00000352397.10	256	1429
PB.53037.1	PB.23105.2	256	1188
PB.53037.1	PB.157518.1	256	699
PB.53037.1	ENST00000407623.7	256	1335
PB.53037.1	ENST00000361740.8	256	1335
PB.68331.1	ENST00000361740.8	0	1210
PB.68331.1	ENST00000352397.10	256	1210
PB.68331.1	PB.157518.1	256	1207
PB.68331.1	PB.53037.6	256	1203
PB.68331.1	PB.23105.2	256	1203
PB.68331.1	PB.37962.1	256	1203
PB.45504.2	ENST00000352397.10	0	1704
PB.45504.2	PB.37962.1	256	1697
PB.45504.2	PB.23105.2	256	1456
PB.45504.2	PB.157518.1	256	974
PB.45504.2	ENST00000361740.8	256	1607
PB.45504.2	ENST00000407623.7	256	1573
PB.45504.4	ENST00000361740.8	0	1717
PB.45504.4	ENST00000352397.10	256	1717
PB.45504.4	PB.53037.6	256	1712
PB.45504.4	PB.37962.1	256	1712
PB.45504.4	ENST00000407623.7	256	1685
PB.45504.4	PB.23105.2	256	1471
PB.53037.3	ENST00000352397.10	0	1353
PB.53037.3	PB.37962.1	256	1346
PB.53037.3	PB.23105.2	256	1105
PB.53037.3	PB.157518.1	256	626
PB.53037.3	ENST00000361740.8	256	1256
PB.53037.3	ENST00000407623.7	256	1222
PB.45504.5	ENST00000352397.10	0	1500
PB.45504.5	PB.37962.1	256	1495
PB.45504.5	PB.23105.2	256	1254
PB.45504.5	PB.157518.1	256	772
PB.45504.5	ENST00000361740.8	256	1403
PB.45504.5	ENST00000407623.7	256	1371
PB.45504.6	ENST00000352397.10	0	1753
PB.45504.6	PB.37962.1	256	1749
PB.45504.6	PB.23105.2	256	1508
PB.45504.6	PB.157518.1	256	1023
PB.45504.6	ENST00000361740.8	256	1656
PB.45504.6	ENST00000407623.7	256	1625
PB.45504.7	ENST00000352397.10	0	1634
PB.45504.7	PB.37962.1	256	1634
PB.45504.7	PB.23105.2	256	1393
PB.45504.7	ENST00000361740.8	256	1568
PB.45504.7	ENST00000407623.7	256	1543
PB.45504.7	ENST00000407332.5	256	1532
PB.45504.8	ENST00000352397.10	0	1563
PB.45504.8	PB.37962.1	256	1563
PB.45504.8	PB.23105.2	256	1322
PB.45504.8	ENST00000361740.8	256	1492
PB.45504.8	ENST00000407623.7	256	1465
PB.45504.8	ENST00000407332.5	256	1454
PB.68331.3	ENST00000352397.10	0	1244
PB.68331.3	PB.37962.1	256	1244
PB.68331.3	PB.23105.2	256	1003
PB.68331.3	ENST00000407332.5	256	1169
PB.68331.3	ENST00000407623.7	256	1169
PB.68331.3	ENST00000361740.8	256	1169
PB.60721.3	ENST00000352397.10	0	1250
PB.60721.3	PB.37962.1	256	1250
PB.60721.3	PB.23105.2	256	1009
PB.60721.3	ENST00000361740.8	256	1174
PB.60721.3	ENST00000407332.5	256	1174
PB.60721.3	ENST00000407623.7	256	1174
PB.37962.2	PB.37962.1	0	1769
PB.37962.2	ENST00000361740.8	256	1769
PB.37962.2	ENST00000352397.10	256	1769
PB.37962.2	PB.53037.6	256	1768
PB.37962.2	ENST00000407623.7	256	1742
PB.37962.2	PB.23105.2	256	1528
PB.96202.1	PB.23105.2	0	473
PB.96202.1	PB.37962.1	256	473
PB.96202.1	ENST00000352397.10	256	473
PB.96202.1	PB.157518.1	256	473
PB.96202.1	ENST00000361740.8	2048	355
PB.96202.1	ENST00000407623.7	256	355
PB.30499.2	PB.37962.1	0	1816
PB.30499.2	ENST00000352397.10	256	1816
PB.30499.2	PB.23105.2	256	1575
PB.30499.2	PB.157518.1	256	1089
PB.30499.2	ENST00000361740.8	256	1719
PB.30499.2	ENST00000407623.7	256	1692
PB.45504.9	ENST00000352397.10	0	1688
PB.45504.9	PB.37962.1	256	1688
PB.45504.9	PB.23105.2	256	1447
PB.45504.9	ENST00000361740.8	256	1663
PB.45504.9	ENST00000407623.7	256	1637
PB.45504.9	PB.157518.1	256	1161
PB.60721.4	ENST00000352397.10	0	1270
PB.60721.4	PB.37962.1	256	1270
PB.60721.4	ENST00000361740.8	256	1231
PB.60721.4	PB.23105.2	256	1231
PB.60721.4	ENST00000407623.7	256	1206
PB.60721.4	ENST00000407332.5	256	1195
PB.83242.2	PB.37962.1	0	657
PB.83242.2	ENST00000352397.10	256	657
PB.83242.2	ENST00000361740.8	256	657
PB.83242.2	PB.23105.2	256	657
PB.83242.2	ENST00000407623.7	256	632
PB.83242.2	ENST00000407332.5	256	621
PB.68331.4	PB.23105.2	0	1230
PB.68331.4	PB.157518.1	256	1230
PB.68331.4	ENST00000361740.8	256	1230
PB.68331.4	PB.37962.1	256	1230
PB.68331.4	ENST00000352397.10	256	1230
PB.68331.4	PB.53037.6	256	1230
PB.60721.5	ENST00000352397.10	0	1228
PB.60721.5	PB.37962.1	256	1228
PB.60721.5	PB.23105.2	256	987
PB.60721.5	PB.157518.1	256	501
PB.60721.5	ENST00000407623.7	256	1131
PB.60721.5	ENST00000361740.8	256	1131
PB.30499.3	PB.37962.1	0	1763
PB.30499.3	ENST00000352397.10	256	1763
PB.30499.3	PB.23105.2	256	1522
PB.30499.3	ENST00000361740.8	256	1708
PB.30499.3	ENST00000407623.7	256	1686
PB.30499.3	ENST00000407332.5	256	1675
PB.37962.3	PB.37962.1	0	1725
PB.37962.3	ENST00000352397.10	256	1725
PB.37962.3	PB.23105.2	256	1484
PB.37962.3	ENST00000407623.7	256	1660
PB.37962.3	ENST00000361740.8	256	1660
PB.37962.3	ENST00000407332.5	256	1652
PB.45504.10	ENST00000352397.10	0	1784
PB.45504.10	PB.37962.1	256	1784
PB.45504.10	PB.23105.2	256	1543
PB.45504.10	ENST00000361740.8	256	1704
PB.45504.10	ENST00000407623.7	256	1704
PB.45504.10	ENST00000407332.5	256	1696
PB.60721.6	ENST00000352397.10	0	1369
PB.60721.6	PB.37962.1	256	1369
PB.60721.6	PB.23105.2	256	1128
PB.60721.6	ENST00000361740.8	256	1286
PB.60721.6	ENST00000407623.7	256	1286
PB.60721.6	ENST00000407332.5	256	1277
PB.60721.7	PB.37962.1	0	1485
PB.60721.7	ENST00000352397.10	256	1485
PB.60721.7	PB.23105.2	256	1244
PB.60721.7	ENST00000407332.5	256	1388
PB.60721.7	ENST00000407623.7	256	1388
PB.60721.7	ENST00000361740.8	256	1388
PB.157519.1	PB.137403.2	0	2117
PB.157519.1	PB.164627.2	256	2255
PB.157519.1	PB.164627.1	256	2280
PB.23106.2	PB.137403.1	0	2020
PB.23106.2	ENST00000642412.2	256	2020
PB.23106.2	ENST00000249005.3	256	2019
PB.23106.2	PB.15811.1	256	2018
PB.23106.2	PB.164627.2	256	1877
PB.23106.2	PB.164627.1	256	1877
PB.157520.1	ENST00000263245.10	0	2538
PB.157520.1	PB.88848.1	256	1211
PB.157520.1	PB.164628.3	256	2314
PB.157520.1	PB.164628.2	256	2027
PB.150606.1	ENST00000263245.10	0	2618
PB.150606.1	PB.88848.1	256	1303
PB.150606.1	PB.164628.3	256	2406
PB.150606.1	PB.164628.2	256	2122
PB.157520.3	ENST00000263245.10	0	2476
PB.157520.3	PB.88848.1	256	1190
PB.157520.3	PB.164628.3	256	2270
PB.157520.3	PB.164628.2	256	1981
PB.157520.4	ENST00000263245.10	0	2234
PB.157520.4	PB.164628.3	256	2028
PB.157520.4	PB.164628.2	256	1739
PB.157520.4	PB.88848.1	256	1936
PB.137405.1	PB.130935.3	0	2992
PB.137405.1	ENST00000263246.8	256	2991
PB.137405.1	PB.130935.6	256	2990
PB.137405.1	PB.143919.3	256	2885
PB.137405.1	ENST00000337959.8	256	2720
PB.137405.1	ENST00000407585.5	256	2717
PB.137405.2	ENST00000263246.8	0	2979
PB.137405.2	ENST00000337959.8	256	3001
PB.137405.2	ENST00000407585.5	256	2997
PB.137405.2	PB.130935.6	256	2851
PB.137405.2	PB.130935.3	256	2850
PB.137405.2	PB.143919.3	256	2613
PB.137405.4	ENST00000263246.8	0	2984
PB.137405.4	PB.130935.6	256	2984
PB.137405.4	PB.130935.3	256	2984
PB.137405.4	PB.143919.3	256	2885
PB.137405.4	ENST00000337959.8	256	2712
PB.137405.4	ENST00000407585.5	256	2711
PB.130935.7	PB.130935.3	0	3124
PB.130935.7	ENST00000263246.8	256	3121
PB.130935.7	PB.130935.6	256	3121
PB.130935.7	ENST00000407585.5	256	2851
PB.130935.7	ENST00000337959.8	256	2849
PB.130935.7	PB.143919.3	256	2885
PB.143919.2	PB.150607.1	0	2593
PB.143919.2	PB.143919.3	256	2593
PB.143919.2	ENST00000263246.8	256	2593
PB.143919.2	PB.130935.6	256	2593
PB.143919.2	PB.130935.3	256	2593
PB.143919.2	PB.157521.1	256	2590
PB.130935.5	PB.130935.6	0	3104
PB.130935.5	PB.130935.3	256	3104
PB.130935.5	ENST00000263246.8	256	3104
PB.130935.5	ENST00000337959.8	256	2832
PB.130935.5	ENST00000407585.5	256	2831
PB.130935.5	PB.143919.3	256	2885
PB.130935.8	ENST00000263246.8	0	3104
PB.130935.8	PB.130935.6	256	2977
PB.130935.8	PB.130935.3	256	2975
PB.130935.8	ENST00000337959.8	256	2705
PB.130935.8	ENST00000407585.5	256	2702
PB.130935.8	PB.143919.3	256	2748
PB.143919.1	ENST00000337959.8	0	2867
PB.143919.1	ENST00000407585.5	256	2866
PB.143919.1	PB.130935.6	256	2718
PB.143919.1	ENST00000263246.8	256	2718
PB.143919.1	PB.130935.3	256	2718
PB.143919.1	PB.143919.3	256	2613
PB.130935.4	PB.130935.6	0	3123
PB.130935.4	ENST00000263246.8	256	3123
PB.130935.4	PB.130935.3	256	3121
PB.130935.4	ENST00000337959.8	256	2852
PB.130935.4	ENST00000407585.5	256	2848
PB.130935.4	PB.143919.3	256	2885
PB.3865.3	PB.3865.2	0	4220
PB.3865.3	PB.3865.1	256	1078
PB.60722.1	PB.53039.1	0	1526
PB.60722.1	ENST00000266254.12	256	1504
PB.60722.1	PB.53039.2	256	1442
PB.60722.1	PB.68333.1	256	1349
PB.53039.3	PB.53039.1	0	1510
PB.53039.3	ENST00000266254.12	256	1508
PB.53039.3	PB.53039.2	256	1450
PB.53039.3	PB.68333.1	256	1290
PB.83247.1	ENST00000290429.11	0	765
PB.83247.1	PB.68334.2	256	762
PB.75802.1	PB.83247.2	0	1089
PB.75802.1	ENST00000290429.11	256	853
PB.75802.1	ENST00000327555.5	256	1063
PB.75802.1	PB.68334.2	256	836
PB.75802.2	ENST00000290429.11	0	1259
PB.75802.2	PB.68334.2	256	1242
PB.75802.2	PB.83247.2	256	836
PB.150608.1	PB.68334.2	0	752
PB.150608.1	ENST00000290429.11	256	752
PB.103811.1	ENST00000337554.8	0	384
PB.103811.1	PB.96205.2	256	372
PB.103811.1	PB.83248.1	256	339
PB.103811.1	ENST00000396265.4	256	339
PB.103811.1	ENST00000329563.8	256	331
PB.96205.1	ENST00000337554.8	0	641
PB.96205.1	PB.96205.2	256	629
PB.96205.1	ENST00000396265.4	256	596
PB.96205.1	PB.83248.1	256	596
PB.96205.1	ENST00000329563.8	256	565
PB.96205.1	PB.103811.2	256	584
PB.164632.1	PB.130937.2	0	1813
PB.164632.1	ENST00000216129.7	256	1813
PB.164632.1	PB.124848.2	256	1692
PB.164632.1	PB.137406.1	256	1567
PB.157522.1	ENST00000216129.7	0	1906
PB.157522.1	PB.130937.2	256	1894
PB.157522.1	PB.124848.2	256	1768
PB.157522.1	PB.137406.1	256	1634
PB.150609.1	ENST00000216129.7	0	1909
PB.150609.1	PB.130937.2	256	1908
PB.150609.1	PB.124848.2	256	1783
PB.150609.1	PB.137406.1	256	1649
PB.15813.1	ENST00000216129.7	0	2135
PB.15813.1	PB.23108.1	256	2135
PB.15813.1	PB.157522.2	256	2135
PB.15813.1	PB.150609.2	256	2135
PB.15813.1	PB.130937.2	256	2135
PB.15813.1	PB.124848.2	256	2135
PB.150609.3	PB.150609.2	0	2472
PB.150609.3	PB.130937.2	256	2472
PB.150609.3	PB.157522.2	256	2472
PB.150609.3	ENST00000216129.7	256	2472
PB.150609.3	PB.164632.2	256	2472
PB.150609.3	PB.124848.2	256	2351
PB.130937.1	ENST00000216129.7	0	3152
PB.130937.1	PB.130937.2	256	3151
PB.130937.1	PB.124848.2	256	3025
PB.130937.1	PB.137406.1	256	2891
PB.130937.1	PB.150609.2	256	2604
PB.164632.3	PB.157522.2	0	2330
PB.164632.3	PB.164632.2	256	2330
PB.164632.3	PB.150609.2	256	2330
PB.164632.3	ENST00000216129.7	256	2330
PB.164632.3	PB.130937.2	256	2330
PB.164632.3	PB.137406.1	256	2330
PB.157522.3	PB.137406.1	0	2481
PB.157522.3	ENST00000216129.7	256	2481
PB.157522.3	PB.150609.2	256	2481
PB.157522.3	PB.157522.2	256	2481
PB.157522.3	PB.130937.2	256	2481
PB.157522.3	PB.164632.2	256	2480
PB.124848.4	PB.130937.2	0	3218
PB.124848.4	ENST00000216129.7	256	3218
PB.124848.4	PB.124848.2	256	3097
PB.124848.4	PB.137406.1	256	2968
PB.124848.4	PB.150609.2	256	2681
PB.137406.2	ENST00000216129.7	0	2992
PB.137406.2	PB.130937.2	256	2986
PB.137406.2	PB.124848.2	256	2865
PB.137406.2	PB.137406.1	256	2974
PB.137406.2	PB.150609.2	256	2815
PB.137406.2	PB.157522.2	256	2629
PB.150609.4	ENST00000216129.7	0	2686
PB.150609.4	PB.137406.1	256	2686
PB.150609.4	PB.130937.2	256	2686
PB.150609.4	PB.150609.2	256	2686
PB.150609.4	PB.124848.2	256	2565
PB.150609.4	PB.157522.2	256	2628
PB.30504.1	PB.23109.1	0	769
PB.30504.1	ENST00000423180.2	256	775
PB.30504.1	ENST00000216180.8	256	749
PB.15814.3	ENST00000216180.8	0	1916
PB.15814.3	PB.23109.1	256	1633
PB.15814.3	ENST00000423180.2	256	1578
PB.88851.1	ENST00000216180.8	0	2468
PB.88851.1	PB.23109.1	256	2245
PB.88851.1	ENST00000423180.2	256	2192
PB.37965.1	PB.23109.1	0	585
PB.37965.1	ENST00000216180.8	256	578
PB.37965.1	ENST00000423180.2	256	560
PB.124849.2	PB.23109.1	0	299
PB.124849.2	ENST00000216180.8	256	294
PB.124849.2	ENST00000423180.2	256	284
PB.124849.2	ENST00000216180.8	2048	235
PB.124849.2	ENST00000423180.2	256	235
PB.124849.2	PB.23109.1	256	235
PB.157523.2	ENST00000216180.8	0	2478
PB.157523.2	PB.23109.1	256	2187
PB.157523.2	ENST00000423180.2	256	2142
PB.37965.2	ENST00000216180.8	0	656
PB.37965.2	PB.23109.1	256	656
PB.37965.2	ENST00000423180.2	256	629
PB.150610.1	ENST00000216180.8	0	1209
PB.83250.1	PB.75805.1	0	1112
PB.83250.1	PB.53043.1	256	1112
PB.83250.1	ENST00000350028.5	256	1112
PB.83250.1	PB.37966.1	256	982
PB.45508.1	ENST00000338758.12	0	1571
PB.45508.1	PB.53044.2	256	1433
PB.45508.1	ENST00000404989.1	256	1376
PB.45508.1	ENST00000619710.4	256	1277
PB.60725.2	ENST00000338758.12	0	1351
PB.60725.2	PB.53044.2	256	1186
PB.60725.2	ENST00000404989.1	256	1155
PB.60725.2	ENST00000619710.4	256	1030
PB.60725.3	ENST00000338758.12	0	1232
PB.60725.3	PB.53044.2	256	1068
PB.60725.3	PB.75806.2	256	1231
PB.60725.3	ENST00000404989.1	256	1230
PB.60725.3	ENST00000406477.7	256	1230
PB.60725.3	ENST00000619710.4	256	1067
PB.75806.1	ENST00000338758.12	0	1232
PB.75806.1	PB.75806.2	256	1134
PB.75806.1	ENST00000404989.1	256	1082
PB.75806.1	ENST00000406477.7	256	1079
PB.75806.1	PB.53044.2	256	1129
PB.75806.1	ENST00000619710.4	256	981
PB.60725.4	ENST00000338758.12	0	1367
PB.60725.4	PB.53044.2	256	1203
PB.60725.4	ENST00000404989.1	256	1181
PB.60725.4	ENST00000619710.4	256	1055
PB.143921.1	ENST00000338758.12	0	1757
PB.124850.1	ENST00000338758.12	0	3333
PB.68337.2	ENST00000404989.1	0	1230
PB.68337.2	ENST00000338758.12	256	1229
PB.68337.2	PB.75806.2	256	1229
PB.68337.2	ENST00000406477.7	256	1228
PB.68337.2	ENST00000619710.4	256	1065
PB.68337.2	PB.53044.2	256	1065
PB.68338.1	ENST00000422871.5	0	1260
PB.68338.1	ENST00000444313.8	256	1233
PB.68338.2	ENST00000422871.5	0	1300
PB.68338.2	ENST00000444313.8	256	1300
PB.68338.3	ENST00000422871.5	0	1415
PB.68338.3	ENST00000444313.8	256	1413
PB.130938.1	ENST00000422871.5	0	1082
PB.130938.1	ENST00000444313.8	256	1082
PB.3867.2	ENST00000381176.5	0	6648
PB.30509.1	PB.45510.2	0	1277
PB.30509.1	ENST00000336985.11	256	1277
PB.30509.1	ENST00000006251.11	256	1277
PB.30509.1	PB.53046.1	256	1277
PB.30509.1	ENST00000403581.5	256	1277
PB.30509.1	ENST00000611394.4	256	1277
PB.45510.3	ENST00000336985.11	0	1670
PB.45510.3	ENST00000611394.4	256	1585
PB.45510.3	PB.53046.1	256	1585
PB.45510.3	ENST00000403581.5	256	1585
PB.45510.3	PB.45510.2	256	1585
PB.45510.3	ENST00000006251.11	256	1584
PB.96207.1	ENST00000426282.6	0	600
PB.96207.2	ENST00000426282.6	0	717
PB.30510.1	ENST00000347635.9	0	1809
PB.30510.1	PB.30510.2	256	1795
PB.30510.1	PB.23114.2	256	1593
PB.30510.1	ENST00000407019.6	256	1567
PB.3869.4	ENST00000347635.9	0	4890
PB.75808.1	PB.30510.2	0	539
PB.75808.1	ENST00000347635.9	256	539
PB.75808.1	PB.23114.2	256	323
PB.75808.1	ENST00000407019.6	256	356
PB.124851.1	ENST00000347635.9	0	3167
PB.8721.2	ENST00000336156.10	0	4342
PB.150615.2	ENST00000251993.11	0	2501
PB.150615.2	ENST00000391627.6	256	2498
PB.150615.2	ENST00000336156.10	256	2500
PB.150615.2	PB.150615.4	256	2499
PB.150615.2	PB.164635.1	256	2300
PB.150615.2	PB.15816.1	256	2262
PB.157527.2	ENST00000336156.10	0	2587
PB.157527.2	PB.150615.4	256	2586
PB.157527.2	ENST00000251993.11	256	2499
PB.157527.2	ENST00000391627.6	256	2498
PB.157527.2	PB.164635.1	256	2298
PB.157527.2	PB.15816.1	256	2262
PB.164635.3	PB.150615.4	0	2098
PB.164635.3	ENST00000251993.11	256	2098
PB.164635.3	ENST00000336156.10	256	2098
PB.164635.3	PB.164635.1	256	2098
PB.164635.3	ENST00000391627.6	256	2097
PB.164635.3	PB.15816.1	256	2070
PB.15817.1	ENST00000441876.7	0	1871
PB.15817.1	ENST00000216214.7	256	1779
PB.75810.1	ENST00000405673.5	0	977
PB.75810.1	PB.157528.1	2048	547
PB.23117.1	ENST00000441876.7	0	1191
PB.23117.1	ENST00000216214.7	256	1099
PB.88857.1	ENST00000441876.7	0	1905
PB.88857.1	ENST00000216214.7	256	1813
PB.88857.1	PB.157528.1	256	1170
PB.137409.1	ENST00000441876.7	0	2715
PB.137409.1	ENST00000216214.7	256	2623
PB.137409.1	PB.157528.1	256	1980
PB.37974.1	ENST00000441876.7	0	708
PB.37974.1	ENST00000216214.7	256	634
PB.37974.1	PB.157528.1	256	672
PB.164636.1	ENST00000441876.7	0	2243
PB.164636.1	ENST00000216214.7	256	2243
PB.164636.1	PB.157528.1	256	2215
PB.164636.1	PB.30513.2	256	2101
PB.37974.2	ENST00000216214.7	0	1859
PB.37974.2	ENST00000441876.7	256	1859
PB.53049.1	PB.68342.2	0	1101
PB.150617.1	ENST00000327858.11	0	2720
PB.150617.1	PB.143929.1	256	2720
PB.150617.1	PB.157529.1	256	2519
PB.150617.1	PB.15818.2	256	2315
PB.37976.1	ENST00000252934.10	0	1780
PB.37976.1	PB.45516.2	256	1588
PB.37976.1	ENST00000381061.8	256	1370
PB.37976.1	PB.45516.1	256	1368
PB.30516.1	ENST00000252934.10	0	1889
PB.30516.1	PB.45516.2	256	1702
PB.30516.1	ENST00000381061.8	256	1479
PB.30516.1	PB.45516.1	256	1477
PB.164637.1	ENST00000252934.10	0	601
PB.83257.1	ENST00000435439.5	0	209
PB.83257.2	ENST00000435439.5	0	373
PB.164639.1	ENST00000360737.4	0	1875
PB.164639.1	ENST00000435439.5	256	1807
PB.3870.1	ENST00000407236.5	0	8136
PB.3870.1	ENST00000262735.9	256	8013
PB.88859.1	ENST00000262735.9	0	3801
PB.88859.1	ENST00000407236.5	256	3675
PB.130944.1	PB.124854.1	0	3149
PB.143931.1	PB.150620.1	0	2487
PB.143931.1	ENST00000381031.8	256	2206
PB.143931.1	PB.150620.3	256	2205
PB.143931.1	PB.15822.2	256	1935
PB.130945.1	ENST00000381031.8	0	2566
PB.130945.1	PB.150620.3	256	2564
PB.130945.1	PB.150620.1	256	2416
PB.130945.1	PB.15822.2	256	2294
PB.130945.1	PB.23121.1	256	2130
PB.150620.2	ENST00000381031.8	0	2501
PB.150620.2	PB.150620.3	256	2501
PB.150620.2	PB.150620.1	256	2349
PB.150620.2	PB.15822.2	256	2293
PB.150620.2	PB.23121.1	256	2130
PB.143931.2	PB.150620.1	0	2543
PB.143931.2	PB.150620.3	256	2265
PB.143931.2	ENST00000381031.8	256	2265
PB.143931.2	PB.15822.2	256	2137
PB.157531.1	PB.150620.1	0	625
PB.157531.1	ENST00000381031.8	256	625
PB.157531.1	PB.150620.3	256	625
PB.8723.1	PB.150620.1	0	636
PB.8723.1	PB.150620.3	256	636
PB.8723.1	ENST00000381031.8	256	636
PB.37979.2	PB.150620.1	0	1955
PB.37979.2	ENST00000381031.8	256	1678
PB.37979.2	PB.15822.2	256	1678
PB.37979.2	PB.150620.3	256	1677
PB.37979.2	PB.23121.1	256	1669
PB.37979.2	PB.53053.1	256	1733
PB.111692.1	ENST00000454366.2	0	388
PB.111692.1	PB.150621.1	256	385
PB.111692.1	PB.8724.4	256	343
PB.111692.1	PB.3872.3	256	327
PB.8724.1	PB.8724.4	0	3863
PB.8724.1	PB.3872.3	256	3847
PB.8724.1	PB.88860.1	256	3436
PB.8724.2	PB.8724.4	0	4334
PB.8724.2	PB.3872.3	256	4315
PB.8724.2	PB.88860.1	256	4053
PB.8724.3	ENST00000454366.2	0	1560
PB.8724.3	PB.8724.4	256	1556
PB.8724.3	PB.3872.3	256	1540
PB.8724.3	PB.150621.1	256	1279
PB.8724.3	PB.88860.1	256	1129
PB.3872.2	PB.150621.1	0	1332
PB.3872.2	ENST00000454366.2	256	1332
PB.3872.2	PB.8724.4	256	1332
PB.3872.2	PB.3872.3	256	1316
PB.137410.2	PB.8724.4	0	2118
PB.137410.2	ENST00000454366.2	256	2118
PB.137410.2	PB.150621.1	256	2118
PB.137410.2	PB.3872.3	256	2102
PB.137410.2	PB.88860.1	256	1691
PB.157532.1	ENST00000454366.2	0	2470
PB.157532.1	PB.150621.1	256	2470
PB.157532.1	PB.8724.4	256	2470
PB.157532.1	PB.3872.3	256	2454
PB.157532.1	PB.88860.1	256	2185
PB.96213.1	PB.3872.3	0	776
PB.137410.4	PB.3872.3	0	2903
PB.137410.4	PB.150621.1	256	2454
PB.137410.4	ENST00000454366.2	256	2454
PB.137410.4	PB.8724.4	256	2454
PB.137410.3	PB.3872.3	0	3087
PB.137410.3	ENST00000454366.2	256	2638
PB.137410.3	PB.150621.1	256	2638
PB.137410.3	PB.8724.4	256	2638
PB.8724.5	PB.8724.4	0	4375
PB.8724.5	PB.3872.3	256	4375
PB.8724.5	PB.88860.1	256	3964
PB.75815.1	PB.8724.4	0	1142
PB.75815.1	PB.37980.1	256	1142
PB.75815.1	PB.130946.3	256	1142
PB.75815.1	ENST00000454366.2	256	1142
PB.75815.1	PB.3872.3	256	1142
PB.75815.1	PB.88860.1	256	1142
PB.143932.3	PB.37980.1	0	441
PB.143932.3	PB.150621.1	256	441
PB.143932.3	PB.88860.1	256	441
PB.143932.3	PB.130946.3	256	441
PB.143932.3	PB.8724.4	256	441
PB.143932.3	ENST00000454366.2	256	441
PB.150622.1	PB.150622.2	0	2587
PB.150622.1	PB.143933.1	256	2451
PB.137411.1	PB.130947.1	0	3062
PB.137411.1	PB.137411.2	256	2833
PB.150622.3	PB.143933.1	0	2679
PB.150622.3	PB.150622.2	256	2437
PB.30520.2	PB.143933.1	0	1111
PB.30520.2	PB.150622.2	256	871
PB.30520.2	ENST00000645190.1	256	1078
PB.30520.2	PB.53055.1	256	1140
PB.30520.2	PB.53055.2	256	1073
PB.137411.4	PB.60740.3	0	414
PB.137411.4	PB.150622.2	256	414
PB.137411.4	PB.137411.2	256	414
PB.137411.4	PB.60740.2	256	414
PB.137411.4	PB.60740.1	256	291
PB.137411.4	PB.53055.1	256	291
PB.68346.1	PB.60740.3	0	1286
PB.68346.1	PB.60740.2	256	1205
PB.68346.1	PB.60740.1	256	1181
PB.68346.1	ENST00000645190.1	256	1072
PB.68346.1	PB.53055.1	256	1135
PB.68346.1	PB.53055.2	256	1068
PB.137411.3	PB.137411.2	0	2973
PB.137411.3	PB.130947.1	256	2832
PB.37981.1	PB.150622.2	0	1003
PB.37981.1	PB.143933.1	256	872
PB.37981.1	PB.60740.3	256	1053
PB.60740.4	PB.53055.2	0	1407
PB.60740.4	ENST00000645190.1	256	1407
PB.60740.4	PB.53055.1	256	1263
PB.60740.4	PB.60740.1	256	1215
PB.60740.4	PB.53055.3	256	1287
PB.60740.4	PB.60740.2	256	1167
PB.60740.5	PB.60740.6	0	1437
PB.60740.5	PB.53055.3	256	1300
PB.60740.5	PB.60740.3	256	1355
PB.60740.5	PB.60740.2	256	1274
PB.60740.5	ENST00000645190.1	256	1141
PB.60740.5	PB.53055.2	256	1141
PB.60740.7	PB.53055.3	0	1531
PB.60740.7	PB.53055.1	256	1458
PB.60740.7	PB.60740.6	256	1287
PB.60740.7	PB.53055.2	256	1373
PB.60740.7	ENST00000645190.1	256	1373
PB.60740.7	PB.60740.1	256	1180
PB.68346.2	PB.53055.2	0	1405
PB.68346.2	ENST00000645190.1	256	1405
PB.68346.2	PB.53055.3	256	1403
PB.68346.2	PB.53055.1	256	1261
PB.68346.2	PB.60740.1	256	1213
PB.68346.2	PB.60740.2	256	1165
PB.164643.1	PB.143933.1	0	2366
PB.164643.1	PB.150622.2	256	2276
PB.53055.4	PB.143933.1	0	758
PB.53055.4	PB.150622.2	256	713
PB.8726.2	PB.8726.1	0	4318
PB.8726.2	ENST00000406902.6	256	4318
PB.8726.2	PB.8726.3	256	4318
PB.8726.2	ENST00000361034.7	256	4308
PB.8726.2	PB.124858.1	256	3731
PB.8726.4	PB.8726.1	0	4324
PB.8726.4	ENST00000406902.6	256	4321
PB.8726.4	PB.8726.3	256	4320
PB.8726.4	ENST00000361034.7	256	4313
PB.8726.4	PB.124858.1	256	3731
PB.15824.1	PB.8726.1	0	2209
PB.15824.1	ENST00000361034.7	256	2209
PB.15824.1	PB.137413.1	256	2209
PB.15824.1	ENST00000406902.6	256	2209
PB.15824.1	PB.124858.1	256	2208
PB.15824.1	PB.130950.1	256	2207
PB.88862.1	PB.23125.1	0	1947
PB.30523.1	PB.88862.2	0	1886
PB.30523.1	ENST00000337137.9	256	1875
PB.30523.1	ENST00000380995.5	256	1733
PB.30523.1	ENST00000406733.1	256	1678
PB.30523.1	PB.30523.4	256	1677
PB.30523.1	ENST00000407381.7	256	1464
PB.30523.2	PB.88862.2	0	1758
PB.30523.2	ENST00000337137.9	256	1747
PB.30523.2	ENST00000380995.5	256	1603
PB.30523.2	ENST00000406733.1	256	1550
PB.30523.2	PB.30523.4	256	1549
PB.30523.2	ENST00000407381.7	256	1336
PB.60742.1	ENST00000337137.9	0	1262
PB.60742.1	PB.88862.2	256	1262
PB.60742.1	PB.23125.1	256	1262
PB.60742.1	PB.137416.1	256	1261
PB.60742.1	ENST00000380995.5	256	1091
PB.30523.3	PB.88862.2	0	1977
PB.30523.3	ENST00000337137.9	256	1977
PB.30523.3	ENST00000380995.5	256	1806
PB.30523.3	PB.30523.4	256	1783
PB.30523.3	ENST00000406733.1	256	1783
PB.30523.3	ENST00000407381.7	256	1615
PB.150626.1	ENST00000426452.2	0	1389
PB.150627.1	PB.164646.1	0	2224
PB.150627.1	ENST00000358295.9	256	2223
PB.150627.1	ENST00000402357.6	256	2223
PB.150627.1	PB.157537.1	256	2221
PB.83262.1	ENST00000649077.1	0	847
PB.150628.2	ENST00000404760.5	0	2646
PB.150628.2	ENST00000457780.3	256	2637
PB.150628.2	PB.8729.2	256	2635
PB.150628.2	PB.157538.1	256	2406
PB.150628.2	ENST00000216267.12	256	2106
PB.150628.2	ENST00000404034.5	256	2106
PB.8729.1	ENST00000216267.12	0	4142
PB.8729.1	ENST00000404034.5	256	4141
PB.8729.1	ENST00000404760.5	256	3737
PB.8729.1	ENST00000457780.3	256	3714
PB.8729.1	PB.8729.2	256	3350
PB.15828.1	PB.164650.1	0	2121
PB.15828.1	ENST00000330817.11	256	2101
PB.15828.1	PB.164650.2	256	1980
PB.15828.1	PB.88864.1	256	638
PB.15828.1	PB.164650.3	256	1944
PB.15828.1	PB.30526.1	256	1740
PB.137418.1	PB.164650.1	0	2177
PB.137418.1	ENST00000330817.11	256	2177
PB.137418.1	PB.164650.2	256	2039
PB.137418.1	PB.164650.3	256	2055
PB.137418.1	PB.88864.1	256	714
PB.137418.1	PB.30526.1	256	2010
PB.124865.1	PB.88864.1	0	2691
PB.23127.1	PB.164650.1	0	1963
PB.23127.1	PB.164650.2	256	1850
PB.23127.1	ENST00000330817.11	256	1945
PB.23127.1	PB.88864.1	256	508
PB.23127.1	PB.164650.3	256	1814
PB.23127.1	PB.30526.1	256	1610
PB.164650.4	PB.164650.2	0	2059
PB.164650.4	PB.164650.3	256	2004
PB.164650.4	PB.88864.1	256	734
PB.164650.4	PB.164650.1	256	1809
PB.164650.4	ENST00000330817.11	256	1809
PB.15828.3	PB.164650.1	0	2255
PB.15828.3	PB.164650.2	256	2143
PB.15828.3	ENST00000330817.11	256	2239
PB.15828.3	PB.88864.1	256	802
PB.15828.3	PB.164650.3	256	2112
PB.15828.3	PB.30526.1	256	1908
PB.157540.1	PB.164650.3	0	620
PB.157540.1	PB.164650.2	256	431
PB.157540.1	PB.164650.1	256	431
PB.157540.1	PB.88864.1	256	431
PB.157540.1	ENST00000330817.11	256	431
PB.53059.1	ENST00000404488.7	0	1411
PB.53059.1	ENST00000328268.9	256	1117
PB.137419.1	PB.164651.1	0	1638
PB.137419.1	PB.130954.1	256	1235
PB.68350.1	ENST00000328268.9	0	1287
PB.68350.1	ENST00000404488.7	256	1114
PB.68350.1	ENST00000403427.3	256	1025
PB.68350.1	ENST00000407217.7	256	1001
PB.68350.1	PB.75819.2	256	1084
PB.68350.1	PB.164651.1	256	854
PB.60746.1	ENST00000328268.9	0	1188
PB.60746.1	ENST00000404488.7	256	1015
PB.60746.1	PB.164651.1	256	110
PB.60746.1	ENST00000403427.3	256	939
PB.60746.1	ENST00000407217.7	256	915
PB.60746.1	PB.75819.2	256	997
PB.60746.2	ENST00000328268.9	0	1259
PB.60746.2	ENST00000404488.7	256	1087
PB.60746.2	PB.164651.1	256	180
PB.60746.2	ENST00000403427.3	256	1033
PB.60746.2	ENST00000407217.7	256	983
PB.60746.2	PB.75819.2	256	1067
PB.60746.3	ENST00000404488.7	0	1517
PB.60746.3	ENST00000328268.9	256	1206
PB.53060.1	PB.37985.1	0	1630
PB.53060.1	ENST00000360612.5	256	1627
PB.53060.1	PB.23128.2	256	1526
PB.53060.1	PB.68351.1	256	1421
PB.53060.1	PB.143937.1	256	1310
PB.124866.1	ENST00000311597.10	0	3328
PB.124866.1	ENST00000395876.6	256	3258
PB.60748.1	PB.164653.1	0	1483
PB.60748.1	PB.157541.1	256	1299
PB.60748.1	PB.150631.2	256	1221
PB.60748.1	PB.164653.5	256	1420
PB.60748.1	PB.150631.1	256	988
PB.60748.1	PB.68352.4	256	1289
PB.157541.2	PB.157541.1	0	2474
PB.157541.2	PB.150631.1	256	2277
PB.157541.2	PB.164653.5	256	2185
PB.157541.2	PB.164653.1	256	2132
PB.157541.2	PB.150631.2	256	1870
PB.157541.2	ENST00000303434.8	256	2005
PB.164653.2	PB.164653.5	0	2307
PB.164653.2	PB.164653.1	256	2249
PB.164653.2	PB.157541.1	256	2091
PB.164653.2	PB.150631.1	256	1897
PB.164653.2	PB.150631.2	256	1989
PB.164653.2	ENST00000303434.8	256	2124
PB.15829.2	ENST00000380909.9	0	2176
PB.15829.2	PB.164653.3	256	2124
PB.15829.2	PB.164653.1	256	2071
PB.15829.2	ENST00000303434.8	256	2121
PB.15829.2	PB.150631.2	256	1811
PB.15829.2	PB.164653.5	256	2015
PB.68352.2	PB.164653.5	0	1433
PB.68352.2	PB.164653.1	256	1360
PB.68352.2	PB.150631.1	256	992
PB.68352.2	PB.157541.1	256	1176
PB.68352.2	PB.150631.2	256	1100
PB.68352.2	ENST00000303434.8	256	1250
PB.68352.3	ENST00000303434.8	0	1288
PB.68352.3	PB.164653.3	256	1288
PB.68352.3	PB.68352.4	256	1288
PB.68352.3	ENST00000380909.9	256	1288
PB.68352.3	PB.164653.1	256	1183
PB.68352.3	PB.164653.5	256	1183
PB.164653.4	PB.164653.3	0	2255
PB.164653.4	ENST00000303434.8	256	2253
PB.164653.4	PB.164653.5	256	2147
PB.164653.4	ENST00000380909.9	256	2239
PB.164653.4	PB.164653.1	256	2134
PB.164653.4	PB.150631.2	256	1874
PB.164653.6	PB.164653.5	0	2367
PB.164653.6	PB.164653.1	256	2291
PB.164653.6	PB.150631.1	256	1923
PB.164653.6	PB.157541.1	256	2107
PB.164653.6	PB.150631.2	256	2031
PB.164653.6	ENST00000303434.8	256	2183
PB.15829.3	ENST00000303434.8	0	2244
PB.15829.3	PB.164653.3	256	2239
PB.15829.3	PB.164653.5	256	2133
PB.15829.3	ENST00000380909.9	256	2165
PB.15829.3	PB.164653.1	256	2063
PB.15829.3	PB.157541.1	256	1905
PB.15829.4	PB.164653.5	0	2251
PB.15829.4	PB.164653.1	256	2251
PB.15829.4	PB.157541.1	256	2067
PB.15829.4	PB.150631.2	256	1991
PB.15829.4	PB.150631.1	256	1807
PB.15829.4	ENST00000380909.9	256	2067
PB.53061.2	PB.150631.1	0	1536
PB.53061.2	PB.150631.2	256	1667
PB.53061.2	PB.164653.5	256	1226
PB.53061.2	PB.164653.1	256	1173
PB.53061.2	PB.157541.1	256	989
PB.60748.3	PB.164653.3	0	1323
PB.60748.3	ENST00000303434.8	256	1323
PB.60748.3	PB.164653.5	256	1218
PB.60748.3	ENST00000380909.9	256	1256
PB.60748.3	PB.164653.1	256	1151
PB.60748.3	PB.53061.1	256	1161
PB.164653.7	PB.164653.5	0	2317
PB.164653.7	PB.164653.1	256	2317
PB.164653.7	PB.157541.1	256	2133
PB.164653.7	PB.150631.2	256	2057
PB.164653.7	PB.150631.1	256	1873
PB.164653.7	ENST00000380909.9	256	2133
PB.30529.1	PB.164653.5	0	1938
PB.30529.1	PB.164653.1	256	1938
PB.30529.1	PB.157541.1	256	1754
PB.30529.1	PB.150631.2	256	1662
PB.30529.1	PB.150631.1	256	1478
PB.30529.1	PB.37986.2	256	1754
PB.68353.1	PB.45524.1	0	1359
PB.30530.1	ENST00000380903.7	0	1930
PB.30530.1	ENST00000611222.1	256	1915
PB.60749.1	ENST00000380903.7	0	1499
PB.60749.1	ENST00000611222.1	256	1484
PB.60749.1	PB.68354.1	256	1397
PB.60749.1	PB.75823.1	256	1302
PB.53062.1	ENST00000380903.7	0	1501
PB.53062.1	ENST00000611222.1	256	1485
PB.53062.1	PB.68354.1	256	1397
PB.53062.1	PB.75823.1	256	1302
PB.164654.1	PB.3876.3	0	2345
PB.164654.1	PB.3876.6	256	2372
PB.164654.1	PB.3876.1	256	1945
PB.164654.1	PB.3876.4	256	1972
PB.164654.1	PB.124867.1	256	1972
PB.164654.1	PB.3876.2	256	1972
PB.3876.7	PB.3876.1	0	5876
PB.3876.7	PB.3876.3	256	5644
PB.3876.7	PB.3876.5	256	5969
PB.3876.7	ENST00000248846.10	256	5968
PB.3876.7	PB.3876.2	256	5708
PB.3876.7	ENST00000439308.6	256	5831
PB.88865.1	PB.3876.4	0	3728
PB.164655.2	PB.157542.5	0	2030
PB.164655.2	PB.150632.2	256	2177
PB.164655.2	ENST00000216271.10	256	2175
PB.164655.2	PB.157542.1	256	2175
PB.164655.2	PB.150632.4	256	1989
PB.164655.2	PB.143938.4	256	1748
PB.164655.1	PB.150632.2	0	2301
PB.164655.1	ENST00000216271.10	256	2283
PB.164655.1	PB.157542.1	256	2274
PB.164655.1	ENST00000626012.2	256	2159
PB.164655.1	PB.157542.5	256	2165
PB.164655.1	PB.150632.4	256	2087
PB.164655.8	PB.150632.2	0	2116
PB.164655.8	ENST00000216271.10	256	2114
PB.164655.8	PB.157542.1	256	2114
PB.164655.8	PB.150632.4	256	1955
PB.164655.8	PB.143938.4	256	1740
PB.164655.8	PB.157542.5	256	2035
PB.150632.3	PB.143938.2	0	2438
PB.150632.3	PB.143938.4	256	2312
PB.150632.3	PB.150632.5	256	2241
PB.150632.3	PB.143938.1	256	2119
PB.150632.3	PB.157542.2	256	1988
PB.150632.3	PB.150632.4	256	1865
PB.15832.3	ENST00000626012.2	0	2089
PB.15832.3	PB.157542.5	256	1939
PB.15832.3	PB.150632.2	256	1966
PB.15832.3	PB.157542.1	256	1964
PB.15832.3	PB.157542.2	256	1902
PB.15832.3	ENST00000216271.10	256	1964
PB.164655.5	ENST00000626012.2	0	2194
PB.164655.5	PB.143938.2	256	1771
PB.164655.5	PB.150632.2	256	2054
PB.164655.5	PB.157542.2	256	1990
PB.164655.5	PB.157542.1	256	2052
PB.164655.5	ENST00000216271.10	256	2052
PB.23130.1	ENST00000626012.2	0	1923
PB.23130.1	PB.143938.2	256	1552
PB.23130.1	PB.157542.5	256	1860
PB.23130.1	PB.157542.2	256	1738
PB.23130.1	PB.150632.2	256	1776
PB.23130.1	ENST00000216271.10	256	1774
PB.164655.4	ENST00000216271.10	0	2358
PB.164655.4	PB.157542.1	256	2349
PB.164655.4	PB.150632.2	256	2284
PB.164655.4	PB.164655.6	256	2348
PB.164655.4	PB.150632.4	256	2161
PB.164655.4	PB.157542.5	256	2286
PB.164655.3	ENST00000216271.10	0	2087
PB.164655.3	PB.157542.1	256	2086
PB.164655.3	PB.157542.5	256	2084
PB.164655.3	PB.143938.4	256	1687
PB.164655.3	PB.150632.2	256	2087
PB.164655.3	PB.150632.4	256	1900
PB.15832.1	PB.157542.5	0	2086
PB.15832.1	ENST00000216271.10	256	2004
PB.15832.1	PB.157542.1	256	1995
PB.15832.1	PB.150632.2	256	1996
PB.15832.1	PB.150632.4	256	1835
PB.15832.1	PB.164655.6	256	1953
PB.157542.3	PB.150632.2	0	2472
PB.157542.3	ENST00000626012.2	256	2444
PB.157542.3	ENST00000216271.10	256	2490
PB.157542.3	PB.157542.1	256	2481
PB.157542.3	PB.150632.4	256	2293
PB.157542.3	PB.157542.5	256	2373
PB.164655.7	ENST00000626012.2	0	2072
PB.164655.7	PB.150632.2	256	2279
PB.164655.7	ENST00000216271.10	256	2272
PB.164655.7	PB.157542.1	256	2272
PB.164655.7	PB.150632.4	256	2087
PB.164655.7	PB.157542.5	256	2126
PB.137421.1	PB.143938.4	0	2481
PB.137421.1	PB.143938.1	256	2319
PB.137421.1	PB.143938.2	256	2293
PB.137421.1	PB.150632.5	256	2084
PB.137421.1	PB.150632.2	256	1712
PB.137421.1	PB.150632.4	256	2028
PB.157542.6	PB.157542.1	0	2448
PB.157542.6	ENST00000216271.10	256	2448
PB.157542.6	PB.150632.2	256	2354
PB.157542.6	PB.150632.4	256	2263
PB.157542.6	PB.143938.4	256	2023
PB.157542.6	PB.157542.5	256	2302
PB.164655.9	ENST00000626012.2	0	2244
PB.164655.9	ENST00000216271.10	256	2147
PB.164655.9	PB.157542.1	256	2138
PB.164655.9	PB.157542.2	256	2059
PB.164655.9	PB.150632.2	256	2053
PB.164655.9	PB.150632.4	256	1950
PB.15832.5	ENST00000626012.2	0	1954
PB.15832.5	PB.157542.2	256	1767
PB.15832.5	ENST00000216271.10	256	1943
PB.15832.5	PB.157542.1	256	1943
PB.15832.5	PB.150632.2	256	1943
PB.15832.5	PB.150632.4	256	1758
PB.150632.6	PB.143938.1	0	2583
PB.150632.6	PB.143938.4	256	2450
PB.150632.6	PB.150632.5	256	2356
PB.150632.6	PB.143938.2	256	2252
PB.150632.6	PB.157542.2	256	1785
PB.150632.6	PB.150632.4	256	1996
PB.143938.3	PB.143938.4	0	2646
PB.143938.3	PB.143938.1	256	2472
PB.143938.3	PB.143938.2	256	2448
PB.143938.3	PB.150632.5	256	2245
PB.143938.3	PB.157542.2	256	1982
PB.143938.3	PB.150632.4	256	2192
PB.150632.7	PB.143938.2	0	2456
PB.150632.7	PB.143938.4	256	2332
PB.150632.7	PB.150632.5	256	2260
PB.150632.7	PB.143938.1	256	2137
PB.150632.7	PB.157542.2	256	2006
PB.150632.7	PB.150632.4	256	1883
PB.15832.6	ENST00000626012.2	0	1617
PB.15832.6	PB.157542.2	256	1442
PB.15832.6	ENST00000216271.10	256	1478
PB.15832.6	PB.157542.1	256	1469
PB.15832.6	PB.150632.2	256	1470
PB.15832.6	PB.157542.5	256	1486
PB.23130.2	PB.164655.6	0	1923
PB.23130.2	ENST00000626012.2	256	1870
PB.23130.2	PB.157542.5	256	1807
PB.23130.2	PB.150632.2	256	1723
PB.23130.2	ENST00000216271.10	256	1721
PB.23130.2	PB.157542.1	256	1721
PB.88866.1	PB.143938.1	0	276
PB.88866.1	PB.150632.5	256	389
PB.88866.1	PB.143938.2	256	387
PB.88866.1	PB.143938.4	256	383
PB.88866.1	PB.150632.4	256	-67
PB.45525.3	ENST00000215659.13	0	1325
PB.45525.3	ENST00000622558.4	256	1238
PB.45525.3	PB.60751.1	256	1289
PB.45525.3	PB.53063.3	256	1116
PB.45525.3	PB.53063.2	256	1060
PB.45525.3	ENST00000395780.5	256	1202
PB.53063.4	ENST00000215659.13	0	1585
PB.53063.4	ENST00000622558.4	256	1499
PB.53063.4	PB.60751.1	256	1478
PB.53063.4	PB.53063.3	256	1305
PB.53063.4	PB.53063.2	256	1249
PB.53063.4	ENST00000395780.5	256	1392
PB.53063.5	PB.130957.1	0	867
PB.53063.5	PB.23131.1	256	664
PB.53063.5	ENST00000395778.3	2048	348
PB.3877.4	ENST00000359337.9	0	4629
PB.3877.4	PB.8732.2	256	4629
PB.3877.4	PB.3877.1	256	4629
PB.3877.4	ENST00000449103.5	256	4629
PB.3877.4	PB.3877.6	256	4627
PB.3877.4	PB.8732.3	256	4050
PB.3877.5	ENST00000359337.9	0	6328
PB.3877.5	PB.3877.1	256	6318
PB.3877.5	ENST00000449103.5	256	6286
PB.3877.5	PB.3877.6	256	6254
PB.68356.1	PB.45527.1	0	1182
PB.83268.2	ENST00000413817.8	0	936
PB.83268.2	PB.45527.1	256	800
PB.37988.1	ENST00000413817.8	0	1828
PB.23133.1	ENST00000413817.8	0	1782
PB.124869.1	PB.124869.4	0	3172
PB.124869.1	ENST00000612753.5	256	3172
PB.124869.1	PB.130960.4	256	2984
PB.124869.1	ENST00000395744.7	256	2968
PB.124869.1	PB.124869.2	256	3040
PB.124869.1	ENST00000216061.9	256	2992
PB.130960.1	PB.124869.4	0	3269
PB.130960.1	ENST00000612753.5	256	3264
PB.130960.1	PB.124869.2	256	3133
PB.130960.1	ENST00000395741.7	256	3079
PB.130960.1	PB.130960.4	256	3076
PB.130960.1	ENST00000359139.7	256	3067
PB.137423.1	PB.130960.4	0	2692
PB.137423.1	PB.124869.4	256	2602
PB.137423.1	ENST00000395744.7	256	2676
PB.137423.1	ENST00000359139.7	256	2696
PB.137423.1	ENST00000395741.7	256	2681
PB.137423.1	PB.124869.2	256	2564
PB.124869.3	PB.124869.2	0	3264
PB.124869.3	PB.130960.5	256	3326
PB.124869.3	PB.130960.4	256	3111
PB.124869.3	PB.124869.4	256	3009
PB.124869.3	ENST00000395741.7	256	3087
PB.124869.3	ENST00000359139.7	256	3089
PB.130960.2	PB.124869.4	0	3323
PB.130960.2	ENST00000612753.5	256	3318
PB.130960.2	PB.130960.4	256	3130
PB.130960.2	ENST00000395741.7	256	3106
PB.130960.2	ENST00000359139.7	256	3106
PB.130960.2	PB.124869.2	256	3204
PB.88868.3	PB.130960.4	0	2829
PB.88868.3	ENST00000395741.7	256	2805
PB.88868.3	ENST00000359139.7	256	2805
PB.88868.3	PB.124869.4	256	2806
PB.88868.3	ENST00000612753.5	256	2801
PB.88868.3	PB.124869.2	256	2655
PB.130960.3	PB.124869.4	0	3117
PB.130960.3	ENST00000612753.5	256	3112
PB.130960.3	PB.124869.2	256	2965
PB.130960.3	ENST00000395741.7	256	2917
PB.130960.3	PB.130960.4	256	2924
PB.130960.3	ENST00000359139.7	256	2899
PB.83269.1	PB.124869.4	0	600
PB.83269.1	ENST00000359139.7	256	600
PB.83269.1	ENST00000395741.7	256	600
PB.83269.1	PB.130960.4	256	598
PB.83269.1	ENST00000612753.5	256	598
PB.83269.1	ENST00000395744.7	256	594
PB.157544.1	ENST00000359139.7	0	1498
PB.157544.1	PB.124869.4	256	1498
PB.157544.1	PB.130960.4	256	1496
PB.157544.1	ENST00000612753.5	256	1496
PB.157544.1	ENST00000395744.7	256	1492
PB.157544.1	ENST00000395741.7	256	1486
PB.137423.2	PB.130960.4	0	3013
PB.137423.2	ENST00000395744.7	256	2997
PB.137423.2	PB.124869.4	256	2906
PB.137423.2	ENST00000612753.5	256	2906
PB.137423.2	ENST00000395741.7	256	2985
PB.137423.2	ENST00000359139.7	256	2983
PB.8733.2	PB.124869.4	0	2324
PB.8733.2	ENST00000612753.5	256	2324
PB.8733.2	PB.124869.2	256	2172
PB.8733.2	PB.130960.4	256	2188
PB.8733.2	ENST00000395744.7	256	2185
PB.8733.2	ENST00000395741.7	256	2192
PB.137423.4	ENST00000612753.5	0	3041
PB.137423.4	PB.124869.4	256	3041
PB.137423.4	PB.124869.2	256	3040
PB.137423.4	ENST00000216061.9	256	2992
PB.137423.4	PB.130960.4	256	2853
PB.137423.4	ENST00000395744.7	256	2837
PB.150634.1	ENST00000612753.5	0	2600
PB.150634.1	PB.124869.2	256	2600
PB.150634.1	PB.124869.4	256	2600
PB.150634.1	ENST00000216061.9	256	2553
PB.150634.1	PB.157544.2	256	2492
PB.150634.1	PB.130960.4	256	2412
PB.143940.1	PB.130960.4	0	2955
PB.143940.1	ENST00000395744.7	256	2944
PB.143940.1	PB.130960.5	256	2938
PB.143940.1	ENST00000612753.5	256	2848
PB.143940.1	ENST00000395741.7	256	2932
PB.143940.1	ENST00000359139.7	256	2925
PB.124870.2	PB.8734.1	0	3495
PB.124870.2	PB.124870.1	256	3495
PB.124870.2	PB.88869.1	256	3495
PB.124870.2	PB.3878.1	256	3495
PB.124870.2	ENST00000380817.8	256	3495
PB.124870.2	PB.124870.3	256	3312
PB.157546.1	ENST00000216080.5	0	2408
PB.157546.1	ENST00000474879.7	256	2302
PB.157546.1	PB.130963.6	256	2215
PB.157546.1	PB.130963.4	256	2144
PB.157546.1	PB.130963.9	256	2249
PB.157546.1	PB.130963.2	256	2114
PB.164658.1	ENST00000474879.7	0	2316
PB.164658.1	ENST00000216080.5	256	2196
PB.164658.1	PB.130963.9	256	2122
PB.164658.1	PB.130963.6	256	2065
PB.164658.1	PB.130963.2	256	1990
PB.164658.1	PB.130963.4	256	1968
PB.137425.1	PB.130963.4	0	2975
PB.137425.1	PB.130963.6	256	3040
PB.137425.1	PB.130963.1	256	2946
PB.137425.1	PB.130963.2	256	2945
PB.137425.1	PB.124871.2	256	2812
PB.137425.1	PB.124871.1	256	2714
PB.137425.2	PB.130963.2	0	2930
PB.137425.2	PB.130963.6	256	2998
PB.137425.2	PB.130963.4	256	2908
PB.137425.2	PB.130963.1	256	2905
PB.137425.2	PB.124871.3	256	2696
PB.137425.2	PB.124871.2	256	2745
PB.157546.3	PB.130963.6	0	2148
PB.157546.3	PB.130963.2	256	2073
PB.157546.3	PB.130963.4	256	2077
PB.157546.3	ENST00000474879.7	256	2023
PB.157546.3	PB.130963.1	256	2048
PB.157546.3	PB.124871.2	256	1914
PB.157546.2	ENST00000474879.7	0	2491
PB.157546.2	PB.130963.2	256	2417
PB.157546.2	PB.124871.3	256	2157
PB.157546.2	ENST00000216080.5	256	2372
PB.157546.2	PB.130963.6	256	2241
PB.157546.2	PB.130963.9	256	2275
PB.15836.2	ENST00000474879.7	0	2221
PB.15836.2	ENST00000216080.5	256	2219
PB.15836.2	PB.164658.3	256	2121
PB.15836.2	PB.130963.6	256	2088
PB.15836.2	PB.130963.9	256	2122
PB.15836.2	PB.130963.4	256	1991
PB.130963.3	PB.124871.3	0	2981
PB.130963.3	PB.130963.2	256	2985
PB.130963.3	PB.130963.6	256	2799
PB.130963.3	PB.130963.4	256	2712
PB.130963.3	PB.130963.1	256	2706
PB.130963.3	PB.130963.9	256	2726
PB.143941.2	PB.124871.3	0	2559
PB.143941.2	PB.130963.2	256	2563
PB.143941.2	PB.130963.6	256	2387
PB.143941.2	ENST00000474879.7	256	2265
PB.143941.2	PB.130963.1	256	2287
PB.143941.2	PB.130963.4	256	2290
PB.150637.3	PB.130963.6	0	2582
PB.150637.3	ENST00000474879.7	256	2460
PB.150637.3	PB.130963.4	256	2485
PB.150637.3	PB.130963.1	256	2482
PB.150637.3	PB.130963.2	256	2481
PB.150637.3	PB.124871.2	256	2322
PB.164658.4	ENST00000474879.7	0	2120
PB.164658.4	ENST00000216080.5	256	2011
PB.164658.4	PB.130963.6	256	1880
PB.164658.4	PB.130963.9	256	1914
PB.164658.4	PB.130963.2	256	1779
PB.164658.4	PB.130963.4	256	1839
PB.130963.8	PB.130963.6	0	3152
PB.130963.8	PB.130963.4	256	3065
PB.130963.8	PB.130963.2	256	3061
PB.130963.8	PB.124871.2	256	2932
PB.130963.8	PB.130963.1	256	3059
PB.130963.8	PB.124871.1	256	2829
PB.157546.4	ENST00000474879.7	0	2397
PB.157546.4	ENST00000216080.5	256	2277
PB.157546.4	PB.130963.6	256	2146
PB.157546.4	PB.130963.4	256	2075
PB.157546.4	PB.130963.9	256	2180
PB.157546.4	PB.130963.2	256	2045
PB.130963.5	PB.124871.3	0	2963
PB.130963.5	PB.130963.6	256	3058
PB.130963.5	PB.130963.4	256	2971
PB.130963.5	PB.130963.2	256	2967
PB.130963.5	PB.130963.1	256	2965
PB.130963.5	PB.130963.9	256	2995
PB.130963.7	PB.130963.6	0	3179
PB.130963.7	PB.130963.2	256	3088
PB.130963.7	PB.130963.4	256	3092
PB.130963.7	PB.130963.1	256	3086
PB.130963.7	PB.124871.2	256	2933
PB.130963.7	PB.124871.3	256	2851
PB.150637.1	PB.130963.2	0	2657
PB.150637.1	PB.124871.3	256	2397
PB.150637.1	PB.130963.6	256	2481
PB.150637.1	ENST00000474879.7	256	2359
PB.150637.1	PB.130963.4	256	2384
PB.150637.1	PB.130963.1	256	2381
PB.23137.1	ENST00000474879.7	0	1972
PB.23137.1	PB.30538.1	256	1972
PB.23137.1	ENST00000216080.5	256	1970
PB.23137.1	PB.130963.4	256	1841
PB.23137.1	PB.130963.6	256	1839
PB.23137.1	PB.15836.1	256	1839
PB.150637.2	ENST00000216080.5	0	2604
PB.150637.2	ENST00000474879.7	256	2498
PB.150637.2	PB.130963.6	256	2411
PB.150637.2	PB.130963.9	256	2445
PB.150637.2	PB.130963.2	256	2310
PB.150637.2	PB.130963.4	256	2314
PB.137425.3	PB.130963.2	0	2735
PB.137425.3	PB.130963.6	256	2803
PB.137425.3	PB.130963.4	256	2713
PB.137425.3	PB.130963.1	256	2710
PB.137425.3	PB.124871.3	256	2502
PB.137425.3	PB.124871.2	256	2551
PB.68359.2	PB.37992.1	0	1445
PB.68359.2	PB.45529.1	256	1445
PB.68359.2	PB.60753.1	256	1445
PB.68359.2	ENST00000216080.5	256	1445
PB.68359.2	PB.30538.1	256	1445
PB.68359.2	PB.130963.9	256	1442
PB.157546.5	ENST00000474879.7	0	2533
PB.157546.5	ENST00000216080.5	256	2416
PB.157546.5	PB.130963.6	256	2306
PB.157546.5	PB.130963.4	256	2209
PB.157546.5	PB.130963.1	256	2206
PB.157546.5	PB.130963.9	256	2319
PB.157546.6	PB.130963.6	0	2306
PB.157546.6	PB.130963.2	256	2231
PB.157546.6	ENST00000474879.7	256	2184
PB.157546.6	PB.130963.1	256	2206
PB.157546.6	PB.130963.4	256	2209
PB.157546.6	PB.124871.2	256	2048
PB.137425.5	PB.130963.9	0	3014
PB.137425.5	PB.130963.6	256	2937
PB.137425.5	PB.130963.4	256	2850
PB.137425.5	PB.130963.2	256	2846
PB.137425.5	PB.130963.1	256	2844
PB.137425.5	PB.124871.2	256	2693
PB.150637.6	PB.130963.9	0	2304
PB.150637.6	PB.130963.4	256	2155
PB.150637.6	PB.130963.6	256	2223
PB.150637.6	PB.124871.2	256	2007
PB.150637.6	PB.130963.2	256	2125
PB.150637.6	PB.130963.1	256	2123
PB.164658.5	PB.130963.6	0	2326
PB.164658.5	PB.130963.4	256	2229
PB.164658.5	PB.130963.1	256	2226
PB.164658.5	PB.130963.2	256	2225
PB.164658.5	PB.124871.2	256	2197
PB.164658.5	PB.157546.8	256	2131
PB.164658.6	PB.130963.6	0	2146
PB.164658.6	PB.130963.2	256	2071
PB.164658.6	ENST00000474879.7	256	2024
PB.164658.6	PB.130963.4	256	2049
PB.164658.6	PB.130963.1	256	2046
PB.164658.6	PB.124871.2	256	1888
PB.137425.6	PB.130963.9	0	2844
PB.137425.6	PB.130963.4	256	2734
PB.137425.6	PB.130963.6	256	2795
PB.137425.6	PB.130963.2	256	2704
PB.137425.6	PB.124871.2	256	2573
PB.137425.6	PB.130963.1	256	2702
PB.23138.3	PB.15837.1	0	1852
PB.23138.3	PB.164659.1	256	1727
PB.23138.3	ENST00000420993.7	256	1900
PB.23138.3	PB.23138.1	256	1805
PB.23138.3	ENST00000299821.15	256	1879
PB.23138.3	PB.130964.2	256	1760
PB.8736.1	PB.8736.2	0	3812
PB.8736.1	PB.88871.1	256	2896
PB.8736.1	PB.124872.1	256	2770
PB.30539.1	ENST00000395701.7	0	2044
PB.30539.1	ENST00000420993.7	256	1900
PB.30539.1	PB.23138.1	256	1789
PB.30539.1	PB.15837.1	256	1557
PB.30539.1	PB.130964.2	256	1762
PB.30539.1	ENST00000299821.15	256	1854
PB.124872.2	PB.88871.1	0	3529
PB.124872.2	PB.124872.1	256	3403
PB.124872.2	PB.8736.2	256	2876
PB.37993.1	ENST00000420993.7	0	1804
PB.37993.1	PB.130964.2	256	1668
PB.37993.1	PB.15837.1	256	1451
PB.37993.1	PB.23138.1	256	1681
PB.37993.1	ENST00000395701.7	256	1685
PB.37993.1	ENST00000299821.15	256	1751
PB.130964.3	ENST00000420993.7	0	3234
PB.130964.3	PB.130964.2	256	3106
PB.53068.1	PB.83272.1	0	1125
PB.53068.1	ENST00000395693.8	256	981
PB.53068.1	ENST00000252785.3	256	906
PB.53068.1	PB.83272.3	256	855
PB.53068.1	ENST00000535425.5	256	855
PB.53068.1	ENST00000543927.6	256	853
PB.53068.1	ENST00000395680.6	2048	516
PB.68362.1	PB.53068.2	0	1282
PB.68362.1	ENST00000252029.8	256	1279
PB.68362.1	ENST00000395681.6	256	1278
PB.68362.1	ENST00000395678.7	256	1258
PB.68362.1	ENST00000395680.6	256	1218
PB.68362.1	PB.45531.1	256	1174
PB.37994.2	PB.53068.2	0	1255
PB.37994.2	ENST00000252029.8	256	1252
PB.37994.2	ENST00000395678.7	256	1225
PB.37994.2	ENST00000395681.6	256	1216
PB.37994.2	ENST00000395680.6	256	1191
PB.37994.2	PB.45531.1	256	1147
PB.30541.2	ENST00000395678.7	0	367
PB.30541.2	ENST00000395680.6	256	318
PB.30541.2	ENST00000252029.8	256	325
PB.30541.2	ENST00000395681.6	256	325
PB.30541.2	PB.53068.2	256	325
PB.30541.2	PB.45531.1	256	261
PB.45531.2	PB.53068.2	0	541
PB.45531.2	ENST00000252029.8	256	538
PB.45531.2	ENST00000395681.6	256	538
PB.45531.2	ENST00000395678.7	256	517
PB.45531.2	ENST00000395680.6	256	477
PB.45531.2	PB.45531.1	256	433
PB.23139.1	PB.45531.1	0	552
PB.23139.1	ENST00000487577.5	256	523
PB.68363.1	PB.60755.1	0	1145
PB.30543.1	ENST00000405237.7	0	1783
PB.30543.1	ENST00000312108.12	256	1783
PB.30543.1	PB.37995.1	256	1743
PB.30543.1	ENST00000453634.5	256	1626
PB.30543.1	ENST00000395650.6	256	1563
PB.30543.1	ENST00000457250.5	256	1561
PB.15839.1	PB.37995.1	0	1753
PB.15839.1	ENST00000453634.5	256	1794
PB.15839.1	ENST00000312108.12	256	1910
PB.15839.1	ENST00000405237.7	256	1910
PB.15839.1	ENST00000395650.6	256	1964
PB.15839.1	ENST00000360719.6	256	1839
PB.8737.1	ENST00000453634.5	0	2261
PB.8737.1	ENST00000395650.6	256	2186
PB.8737.1	ENST00000405237.7	256	1936
PB.8737.1	ENST00000312108.12	256	1934
PB.8737.1	ENST00000360719.6	256	1913
PB.8737.1	ENST00000457250.5	256	1709
PB.8737.1	PB.60757.1	2048	1271
PB.68364.1	ENST00000406938.3	0	1391
PB.68364.1	PB.60757.1	256	1391
PB.53070.1	ENST00000406938.3	0	165
PB.53070.1	PB.60757.1	256	165
PB.83274.1	PB.60757.1	0	524
PB.83274.1	ENST00000406938.3	256	515
PB.75828.1	ENST00000656328.1	0	737
PB.37996.3	ENST00000216124.10	0	1929
PB.37996.3	PB.23140.2	256	1815
PB.37996.3	PB.23140.3	256	1790
PB.37996.3	PB.23140.1	256	1691
PB.37996.3	PB.15840.1	256	1577
PB.37996.3	ENST00000395621.7	256	1693
PB.45533.2	ENST00000356098.9	0	1707
PB.45533.2	ENST00000395621.7	256	1633
PB.45533.2	ENST00000216124.10	256	1527
PB.45533.2	PB.30544.2	256	1495
PB.45533.2	PB.23140.3	256	1396
PB.45533.2	PB.23140.2	256	1387
PB.45533.3	PB.45533.4	0	1737
PB.45533.3	ENST00000216124.10	256	1519
PB.45533.3	PB.23140.1	256	1333
PB.45533.3	PB.23140.3	256	1395
PB.45533.3	PB.23140.2	256	1379
PB.45533.3	PB.15840.1	256	1186
PB.30544.3	ENST00000216124.10	0	1959
PB.30544.3	PB.23140.2	256	1839
PB.30544.3	PB.23140.1	256	1749
PB.30544.3	PB.23140.3	256	1809
PB.30544.3	PB.15840.1	256	1598
PB.30544.3	ENST00000395621.7	256	1726
PB.37996.2	ENST00000216124.10	0	1867
PB.37996.2	PB.23140.3	256	1743
PB.37996.2	PB.23140.2	256	1747
PB.37996.2	PB.23140.1	256	1659
PB.37996.2	PB.15840.1	256	1508
PB.37996.2	ENST00000395621.7	256	1634
PB.60758.1	ENST00000453344.6	0	1533
PB.60758.1	PB.53071.1	256	1529
PB.60758.1	ENST00000395621.7	256	1424
PB.60758.1	ENST00000356098.9	256	1424
PB.60758.1	ENST00000216124.10	256	1424
PB.60758.1	ENST00000395619.3	256	1420
PB.143942.1	PB.124873.1	0	2275
PB.143942.1	PB.157547.1	256	2024
PB.143942.1	PB.164660.1	256	1892
PB.23143.1	PB.23143.3	0	2106
PB.23143.1	ENST00000395598.7	256	2115
PB.23143.1	ENST00000354869.7	256	2080
PB.23143.1	PB.157547.1	256	1976
PB.23143.1	PB.164660.1	256	1976
PB.23143.1	ENST00000395593.7	256	1986
PB.150638.1	PB.124873.1	0	2375
PB.150638.1	PB.164660.1	256	2023
PB.150638.1	ENST00000395595.8	256	2020
PB.150638.1	PB.157547.1	256	1890
PB.150638.1	PB.23143.2	256	1703
PB.150638.1	PB.130966.1	256	1645
PB.164660.2	PB.164660.1	0	2304
PB.164660.2	ENST00000395595.8	256	2304
PB.164660.2	PB.157547.1	256	2169
PB.164660.2	ENST00000395593.7	256	2044
PB.164660.2	PB.130966.1	256	1946
PB.164660.2	PB.124873.1	256	1577
PB.130966.2	PB.130966.1	0	3042
PB.130966.2	PB.124873.1	256	2690
PB.157547.2	PB.130966.1	0	1857
PB.157547.2	PB.124873.1	256	1479
PB.157547.2	PB.157547.1	256	2336
PB.157547.2	PB.164660.1	256	2220
PB.157547.2	ENST00000395595.8	256	2220
PB.157547.2	PB.23143.2	256	2038
PB.137426.1	PB.130966.1	0	1458
PB.137426.1	PB.124873.1	256	1458
PB.96227.1	ENST00000480246.1	0	698
PB.137427.1	ENST00000480246.1	0	2855
